product,source,source_sha256,element,meaning,conditions_scope,consumer_decision,current_representation,owner,destination,disposition,exact_reference,positive_evidence,negative_evidence,status
Mongoeco,src/mongoeco/cxp/exchange/data/operational-metadata.json,93bdef63c0fdf46015b81e9a3b95d6879217bb31d02bb37d2a12bbfd52200d6f,/aggregation/async,typed or bound owner claim at /aggregation/async,capability=aggregation; operation=none,Mongoeco exchange requirements and public profile evaluation,operational-metadata.json#/aggregation/async,Mongoeco,org.mongoeco:mongodb@1.1.0 /aggregation/async,exchange_exact,org.mongoeco:mongodb@1.1.0 /aggregation/async; owner sha256:93bdef63c0fdf46015b81e9a3b95d6879217bb31d02bb37d2a12bbfd52200d6f#/aggregation/async,tests/unit/test_cxp_exchange_catalog.py: owner-source equality and compatible cases,"tests/unit/test_cxp_exchange_catalog.py: mismatch, omission and invalid-shape cases",source and pin verified; downstream consumer adoption pending
Mongoeco,src/mongoeco/cxp/exchange/data/operational-metadata.json,93bdef63c0fdf46015b81e9a3b95d6879217bb31d02bb37d2a12bbfd52200d6f,/aggregation/embedded,typed or bound owner claim at /aggregation/embedded,capability=aggregation; operation=none,Mongoeco exchange requirements and public profile evaluation,operational-metadata.json#/aggregation/embedded,Mongoeco,org.mongoeco:mongodb@1.1.0 /aggregation/embedded,exchange_exact,org.mongoeco:mongodb@1.1.0 /aggregation/embedded; owner sha256:93bdef63c0fdf46015b81e9a3b95d6879217bb31d02bb37d2a12bbfd52200d6f#/aggregation/embedded,tests/unit/test_cxp_exchange_catalog.py: owner-source equality and compatible cases,"tests/unit/test_cxp_exchange_catalog.py: mismatch, omission and invalid-shape cases",source and pin verified; downstream consumer adoption pending
Mongoeco,src/mongoeco/cxp/exchange/data/operational-metadata.json,93bdef63c0fdf46015b81e9a3b95d6879217bb31d02bb37d2a12bbfd52200d6f,/aggregation/explainable,typed or bound owner claim at /aggregation/explainable,capability=aggregation; operation=none,Mongoeco exchange requirements and public profile evaluation,operational-metadata.json#/aggregation/explainable,Mongoeco,org.mongoeco:mongodb@1.1.0 /aggregation/explainable,exchange_exact,org.mongoeco:mongodb@1.1.0 /aggregation/explainable; owner sha256:93bdef63c0fdf46015b81e9a3b95d6879217bb31d02bb37d2a12bbfd52200d6f#/aggregation/explainable,tests/unit/test_cxp_exchange_catalog.py: owner-source equality and compatible cases,"tests/unit/test_cxp_exchange_catalog.py: mismatch, omission and invalid-shape cases",source and pin verified; downstream consumer adoption pending
Mongoeco,src/mongoeco/cxp/exchange/data/operational-metadata.json,93bdef63c0fdf46015b81e9a3b95d6879217bb31d02bb37d2a12bbfd52200d6f,/aggregation/operationMetadata/aggregate/acceptedNoopOptions,typed or bound owner claim at /aggregation/operationMetadata/aggregate/acceptedNoopOptions,capability=aggregation; operation=aggregate,Mongoeco exchange requirements and public profile evaluation,operational-metadata.json#/aggregation/operationMetadata/aggregate/acceptedNoopOptions,Mongoeco,org.mongoeco:mongodb@1.1.0 /aggregation/aggregate.acceptedNoopOptions,exchange_exact,org.mongoeco:mongodb@1.1.0 /aggregation/aggregate.acceptedNoopOptions; owner sha256:93bdef63c0fdf46015b81e9a3b95d6879217bb31d02bb37d2a12bbfd52200d6f#/aggregation/operationMetadata/aggregate/acceptedNoopOptions,tests/unit/test_cxp_exchange_catalog.py: owner-source equality and compatible cases,"tests/unit/test_cxp_exchange_catalog.py: mismatch, omission and invalid-shape cases",source and pin verified; downstream consumer adoption pending
Mongoeco,src/mongoeco/cxp/exchange/data/operational-metadata.json,93bdef63c0fdf46015b81e9a3b95d6879217bb31d02bb37d2a12bbfd52200d6f,/aggregation/operationMetadata/aggregate/acceptsPipeline,typed or bound owner claim at /aggregation/operationMetadata/aggregate/acceptsPipeline,capability=aggregation; operation=aggregate,Mongoeco exchange requirements and public profile evaluation,operational-metadata.json#/aggregation/operationMetadata/aggregate/acceptsPipeline,Mongoeco,org.mongoeco:mongodb@1.1.0 /aggregation/aggregate.acceptsPipeline,exchange_exact,org.mongoeco:mongodb@1.1.0 /aggregation/aggregate.acceptsPipeline; owner sha256:93bdef63c0fdf46015b81e9a3b95d6879217bb31d02bb37d2a12bbfd52200d6f#/aggregation/operationMetadata/aggregate/acceptsPipeline,tests/unit/test_cxp_exchange_catalog.py: owner-source equality and compatible cases,"tests/unit/test_cxp_exchange_catalog.py: mismatch, omission and invalid-shape cases",source and pin verified; downstream consumer adoption pending
Mongoeco,src/mongoeco/cxp/exchange/data/operational-metadata.json,93bdef63c0fdf46015b81e9a3b95d6879217bb31d02bb37d2a12bbfd52200d6f,/aggregation/operationMetadata/aggregate/resultType,typed or bound owner claim at /aggregation/operationMetadata/aggregate/resultType,capability=aggregation; operation=aggregate,Mongoeco exchange requirements and public profile evaluation,operational-metadata.json#/aggregation/operationMetadata/aggregate/resultType,Mongoeco,org.mongoeco:result.cursor:1,exchange_exact,org.mongoeco:result.cursor:1; owner sha256:93bdef63c0fdf46015b81e9a3b95d6879217bb31d02bb37d2a12bbfd52200d6f#/aggregation/operationMetadata/aggregate/resultType,tests/unit/test_cxp_exchange_catalog.py: owner-source equality and compatible cases,"tests/unit/test_cxp_exchange_catalog.py: mismatch, omission and invalid-shape cases",source and pin verified; downstream consumer adoption pending
Mongoeco,src/mongoeco/cxp/exchange/data/operational-metadata.json,93bdef63c0fdf46015b81e9a3b95d6879217bb31d02bb37d2a12bbfd52200d6f,/aggregation/operationMetadata/aggregate/supportedExpressionOperators,typed or bound owner claim at /aggregation/operationMetadata/aggregate/supportedExpressionOperators,capability=aggregation; operation=aggregate,Mongoeco exchange requirements and public profile evaluation,operational-metadata.json#/aggregation/operationMetadata/aggregate/supportedExpressionOperators,Mongoeco,org.mongoeco:mongodb@1.1.0 /aggregation/aggregate.supportedExpressionOperators,exchange_exact,org.mongoeco:mongodb@1.1.0 /aggregation/aggregate.supportedExpressionOperators; owner sha256:93bdef63c0fdf46015b81e9a3b95d6879217bb31d02bb37d2a12bbfd52200d6f#/aggregation/operationMetadata/aggregate/supportedExpressionOperators,tests/unit/test_cxp_exchange_catalog.py: owner-source equality and compatible cases,"tests/unit/test_cxp_exchange_catalog.py: mismatch, omission and invalid-shape cases",source and pin verified; downstream consumer adoption pending
Mongoeco,src/mongoeco/cxp/exchange/data/operational-metadata.json,93bdef63c0fdf46015b81e9a3b95d6879217bb31d02bb37d2a12bbfd52200d6f,/aggregation/operationMetadata/aggregate/supportedGroupAccumulators,typed or bound owner claim at /aggregation/operationMetadata/aggregate/supportedGroupAccumulators,capability=aggregation; operation=aggregate,Mongoeco exchange requirements and public profile evaluation,operational-metadata.json#/aggregation/operationMetadata/aggregate/supportedGroupAccumulators,Mongoeco,org.mongoeco:mongodb@1.1.0 /aggregation/aggregate.supportedGroupAccumulators,exchange_exact,org.mongoeco:mongodb@1.1.0 /aggregation/aggregate.supportedGroupAccumulators; owner sha256:93bdef63c0fdf46015b81e9a3b95d6879217bb31d02bb37d2a12bbfd52200d6f#/aggregation/operationMetadata/aggregate/supportedGroupAccumulators,tests/unit/test_cxp_exchange_catalog.py: owner-source equality and compatible cases,"tests/unit/test_cxp_exchange_catalog.py: mismatch, omission and invalid-shape cases",source and pin verified; downstream consumer adoption pending
Mongoeco,src/mongoeco/cxp/exchange/data/operational-metadata.json,93bdef63c0fdf46015b81e9a3b95d6879217bb31d02bb37d2a12bbfd52200d6f,/aggregation/operationMetadata/aggregate/supportedOptions,typed or bound owner claim at /aggregation/operationMetadata/aggregate/supportedOptions,capability=aggregation; operation=aggregate,Mongoeco exchange requirements and public profile evaluation,operational-metadata.json#/aggregation/operationMetadata/aggregate/supportedOptions,Mongoeco,org.mongoeco:mongodb@1.1.0 /aggregation/aggregate.supportedOptions,exchange_exact,org.mongoeco:mongodb@1.1.0 /aggregation/aggregate.supportedOptions; owner sha256:93bdef63c0fdf46015b81e9a3b95d6879217bb31d02bb37d2a12bbfd52200d6f#/aggregation/operationMetadata/aggregate/supportedOptions,tests/unit/test_cxp_exchange_catalog.py: owner-source equality and compatible cases,"tests/unit/test_cxp_exchange_catalog.py: mismatch, omission and invalid-shape cases",source and pin verified; downstream consumer adoption pending
Mongoeco,src/mongoeco/cxp/exchange/data/operational-metadata.json,93bdef63c0fdf46015b81e9a3b95d6879217bb31d02bb37d2a12bbfd52200d6f,/aggregation/operationMetadata/aggregate/supportedStages,typed or bound owner claim at /aggregation/operationMetadata/aggregate/supportedStages,capability=aggregation; operation=aggregate,Mongoeco exchange requirements and public profile evaluation,operational-metadata.json#/aggregation/operationMetadata/aggregate/supportedStages,Mongoeco,org.mongoeco:mongodb@1.1.0 /aggregation/aggregate.supportedStages,exchange_exact,org.mongoeco:mongodb@1.1.0 /aggregation/aggregate.supportedStages; owner sha256:93bdef63c0fdf46015b81e9a3b95d6879217bb31d02bb37d2a12bbfd52200d6f#/aggregation/operationMetadata/aggregate/supportedStages,tests/unit/test_cxp_exchange_catalog.py: owner-source equality and compatible cases,"tests/unit/test_cxp_exchange_catalog.py: mismatch, omission and invalid-shape cases",source and pin verified; downstream consumer adoption pending
Mongoeco,src/mongoeco/cxp/exchange/data/operational-metadata.json,93bdef63c0fdf46015b81e9a3b95d6879217bb31d02bb37d2a12bbfd52200d6f,/aggregation/operationMetadata/aggregate/supportedWindowAccumulators,typed or bound owner claim at /aggregation/operationMetadata/aggregate/supportedWindowAccumulators,capability=aggregation; operation=aggregate,Mongoeco exchange requirements and public profile evaluation,operational-metadata.json#/aggregation/operationMetadata/aggregate/supportedWindowAccumulators,Mongoeco,org.mongoeco:mongodb@1.1.0 /aggregation/aggregate.supportedWindowAccumulators,exchange_exact,org.mongoeco:mongodb@1.1.0 /aggregation/aggregate.supportedWindowAccumulators; owner sha256:93bdef63c0fdf46015b81e9a3b95d6879217bb31d02bb37d2a12bbfd52200d6f#/aggregation/operationMetadata/aggregate/supportedWindowAccumulators,tests/unit/test_cxp_exchange_catalog.py: owner-source equality and compatible cases,"tests/unit/test_cxp_exchange_catalog.py: mismatch, omission and invalid-shape cases",source and pin verified; downstream consumer adoption pending
Mongoeco,src/mongoeco/cxp/exchange/data/operational-metadata.json,93bdef63c0fdf46015b81e9a3b95d6879217bb31d02bb37d2a12bbfd52200d6f,/aggregation/operationMetadata/aggregate/supportsCollectionScope,typed or bound owner claim at /aggregation/operationMetadata/aggregate/supportsCollectionScope,capability=aggregation; operation=aggregate,Mongoeco exchange requirements and public profile evaluation,operational-metadata.json#/aggregation/operationMetadata/aggregate/supportsCollectionScope,Mongoeco,org.mongoeco:mongodb@1.1.0 /aggregation/aggregate.supportsCollectionScope,exchange_exact,org.mongoeco:mongodb@1.1.0 /aggregation/aggregate.supportsCollectionScope; owner sha256:93bdef63c0fdf46015b81e9a3b95d6879217bb31d02bb37d2a12bbfd52200d6f#/aggregation/operationMetadata/aggregate/supportsCollectionScope,tests/unit/test_cxp_exchange_catalog.py: owner-source equality and compatible cases,"tests/unit/test_cxp_exchange_catalog.py: mismatch, omission and invalid-shape cases",source and pin verified; downstream consumer adoption pending
Mongoeco,src/mongoeco/cxp/exchange/data/operational-metadata.json,93bdef63c0fdf46015b81e9a3b95d6879217bb31d02bb37d2a12bbfd52200d6f,/aggregation/operationMetadata/aggregate/supportsDatabaseScope,typed or bound owner claim at /aggregation/operationMetadata/aggregate/supportsDatabaseScope,capability=aggregation; operation=aggregate,Mongoeco exchange requirements and public profile evaluation,operational-metadata.json#/aggregation/operationMetadata/aggregate/supportsDatabaseScope,Mongoeco,org.mongoeco:mongodb@1.1.0 /aggregation/aggregate.supportsDatabaseScope,exchange_exact,org.mongoeco:mongodb@1.1.0 /aggregation/aggregate.supportsDatabaseScope; owner sha256:93bdef63c0fdf46015b81e9a3b95d6879217bb31d02bb37d2a12bbfd52200d6f#/aggregation/operationMetadata/aggregate/supportsDatabaseScope,tests/unit/test_cxp_exchange_catalog.py: owner-source equality and compatible cases,"tests/unit/test_cxp_exchange_catalog.py: mismatch, omission and invalid-shape cases",source and pin verified; downstream consumer adoption pending
Mongoeco,src/mongoeco/cxp/exchange/data/operational-metadata.json,93bdef63c0fdf46015b81e9a3b95d6879217bb31d02bb37d2a12bbfd52200d6f,/aggregation/operationMetadata/aggregate/supportsExplain,typed or bound owner claim at /aggregation/operationMetadata/aggregate/supportsExplain,capability=aggregation; operation=aggregate,Mongoeco exchange requirements and public profile evaluation,operational-metadata.json#/aggregation/operationMetadata/aggregate/supportsExplain,Mongoeco,org.mongoeco:mongodb@1.1.0 /aggregation/aggregate.supportsExplain,exchange_exact,org.mongoeco:mongodb@1.1.0 /aggregation/aggregate.supportsExplain; owner sha256:93bdef63c0fdf46015b81e9a3b95d6879217bb31d02bb37d2a12bbfd52200d6f#/aggregation/operationMetadata/aggregate/supportsExplain,tests/unit/test_cxp_exchange_catalog.py: owner-source equality and compatible cases,"tests/unit/test_cxp_exchange_catalog.py: mismatch, omission and invalid-shape cases",source and pin verified; downstream consumer adoption pending
Mongoeco,src/mongoeco/cxp/exchange/data/operational-metadata.json,93bdef63c0fdf46015b81e9a3b95d6879217bb31d02bb37d2a12bbfd52200d6f,/aggregation/operationMetadata/aggregate/supportsLeadingSearchStage,typed or bound owner claim at /aggregation/operationMetadata/aggregate/supportsLeadingSearchStage,capability=aggregation; operation=aggregate,Mongoeco exchange requirements and public profile evaluation,operational-metadata.json#/aggregation/operationMetadata/aggregate/supportsLeadingSearchStage,Mongoeco,org.mongoeco:mongodb@1.1.0 /aggregation/aggregate.supportsLeadingSearchStage,exchange_exact,org.mongoeco:mongodb@1.1.0 /aggregation/aggregate.supportsLeadingSearchStage; owner sha256:93bdef63c0fdf46015b81e9a3b95d6879217bb31d02bb37d2a12bbfd52200d6f#/aggregation/operationMetadata/aggregate/supportsLeadingSearchStage,tests/unit/test_cxp_exchange_catalog.py: owner-source equality and compatible cases,"tests/unit/test_cxp_exchange_catalog.py: mismatch, omission and invalid-shape cases",source and pin verified; downstream consumer adoption pending
Mongoeco,src/mongoeco/cxp/exchange/data/operational-metadata.json,93bdef63c0fdf46015b81e9a3b95d6879217bb31d02bb37d2a12bbfd52200d6f,/aggregation/operationMetadata/aggregate/supportsLeadingVectorSearchStage,typed or bound owner claim at /aggregation/operationMetadata/aggregate/supportsLeadingVectorSearchStage,capability=aggregation; operation=aggregate,Mongoeco exchange requirements and public profile evaluation,operational-metadata.json#/aggregation/operationMetadata/aggregate/supportsLeadingVectorSearchStage,Mongoeco,org.mongoeco:mongodb@1.1.0 /aggregation/aggregate.supportsLeadingVectorSearchStage,exchange_exact,org.mongoeco:mongodb@1.1.0 /aggregation/aggregate.supportsLeadingVectorSearchStage; owner sha256:93bdef63c0fdf46015b81e9a3b95d6879217bb31d02bb37d2a12bbfd52200d6f#/aggregation/operationMetadata/aggregate/supportsLeadingVectorSearchStage,tests/unit/test_cxp_exchange_catalog.py: owner-source equality and compatible cases,"tests/unit/test_cxp_exchange_catalog.py: mismatch, omission and invalid-shape cases",source and pin verified; downstream consumer adoption pending
Mongoeco,src/mongoeco/cxp/exchange/data/operational-metadata.json,93bdef63c0fdf46015b81e9a3b95d6879217bb31d02bb37d2a12bbfd52200d6f,/aggregation/operationMetadata/aggregate/supportsSession,typed or bound owner claim at /aggregation/operationMetadata/aggregate/supportsSession,capability=aggregation; operation=aggregate,Mongoeco exchange requirements and public profile evaluation,operational-metadata.json#/aggregation/operationMetadata/aggregate/supportsSession,Mongoeco,org.mongoeco:mongodb@1.1.0 /aggregation/aggregate.supportsSession,exchange_exact,org.mongoeco:mongodb@1.1.0 /aggregation/aggregate.supportsSession; owner sha256:93bdef63c0fdf46015b81e9a3b95d6879217bb31d02bb37d2a12bbfd52200d6f#/aggregation/operationMetadata/aggregate/supportsSession,tests/unit/test_cxp_exchange_catalog.py: owner-source equality and compatible cases,"tests/unit/test_cxp_exchange_catalog.py: mismatch, omission and invalid-shape cases",source and pin verified; downstream consumer adoption pending
Mongoeco,src/mongoeco/cxp/exchange/data/operational-metadata.json,93bdef63c0fdf46015b81e9a3b95d6879217bb31d02bb37d2a12bbfd52200d6f,/aggregation/operationMetadata/aggregate/unsupportedOptions,typed or bound owner claim at /aggregation/operationMetadata/aggregate/unsupportedOptions,capability=aggregation; operation=aggregate,Mongoeco exchange requirements and public profile evaluation,operational-metadata.json#/aggregation/operationMetadata/aggregate/unsupportedOptions,Mongoeco,org.mongoeco:mongodb@1.1.0 /aggregation/aggregate.unsupportedOptions,exchange_exact,org.mongoeco:mongodb@1.1.0 /aggregation/aggregate.unsupportedOptions; owner sha256:93bdef63c0fdf46015b81e9a3b95d6879217bb31d02bb37d2a12bbfd52200d6f#/aggregation/operationMetadata/aggregate/unsupportedOptions,tests/unit/test_cxp_exchange_catalog.py: owner-source equality and compatible cases,"tests/unit/test_cxp_exchange_catalog.py: mismatch, omission and invalid-shape cases",source and pin verified; downstream consumer adoption pending
Mongoeco,src/mongoeco/cxp/exchange/data/operational-metadata.json,93bdef63c0fdf46015b81e9a3b95d6879217bb31d02bb37d2a12bbfd52200d6f,/aggregation/supportedExpressionOperators,typed or bound owner claim at /aggregation/supportedExpressionOperators,capability=aggregation; operation=none,Mongoeco exchange requirements and public profile evaluation,operational-metadata.json#/aggregation/supportedExpressionOperators,Mongoeco,org.mongoeco:mongodb@1.1.0 /aggregation/supportedExpressionOperators,exchange_exact,org.mongoeco:mongodb@1.1.0 /aggregation/supportedExpressionOperators; owner sha256:93bdef63c0fdf46015b81e9a3b95d6879217bb31d02bb37d2a12bbfd52200d6f#/aggregation/supportedExpressionOperators,tests/unit/test_cxp_exchange_catalog.py: owner-source equality and compatible cases,"tests/unit/test_cxp_exchange_catalog.py: mismatch, omission and invalid-shape cases",source and pin verified; downstream consumer adoption pending
Mongoeco,src/mongoeco/cxp/exchange/data/operational-metadata.json,93bdef63c0fdf46015b81e9a3b95d6879217bb31d02bb37d2a12bbfd52200d6f,/aggregation/supportedGroupAccumulators,typed or bound owner claim at /aggregation/supportedGroupAccumulators,capability=aggregation; operation=none,Mongoeco exchange requirements and public profile evaluation,operational-metadata.json#/aggregation/supportedGroupAccumulators,Mongoeco,org.mongoeco:mongodb@1.1.0 /aggregation/supportedGroupAccumulators,exchange_exact,org.mongoeco:mongodb@1.1.0 /aggregation/supportedGroupAccumulators; owner sha256:93bdef63c0fdf46015b81e9a3b95d6879217bb31d02bb37d2a12bbfd52200d6f#/aggregation/supportedGroupAccumulators,tests/unit/test_cxp_exchange_catalog.py: owner-source equality and compatible cases,"tests/unit/test_cxp_exchange_catalog.py: mismatch, omission and invalid-shape cases",source and pin verified; downstream consumer adoption pending
Mongoeco,src/mongoeco/cxp/exchange/data/operational-metadata.json,93bdef63c0fdf46015b81e9a3b95d6879217bb31d02bb37d2a12bbfd52200d6f,/aggregation/supportedStages,typed or bound owner claim at /aggregation/supportedStages,capability=aggregation; operation=none,Mongoeco exchange requirements and public profile evaluation,operational-metadata.json#/aggregation/supportedStages,Mongoeco,org.mongoeco:mongodb@1.1.0 /aggregation/supportedStages,exchange_exact,org.mongoeco:mongodb@1.1.0 /aggregation/supportedStages; owner sha256:93bdef63c0fdf46015b81e9a3b95d6879217bb31d02bb37d2a12bbfd52200d6f#/aggregation/supportedStages,tests/unit/test_cxp_exchange_catalog.py: owner-source equality and compatible cases,"tests/unit/test_cxp_exchange_catalog.py: mismatch, omission and invalid-shape cases",source and pin verified; downstream consumer adoption pending
Mongoeco,src/mongoeco/cxp/exchange/data/operational-metadata.json,93bdef63c0fdf46015b81e9a3b95d6879217bb31d02bb37d2a12bbfd52200d6f,/aggregation/supportedWindowAccumulators,typed or bound owner claim at /aggregation/supportedWindowAccumulators,capability=aggregation; operation=none,Mongoeco exchange requirements and public profile evaluation,operational-metadata.json#/aggregation/supportedWindowAccumulators,Mongoeco,org.mongoeco:mongodb@1.1.0 /aggregation/supportedWindowAccumulators,exchange_exact,org.mongoeco:mongodb@1.1.0 /aggregation/supportedWindowAccumulators; owner sha256:93bdef63c0fdf46015b81e9a3b95d6879217bb31d02bb37d2a12bbfd52200d6f#/aggregation/supportedWindowAccumulators,tests/unit/test_cxp_exchange_catalog.py: owner-source equality and compatible cases,"tests/unit/test_cxp_exchange_catalog.py: mismatch, omission and invalid-shape cases",source and pin verified; downstream consumer adoption pending
Mongoeco,src/mongoeco/cxp/exchange/data/operational-metadata.json,93bdef63c0fdf46015b81e9a3b95d6879217bb31d02bb37d2a12bbfd52200d6f,/aggregation/sync,typed or bound owner claim at /aggregation/sync,capability=aggregation; operation=none,Mongoeco exchange requirements and public profile evaluation,operational-metadata.json#/aggregation/sync,Mongoeco,org.mongoeco:mongodb@1.1.0 /aggregation/sync,exchange_exact,org.mongoeco:mongodb@1.1.0 /aggregation/sync; owner sha256:93bdef63c0fdf46015b81e9a3b95d6879217bb31d02bb37d2a12bbfd52200d6f#/aggregation/sync,tests/unit/test_cxp_exchange_catalog.py: owner-source equality and compatible cases,"tests/unit/test_cxp_exchange_catalog.py: mismatch, omission and invalid-shape cases",source and pin verified; downstream consumer adoption pending
Mongoeco,src/mongoeco/cxp/exchange/data/operational-metadata.json,93bdef63c0fdf46015b81e9a3b95d6879217bb31d02bb37d2a12bbfd52200d6f,/change_streams/boundedHistory,typed or bound owner claim at /change_streams/boundedHistory,capability=change_streams; operation=none,Mongoeco exchange requirements and public profile evaluation,operational-metadata.json#/change_streams/boundedHistory,Mongoeco,org.mongoeco:mongodb@1.1.0 /change_streams/boundedHistory,exchange_exact,org.mongoeco:mongodb@1.1.0 /change_streams/boundedHistory; owner sha256:93bdef63c0fdf46015b81e9a3b95d6879217bb31d02bb37d2a12bbfd52200d6f#/change_streams/boundedHistory,tests/unit/test_cxp_exchange_catalog.py: owner-source equality and compatible cases,"tests/unit/test_cxp_exchange_catalog.py: mismatch, omission and invalid-shape cases",source and pin verified; downstream consumer adoption pending
Mongoeco,src/mongoeco/cxp/exchange/data/operational-metadata.json,93bdef63c0fdf46015b81e9a3b95d6879217bb31d02bb37d2a12bbfd52200d6f,/change_streams/distributed,typed or bound owner claim at /change_streams/distributed,capability=change_streams; operation=none,Mongoeco exchange requirements and public profile evaluation,operational-metadata.json#/change_streams/distributed,Mongoeco,org.mongoeco:mongodb@1.1.0 /change_streams/distributed,exchange_exact,org.mongoeco:mongodb@1.1.0 /change_streams/distributed; owner sha256:93bdef63c0fdf46015b81e9a3b95d6879217bb31d02bb37d2a12bbfd52200d6f#/change_streams/distributed,tests/unit/test_cxp_exchange_catalog.py: owner-source equality and compatible cases,"tests/unit/test_cxp_exchange_catalog.py: mismatch, omission and invalid-shape cases",source and pin verified; downstream consumer adoption pending
Mongoeco,src/mongoeco/cxp/exchange/data/operational-metadata.json,93bdef63c0fdf46015b81e9a3b95d6879217bb31d02bb37d2a12bbfd52200d6f,/change_streams/implementation,typed or bound owner claim at /change_streams/implementation,capability=change_streams; operation=none,Mongoeco exchange requirements and public profile evaluation,operational-metadata.json#/change_streams/implementation,Mongoeco,org.mongoeco:mongodb@1.1.0 /change_streams/implementation,exchange_exact,org.mongoeco:mongodb@1.1.0 /change_streams/implementation; owner sha256:93bdef63c0fdf46015b81e9a3b95d6879217bb31d02bb37d2a12bbfd52200d6f#/change_streams/implementation,tests/unit/test_cxp_exchange_catalog.py: owner-source equality and compatible cases,"tests/unit/test_cxp_exchange_catalog.py: mismatch, omission and invalid-shape cases",source and pin verified; downstream consumer adoption pending
Mongoeco,src/mongoeco/cxp/exchange/data/operational-metadata.json,93bdef63c0fdf46015b81e9a3b95d6879217bb31d02bb37d2a12bbfd52200d6f,/change_streams/persistent,typed or bound owner claim at /change_streams/persistent,capability=change_streams; operation=none,Mongoeco exchange requirements and public profile evaluation,operational-metadata.json#/change_streams/persistent,Mongoeco,org.mongoeco:mongodb@1.1.0 /change_streams/persistent,exchange_exact,org.mongoeco:mongodb@1.1.0 /change_streams/persistent; owner sha256:93bdef63c0fdf46015b81e9a3b95d6879217bb31d02bb37d2a12bbfd52200d6f#/change_streams/persistent,tests/unit/test_cxp_exchange_catalog.py: owner-source equality and compatible cases,"tests/unit/test_cxp_exchange_catalog.py: mismatch, omission and invalid-shape cases",source and pin verified; downstream consumer adoption pending
Mongoeco,src/mongoeco/cxp/exchange/data/operational-metadata.json,93bdef63c0fdf46015b81e9a3b95d6879217bb31d02bb37d2a12bbfd52200d6f,/change_streams/resumable,typed or bound owner claim at /change_streams/resumable,capability=change_streams; operation=none,Mongoeco exchange requirements and public profile evaluation,operational-metadata.json#/change_streams/resumable,Mongoeco,org.mongoeco:mongodb@1.1.0 /change_streams/resumable,exchange_exact,org.mongoeco:mongodb@1.1.0 /change_streams/resumable; owner sha256:93bdef63c0fdf46015b81e9a3b95d6879217bb31d02bb37d2a12bbfd52200d6f#/change_streams/resumable,tests/unit/test_cxp_exchange_catalog.py: owner-source equality and compatible cases,"tests/unit/test_cxp_exchange_catalog.py: mismatch, omission and invalid-shape cases",source and pin verified; downstream consumer adoption pending
Mongoeco,src/mongoeco/cxp/exchange/data/operational-metadata.json,93bdef63c0fdf46015b81e9a3b95d6879217bb31d02bb37d2a12bbfd52200d6f,/change_streams/resumableAcrossClientRestarts,typed or bound owner claim at /change_streams/resumableAcrossClientRestarts,capability=change_streams; operation=none,Mongoeco exchange requirements and public profile evaluation,operational-metadata.json#/change_streams/resumableAcrossClientRestarts,Mongoeco,org.mongoeco:mongodb@1.1.0 /change_streams/resumableAcrossClientRestarts,exchange_exact,org.mongoeco:mongodb@1.1.0 /change_streams/resumableAcrossClientRestarts; owner sha256:93bdef63c0fdf46015b81e9a3b95d6879217bb31d02bb37d2a12bbfd52200d6f#/change_streams/resumableAcrossClientRestarts,tests/unit/test_cxp_exchange_catalog.py: owner-source equality and compatible cases,"tests/unit/test_cxp_exchange_catalog.py: mismatch, omission and invalid-shape cases",source and pin verified; downstream consumer adoption pending
Mongoeco,src/mongoeco/cxp/exchange/data/operational-metadata.json,93bdef63c0fdf46015b81e9a3b95d6879217bb31d02bb37d2a12bbfd52200d6f,/change_streams/resumableAcrossNodes,typed or bound owner claim at /change_streams/resumableAcrossNodes,capability=change_streams; operation=none,Mongoeco exchange requirements and public profile evaluation,operational-metadata.json#/change_streams/resumableAcrossNodes,Mongoeco,org.mongoeco:mongodb@1.1.0 /change_streams/resumableAcrossNodes,exchange_exact,org.mongoeco:mongodb@1.1.0 /change_streams/resumableAcrossNodes; owner sha256:93bdef63c0fdf46015b81e9a3b95d6879217bb31d02bb37d2a12bbfd52200d6f#/change_streams/resumableAcrossNodes,tests/unit/test_cxp_exchange_catalog.py: owner-source equality and compatible cases,"tests/unit/test_cxp_exchange_catalog.py: mismatch, omission and invalid-shape cases",source and pin verified; downstream consumer adoption pending
Mongoeco,src/mongoeco/cxp/exchange/data/operational-metadata.json,93bdef63c0fdf46015b81e9a3b95d6879217bb31d02bb37d2a12bbfd52200d6f,/change_streams/resumableAcrossProcesses,typed or bound owner claim at /change_streams/resumableAcrossProcesses,capability=change_streams; operation=none,Mongoeco exchange requirements and public profile evaluation,operational-metadata.json#/change_streams/resumableAcrossProcesses,Mongoeco,org.mongoeco:mongodb@1.1.0 /change_streams/resumableAcrossProcesses,exchange_exact,org.mongoeco:mongodb@1.1.0 /change_streams/resumableAcrossProcesses; owner sha256:93bdef63c0fdf46015b81e9a3b95d6879217bb31d02bb37d2a12bbfd52200d6f#/change_streams/resumableAcrossProcesses,tests/unit/test_cxp_exchange_catalog.py: owner-source equality and compatible cases,"tests/unit/test_cxp_exchange_catalog.py: mismatch, omission and invalid-shape cases",source and pin verified; downstream consumer adoption pending
Mongoeco,src/mongoeco/cxp/exchange/data/operational-metadata.json,93bdef63c0fdf46015b81e9a3b95d6879217bb31d02bb37d2a12bbfd52200d6f,/collation/backend/advancedOptionsAvailable,typed or bound owner claim at /collation/backend/advancedOptionsAvailable,capability=collation; operation=none,concrete configured provider and its admission consumer,operational-metadata.json#/collation/backend/advancedOptionsAvailable,Mongoeco,org.mongoeco:mongodb@1.1.0 /collation/backend.advancedOptionsAvailable,exchange_runtime_observation,org.mongoeco:mongodb@1.1.0 /collation/backend.advancedOptionsAvailable; owner sha256:93bdef63c0fdf46015b81e9a3b95d6879217bb31d02bb37d2a12bbfd52200d6f#/collation/backend/advancedOptionsAvailable,tests/unit/test_cxp_exchange_catalog.py: concrete snapshot projection,tests/unit/test_cxp_exchange_catalog.py: generic omission and invalid-shape cases,catalog definition verified; deployment observation pending
Mongoeco,src/mongoeco/cxp/exchange/data/operational-metadata.json,93bdef63c0fdf46015b81e9a3b95d6879217bb31d02bb37d2a12bbfd52200d6f,/collation/backend/availableBackends,typed or bound owner claim at /collation/backend/availableBackends,capability=collation; operation=none,concrete configured provider and its admission consumer,operational-metadata.json#/collation/backend/availableBackends,Mongoeco,org.mongoeco:mongodb@1.1.0 /collation/backend.availableBackends,exchange_runtime_observation,org.mongoeco:mongodb@1.1.0 /collation/backend.availableBackends; owner sha256:93bdef63c0fdf46015b81e9a3b95d6879217bb31d02bb37d2a12bbfd52200d6f#/collation/backend/availableBackends,tests/unit/test_cxp_exchange_catalog.py: concrete snapshot projection,tests/unit/test_cxp_exchange_catalog.py: generic omission and invalid-shape cases,catalog definition verified; deployment observation pending
Mongoeco,src/mongoeco/cxp/exchange/data/operational-metadata.json,93bdef63c0fdf46015b81e9a3b95d6879217bb31d02bb37d2a12bbfd52200d6f,/collation/backend/selectedBackend,typed or bound owner claim at /collation/backend/selectedBackend,capability=collation; operation=none,concrete configured provider and its admission consumer,operational-metadata.json#/collation/backend/selectedBackend,Mongoeco,org.mongoeco:mongodb@1.1.0 /collation/backend.selectedBackend,exchange_runtime_observation,org.mongoeco:mongodb@1.1.0 /collation/backend.selectedBackend; owner sha256:93bdef63c0fdf46015b81e9a3b95d6879217bb31d02bb37d2a12bbfd52200d6f#/collation/backend/selectedBackend,tests/unit/test_cxp_exchange_catalog.py: concrete snapshot projection,tests/unit/test_cxp_exchange_catalog.py: generic omission and invalid-shape cases,catalog definition verified; deployment observation pending
Mongoeco,src/mongoeco/cxp/exchange/data/operational-metadata.json,93bdef63c0fdf46015b81e9a3b95d6879217bb31d02bb37d2a12bbfd52200d6f,/collation/backend/unicodeAvailable,typed or bound owner claim at /collation/backend/unicodeAvailable,capability=collation; operation=none,concrete configured provider and its admission consumer,operational-metadata.json#/collation/backend/unicodeAvailable,Mongoeco,org.mongoeco:mongodb@1.1.0 /collation/backend.unicodeAvailable,exchange_runtime_observation,org.mongoeco:mongodb@1.1.0 /collation/backend.unicodeAvailable; owner sha256:93bdef63c0fdf46015b81e9a3b95d6879217bb31d02bb37d2a12bbfd52200d6f#/collation/backend/unicodeAvailable,tests/unit/test_cxp_exchange_catalog.py: concrete snapshot projection,tests/unit/test_cxp_exchange_catalog.py: generic omission and invalid-shape cases,catalog definition verified; deployment observation pending
Mongoeco,src/mongoeco/cxp/exchange/data/operational-metadata.json,93bdef63c0fdf46015b81e9a3b95d6879217bb31d02bb37d2a12bbfd52200d6f,/collation/capabilities/advancedOptionsRequireIcu,typed or bound owner claim at /collation/capabilities/advancedOptionsRequireIcu,capability=collation; operation=none,Mongoeco exchange requirements and public profile evaluation,operational-metadata.json#/collation/capabilities/advancedOptionsRequireIcu,Mongoeco,org.mongoeco:mongodb@1.1.0 /collation/capabilities.advancedOptionsRequireIcu,exchange_exact,org.mongoeco:mongodb@1.1.0 /collation/capabilities.advancedOptionsRequireIcu; owner sha256:93bdef63c0fdf46015b81e9a3b95d6879217bb31d02bb37d2a12bbfd52200d6f#/collation/capabilities/advancedOptionsRequireIcu,tests/unit/test_cxp_exchange_catalog.py: owner-source equality and compatible cases,"tests/unit/test_cxp_exchange_catalog.py: mismatch, omission and invalid-shape cases",source and pin verified; downstream consumer adoption pending
Mongoeco,src/mongoeco/cxp/exchange/data/operational-metadata.json,93bdef63c0fdf46015b81e9a3b95d6879217bb31d02bb37d2a12bbfd52200d6f,/collation/capabilities/fallbackBackend,typed or bound owner claim at /collation/capabilities/fallbackBackend,capability=collation; operation=none,concrete configured provider and its admission consumer,operational-metadata.json#/collation/capabilities/fallbackBackend,Mongoeco,org.mongoeco:mongodb@1.1.0 /collation/capabilities.fallbackBackend,exchange_runtime_observation,org.mongoeco:mongodb@1.1.0 /collation/capabilities.fallbackBackend; owner sha256:93bdef63c0fdf46015b81e9a3b95d6879217bb31d02bb37d2a12bbfd52200d6f#/collation/capabilities/fallbackBackend,tests/unit/test_cxp_exchange_catalog.py: concrete snapshot projection,tests/unit/test_cxp_exchange_catalog.py: generic omission and invalid-shape cases,catalog definition verified; deployment observation pending
Mongoeco,src/mongoeco/cxp/exchange/data/operational-metadata.json,93bdef63c0fdf46015b81e9a3b95d6879217bb31d02bb37d2a12bbfd52200d6f,/collation/capabilities/optionalIcuBackend,typed or bound owner claim at /collation/capabilities/optionalIcuBackend,capability=collation; operation=none,Mongoeco exchange requirements and public profile evaluation,operational-metadata.json#/collation/capabilities/optionalIcuBackend,Mongoeco,org.mongoeco:mongodb@1.1.0 /collation/capabilities.optionalIcuBackend,exchange_exact,org.mongoeco:mongodb@1.1.0 /collation/capabilities.optionalIcuBackend; owner sha256:93bdef63c0fdf46015b81e9a3b95d6879217bb31d02bb37d2a12bbfd52200d6f#/collation/capabilities/optionalIcuBackend,tests/unit/test_cxp_exchange_catalog.py: owner-source equality and compatible cases,"tests/unit/test_cxp_exchange_catalog.py: mismatch, omission and invalid-shape cases",source and pin verified; downstream consumer adoption pending
Mongoeco,src/mongoeco/cxp/exchange/data/operational-metadata.json,93bdef63c0fdf46015b81e9a3b95d6879217bb31d02bb37d2a12bbfd52200d6f,/collation/capabilities/supportedLocales,typed or bound owner claim at /collation/capabilities/supportedLocales,capability=collation; operation=none,Mongoeco exchange requirements and public profile evaluation,operational-metadata.json#/collation/capabilities/supportedLocales,Mongoeco,org.mongoeco:mongodb@1.1.0 /collation/capabilities.supportedLocales,exchange_exact,org.mongoeco:mongodb@1.1.0 /collation/capabilities.supportedLocales; owner sha256:93bdef63c0fdf46015b81e9a3b95d6879217bb31d02bb37d2a12bbfd52200d6f#/collation/capabilities/supportedLocales,tests/unit/test_cxp_exchange_catalog.py: owner-source equality and compatible cases,"tests/unit/test_cxp_exchange_catalog.py: mismatch, omission and invalid-shape cases",source and pin verified; downstream consumer adoption pending
Mongoeco,src/mongoeco/cxp/exchange/data/operational-metadata.json,93bdef63c0fdf46015b81e9a3b95d6879217bb31d02bb37d2a12bbfd52200d6f,/collation/capabilities/supportedStrengths,Mongoeco validates supported integer collation strengths on input,capability=collation; operation=none,Mongoeco validates supported integer collation strengths on input,operational-metadata.json#/collation/capabilities/supportedStrengths,Mongoeco,src/mongoeco/core/collation.py,owner_operational,owner sha256:93bdef63c0fdf46015b81e9a3b95d6879217bb31d02bb37d2a12bbfd52200d6f#/collation/capabilities/supportedStrengths,"tests/unit/core/test_collation.py: supported strengths 1, 2, 3 reported and applied in comparisons",tests/unit/core/test_collation.py: strength 4 rejected; strength 3 preserves case distinction unlike strength 2,per-field owner operational oracle verified
Mongoeco,src/mongoeco/cxp/exchange/data/operational-metadata.json,93bdef63c0fdf46015b81e9a3b95d6879217bb31d02bb37d2a12bbfd52200d6f,/collation/capabilities/supportsCaseLevel,typed or bound owner claim at /collation/capabilities/supportsCaseLevel,capability=collation; operation=none,Mongoeco exchange requirements and public profile evaluation,operational-metadata.json#/collation/capabilities/supportsCaseLevel,Mongoeco,org.mongoeco:mongodb@1.1.0 /collation/capabilities.supportsCaseLevel,exchange_exact,org.mongoeco:mongodb@1.1.0 /collation/capabilities.supportsCaseLevel; owner sha256:93bdef63c0fdf46015b81e9a3b95d6879217bb31d02bb37d2a12bbfd52200d6f#/collation/capabilities/supportsCaseLevel,tests/unit/test_cxp_exchange_catalog.py: owner-source equality and compatible cases,"tests/unit/test_cxp_exchange_catalog.py: mismatch, omission and invalid-shape cases",source and pin verified; downstream consumer adoption pending
Mongoeco,src/mongoeco/cxp/exchange/data/operational-metadata.json,93bdef63c0fdf46015b81e9a3b95d6879217bb31d02bb37d2a12bbfd52200d6f,/collation/capabilities/supportsNumericOrdering,typed or bound owner claim at /collation/capabilities/supportsNumericOrdering,capability=collation; operation=none,Mongoeco exchange requirements and public profile evaluation,operational-metadata.json#/collation/capabilities/supportsNumericOrdering,Mongoeco,org.mongoeco:mongodb@1.1.0 /collation/capabilities.supportsNumericOrdering,exchange_exact,org.mongoeco:mongodb@1.1.0 /collation/capabilities.supportsNumericOrdering; owner sha256:93bdef63c0fdf46015b81e9a3b95d6879217bb31d02bb37d2a12bbfd52200d6f#/collation/capabilities/supportsNumericOrdering,tests/unit/test_cxp_exchange_catalog.py: owner-source equality and compatible cases,"tests/unit/test_cxp_exchange_catalog.py: mismatch, omission and invalid-shape cases",source and pin verified; downstream consumer adoption pending
Mongoeco,src/mongoeco/cxp/exchange/data/operational-metadata.json,93bdef63c0fdf46015b81e9a3b95d6879217bb31d02bb37d2a12bbfd52200d6f,/collation/operationMetadata/count_documents/behavior,Mongoeco applies collation to the named operation or exposes inspection,capability=collation; operation=count_documents,Mongoeco applies collation to the named operation or exposes inspection,operational-metadata.json#/collation/operationMetadata/count_documents/behavior,Mongoeco,src/mongoeco/core/collation.py; src/mongoeco/api/operations.py,owner_operational,owner sha256:93bdef63c0fdf46015b81e9a3b95d6879217bb31d02bb37d2a12bbfd52200d6f#/collation/operationMetadata/count_documents/behavior,tests/integration/api/test_sync_api.py and test_async_api.py: per-operation case-insensitive matches with collation on Memory and SQLite; installed-wheel replay,tests/integration/api/test_sync_api.py and test_async_api.py: same filters without collation match zero; sync invalid locale raises ValueError without mutation,per-field Memory/SQLite sync+async oracle verified; owner operational contract retained
Mongoeco,src/mongoeco/cxp/exchange/data/operational-metadata.json,93bdef63c0fdf46015b81e9a3b95d6879217bb31d02bb37d2a12bbfd52200d6f,/collation/operationMetadata/count_documents/scope,Mongoeco applies collation to the named operation or exposes inspection,capability=collation; operation=count_documents,Mongoeco applies collation to the named operation or exposes inspection,operational-metadata.json#/collation/operationMetadata/count_documents/scope,Mongoeco,src/mongoeco/core/collation.py; src/mongoeco/api/operations.py,owner_operational,owner sha256:93bdef63c0fdf46015b81e9a3b95d6879217bb31d02bb37d2a12bbfd52200d6f#/collation/operationMetadata/count_documents/scope,tests/integration/api/test_sync_api.py and test_async_api.py: per-operation case-insensitive matches with collation on Memory and SQLite; installed-wheel replay,tests/integration/api/test_sync_api.py and test_async_api.py: same filters without collation match zero; sync invalid locale raises ValueError without mutation,per-field Memory/SQLite sync+async oracle verified; owner operational contract retained
Mongoeco,src/mongoeco/cxp/exchange/data/operational-metadata.json,93bdef63c0fdf46015b81e9a3b95d6879217bb31d02bb37d2a12bbfd52200d6f,/collation/operationMetadata/count_documents/supportsCollation,typed or bound owner claim at /collation/operationMetadata/count_documents/supportsCollation,capability=collation; operation=count_documents,Mongoeco exchange requirements and public profile evaluation,operational-metadata.json#/collation/operationMetadata/count_documents/supportsCollation,Mongoeco,org.mongoeco:mongodb@1.1.0 /read/count_documents.acceptsCollation,exchange_exact,org.mongoeco:mongodb@1.1.0 /read/count_documents.acceptsCollation; owner sha256:93bdef63c0fdf46015b81e9a3b95d6879217bb31d02bb37d2a12bbfd52200d6f#/collation/operationMetadata/count_documents/supportsCollation,tests/unit/test_cxp_exchange_catalog.py: owner-source equality and compatible cases,"tests/unit/test_cxp_exchange_catalog.py: mismatch, omission and invalid-shape cases",source and pin verified; downstream consumer adoption pending
Mongoeco,src/mongoeco/cxp/exchange/data/operational-metadata.json,93bdef63c0fdf46015b81e9a3b95d6879217bb31d02bb37d2a12bbfd52200d6f,/collation/operationMetadata/delete_many/behavior,Mongoeco applies collation to the named operation or exposes inspection,capability=collation; operation=delete_many,Mongoeco applies collation to the named operation or exposes inspection,operational-metadata.json#/collation/operationMetadata/delete_many/behavior,Mongoeco,src/mongoeco/core/collation.py; src/mongoeco/api/operations.py,owner_operational,owner sha256:93bdef63c0fdf46015b81e9a3b95d6879217bb31d02bb37d2a12bbfd52200d6f#/collation/operationMetadata/delete_many/behavior,tests/integration/api/test_sync_api.py and test_async_api.py: per-operation case-insensitive matches with collation on Memory and SQLite; installed-wheel replay,tests/integration/api/test_sync_api.py and test_async_api.py: same filters without collation match zero; sync invalid locale raises ValueError without mutation,per-field Memory/SQLite sync+async oracle verified; owner operational contract retained
Mongoeco,src/mongoeco/cxp/exchange/data/operational-metadata.json,93bdef63c0fdf46015b81e9a3b95d6879217bb31d02bb37d2a12bbfd52200d6f,/collation/operationMetadata/delete_many/scope,Mongoeco applies collation to the named operation or exposes inspection,capability=collation; operation=delete_many,Mongoeco applies collation to the named operation or exposes inspection,operational-metadata.json#/collation/operationMetadata/delete_many/scope,Mongoeco,src/mongoeco/core/collation.py; src/mongoeco/api/operations.py,owner_operational,owner sha256:93bdef63c0fdf46015b81e9a3b95d6879217bb31d02bb37d2a12bbfd52200d6f#/collation/operationMetadata/delete_many/scope,tests/integration/api/test_sync_api.py and test_async_api.py: per-operation case-insensitive matches with collation on Memory and SQLite; installed-wheel replay,tests/integration/api/test_sync_api.py and test_async_api.py: same filters without collation match zero; sync invalid locale raises ValueError without mutation,per-field Memory/SQLite sync+async oracle verified; owner operational contract retained
Mongoeco,src/mongoeco/cxp/exchange/data/operational-metadata.json,93bdef63c0fdf46015b81e9a3b95d6879217bb31d02bb37d2a12bbfd52200d6f,/collation/operationMetadata/delete_many/supportsCollation,typed or bound owner claim at /collation/operationMetadata/delete_many/supportsCollation,capability=collation; operation=delete_many,Mongoeco exchange requirements and public profile evaluation,operational-metadata.json#/collation/operationMetadata/delete_many/supportsCollation,Mongoeco,org.mongoeco:mongodb@1.1.0 /write/delete_many.acceptsCollation,exchange_exact,org.mongoeco:mongodb@1.1.0 /write/delete_many.acceptsCollation; owner sha256:93bdef63c0fdf46015b81e9a3b95d6879217bb31d02bb37d2a12bbfd52200d6f#/collation/operationMetadata/delete_many/supportsCollation,tests/unit/test_cxp_exchange_catalog.py: owner-source equality and compatible cases,"tests/unit/test_cxp_exchange_catalog.py: mismatch, omission and invalid-shape cases",source and pin verified; downstream consumer adoption pending
Mongoeco,src/mongoeco/cxp/exchange/data/operational-metadata.json,93bdef63c0fdf46015b81e9a3b95d6879217bb31d02bb37d2a12bbfd52200d6f,/collation/operationMetadata/delete_one/behavior,Mongoeco applies collation to the named operation or exposes inspection,capability=collation; operation=delete_one,Mongoeco applies collation to the named operation or exposes inspection,operational-metadata.json#/collation/operationMetadata/delete_one/behavior,Mongoeco,src/mongoeco/core/collation.py; src/mongoeco/api/operations.py,owner_operational,owner sha256:93bdef63c0fdf46015b81e9a3b95d6879217bb31d02bb37d2a12bbfd52200d6f#/collation/operationMetadata/delete_one/behavior,"tests/integration/api/test_sync_api.py and test_async_api.py: per-operation collation query, sort, mutation or distinct result on Memory and SQLite; installed-wheel replay","tests/integration/api/test_sync_api.py and test_async_api.py: same query, sort, mutation or distinct operation without collation produces a different result",per-field Memory/SQLite sync+async oracle verified; owner operational contract retained
Mongoeco,src/mongoeco/cxp/exchange/data/operational-metadata.json,93bdef63c0fdf46015b81e9a3b95d6879217bb31d02bb37d2a12bbfd52200d6f,/collation/operationMetadata/delete_one/scope,Mongoeco applies collation to the named operation or exposes inspection,capability=collation; operation=delete_one,Mongoeco applies collation to the named operation or exposes inspection,operational-metadata.json#/collation/operationMetadata/delete_one/scope,Mongoeco,src/mongoeco/core/collation.py; src/mongoeco/api/operations.py,owner_operational,owner sha256:93bdef63c0fdf46015b81e9a3b95d6879217bb31d02bb37d2a12bbfd52200d6f#/collation/operationMetadata/delete_one/scope,"tests/integration/api/test_sync_api.py and test_async_api.py: per-operation collation query, sort, mutation or distinct result on Memory and SQLite; installed-wheel replay","tests/integration/api/test_sync_api.py and test_async_api.py: same query, sort, mutation or distinct operation without collation produces a different result",per-field Memory/SQLite sync+async oracle verified; owner operational contract retained
Mongoeco,src/mongoeco/cxp/exchange/data/operational-metadata.json,93bdef63c0fdf46015b81e9a3b95d6879217bb31d02bb37d2a12bbfd52200d6f,/collation/operationMetadata/delete_one/supportsCollation,typed or bound owner claim at /collation/operationMetadata/delete_one/supportsCollation,capability=collation; operation=delete_one,Mongoeco exchange requirements and public profile evaluation,operational-metadata.json#/collation/operationMetadata/delete_one/supportsCollation,Mongoeco,org.mongoeco:mongodb@1.1.0 /write/delete_one.acceptsCollation,exchange_exact,org.mongoeco:mongodb@1.1.0 /write/delete_one.acceptsCollation; owner sha256:93bdef63c0fdf46015b81e9a3b95d6879217bb31d02bb37d2a12bbfd52200d6f#/collation/operationMetadata/delete_one/supportsCollation,tests/unit/test_cxp_exchange_catalog.py: owner-source equality and compatible cases,"tests/unit/test_cxp_exchange_catalog.py: mismatch, omission and invalid-shape cases",source and pin verified; downstream consumer adoption pending
Mongoeco,src/mongoeco/cxp/exchange/data/operational-metadata.json,93bdef63c0fdf46015b81e9a3b95d6879217bb31d02bb37d2a12bbfd52200d6f,/collation/operationMetadata/distinct/behavior,Mongoeco applies collation to the named operation or exposes inspection,capability=collation; operation=distinct,Mongoeco applies collation to the named operation or exposes inspection,operational-metadata.json#/collation/operationMetadata/distinct/behavior,Mongoeco,src/mongoeco/core/collation.py; src/mongoeco/api/operations.py,owner_operational,owner sha256:93bdef63c0fdf46015b81e9a3b95d6879217bb31d02bb37d2a12bbfd52200d6f#/collation/operationMetadata/distinct/behavior,"tests/integration/api/test_sync_api.py and test_async_api.py: per-operation collation query, sort, mutation or distinct result on Memory and SQLite; installed-wheel replay","tests/integration/api/test_sync_api.py and test_async_api.py: same query, sort, mutation or distinct operation without collation produces a different result",per-field Memory/SQLite sync+async oracle verified; owner operational contract retained
Mongoeco,src/mongoeco/cxp/exchange/data/operational-metadata.json,93bdef63c0fdf46015b81e9a3b95d6879217bb31d02bb37d2a12bbfd52200d6f,/collation/operationMetadata/distinct/scope,Mongoeco applies collation to the named operation or exposes inspection,capability=collation; operation=distinct,Mongoeco applies collation to the named operation or exposes inspection,operational-metadata.json#/collation/operationMetadata/distinct/scope,Mongoeco,src/mongoeco/core/collation.py; src/mongoeco/api/operations.py,owner_operational,owner sha256:93bdef63c0fdf46015b81e9a3b95d6879217bb31d02bb37d2a12bbfd52200d6f#/collation/operationMetadata/distinct/scope,"tests/integration/api/test_sync_api.py and test_async_api.py: per-operation collation query, sort, mutation or distinct result on Memory and SQLite; installed-wheel replay","tests/integration/api/test_sync_api.py and test_async_api.py: same query, sort, mutation or distinct operation without collation produces a different result",per-field Memory/SQLite sync+async oracle verified; owner operational contract retained
Mongoeco,src/mongoeco/cxp/exchange/data/operational-metadata.json,93bdef63c0fdf46015b81e9a3b95d6879217bb31d02bb37d2a12bbfd52200d6f,/collation/operationMetadata/distinct/supportsCollation,typed or bound owner claim at /collation/operationMetadata/distinct/supportsCollation,capability=collation; operation=distinct,Mongoeco exchange requirements and public profile evaluation,operational-metadata.json#/collation/operationMetadata/distinct/supportsCollation,Mongoeco,org.mongoeco:mongodb@1.1.0 /read/distinct.acceptsCollation,exchange_exact,org.mongoeco:mongodb@1.1.0 /read/distinct.acceptsCollation; owner sha256:93bdef63c0fdf46015b81e9a3b95d6879217bb31d02bb37d2a12bbfd52200d6f#/collation/operationMetadata/distinct/supportsCollation,tests/unit/test_cxp_exchange_catalog.py: owner-source equality and compatible cases,"tests/unit/test_cxp_exchange_catalog.py: mismatch, omission and invalid-shape cases",source and pin verified; downstream consumer adoption pending
Mongoeco,src/mongoeco/cxp/exchange/data/operational-metadata.json,93bdef63c0fdf46015b81e9a3b95d6879217bb31d02bb37d2a12bbfd52200d6f,/collation/operationMetadata/find/behavior,Mongoeco applies collation to the named operation or exposes inspection,capability=collation; operation=find,Mongoeco applies collation to the named operation or exposes inspection,operational-metadata.json#/collation/operationMetadata/find/behavior,Mongoeco,src/mongoeco/core/collation.py; src/mongoeco/api/operations.py,owner_operational,owner sha256:93bdef63c0fdf46015b81e9a3b95d6879217bb31d02bb37d2a12bbfd52200d6f#/collation/operationMetadata/find/behavior,"tests/integration/api/test_sync_api.py and test_async_api.py: per-operation collation query, sort, mutation or distinct result on Memory and SQLite; installed-wheel replay","tests/integration/api/test_sync_api.py and test_async_api.py: same query, sort, mutation or distinct operation without collation produces a different result",per-field Memory/SQLite sync+async oracle verified; owner operational contract retained
Mongoeco,src/mongoeco/cxp/exchange/data/operational-metadata.json,93bdef63c0fdf46015b81e9a3b95d6879217bb31d02bb37d2a12bbfd52200d6f,/collation/operationMetadata/find/scope,Mongoeco applies collation to the named operation or exposes inspection,capability=collation; operation=find,Mongoeco applies collation to the named operation or exposes inspection,operational-metadata.json#/collation/operationMetadata/find/scope,Mongoeco,src/mongoeco/core/collation.py; src/mongoeco/api/operations.py,owner_operational,owner sha256:93bdef63c0fdf46015b81e9a3b95d6879217bb31d02bb37d2a12bbfd52200d6f#/collation/operationMetadata/find/scope,"tests/integration/api/test_sync_api.py and test_async_api.py: per-operation collation query, sort, mutation or distinct result on Memory and SQLite; installed-wheel replay","tests/integration/api/test_sync_api.py and test_async_api.py: same query, sort, mutation or distinct operation without collation produces a different result",per-field Memory/SQLite sync+async oracle verified; owner operational contract retained
Mongoeco,src/mongoeco/cxp/exchange/data/operational-metadata.json,93bdef63c0fdf46015b81e9a3b95d6879217bb31d02bb37d2a12bbfd52200d6f,/collation/operationMetadata/find/supportsCollation,typed or bound owner claim at /collation/operationMetadata/find/supportsCollation,capability=collation; operation=find,Mongoeco exchange requirements and public profile evaluation,operational-metadata.json#/collation/operationMetadata/find/supportsCollation,Mongoeco,org.mongoeco:mongodb@1.1.0 /read/find.acceptsCollation,exchange_exact,org.mongoeco:mongodb@1.1.0 /read/find.acceptsCollation; owner sha256:93bdef63c0fdf46015b81e9a3b95d6879217bb31d02bb37d2a12bbfd52200d6f#/collation/operationMetadata/find/supportsCollation,tests/unit/test_cxp_exchange_catalog.py: owner-source equality and compatible cases,"tests/unit/test_cxp_exchange_catalog.py: mismatch, omission and invalid-shape cases",source and pin verified; downstream consumer adoption pending
Mongoeco,src/mongoeco/cxp/exchange/data/operational-metadata.json,93bdef63c0fdf46015b81e9a3b95d6879217bb31d02bb37d2a12bbfd52200d6f,/collation/operationMetadata/find_one/behavior,Mongoeco applies collation to the named operation or exposes inspection,capability=collation; operation=find_one,Mongoeco applies collation to the named operation or exposes inspection,operational-metadata.json#/collation/operationMetadata/find_one/behavior,Mongoeco,src/mongoeco/core/collation.py; src/mongoeco/api/operations.py,owner_operational,owner sha256:93bdef63c0fdf46015b81e9a3b95d6879217bb31d02bb37d2a12bbfd52200d6f#/collation/operationMetadata/find_one/behavior,"tests/integration/api/test_sync_api.py and test_async_api.py: per-operation collation query, sort, mutation or distinct result on Memory and SQLite; installed-wheel replay","tests/integration/api/test_sync_api.py and test_async_api.py: same query, sort, mutation or distinct operation without collation produces a different result",per-field Memory/SQLite sync+async oracle verified; owner operational contract retained
Mongoeco,src/mongoeco/cxp/exchange/data/operational-metadata.json,93bdef63c0fdf46015b81e9a3b95d6879217bb31d02bb37d2a12bbfd52200d6f,/collation/operationMetadata/find_one/scope,Mongoeco applies collation to the named operation or exposes inspection,capability=collation; operation=find_one,Mongoeco applies collation to the named operation or exposes inspection,operational-metadata.json#/collation/operationMetadata/find_one/scope,Mongoeco,src/mongoeco/core/collation.py; src/mongoeco/api/operations.py,owner_operational,owner sha256:93bdef63c0fdf46015b81e9a3b95d6879217bb31d02bb37d2a12bbfd52200d6f#/collation/operationMetadata/find_one/scope,"tests/integration/api/test_sync_api.py and test_async_api.py: per-operation collation query, sort, mutation or distinct result on Memory and SQLite; installed-wheel replay","tests/integration/api/test_sync_api.py and test_async_api.py: same query, sort, mutation or distinct operation without collation produces a different result",per-field Memory/SQLite sync+async oracle verified; owner operational contract retained
Mongoeco,src/mongoeco/cxp/exchange/data/operational-metadata.json,93bdef63c0fdf46015b81e9a3b95d6879217bb31d02bb37d2a12bbfd52200d6f,/collation/operationMetadata/find_one/supportsCollation,typed or bound owner claim at /collation/operationMetadata/find_one/supportsCollation,capability=collation; operation=find_one,Mongoeco exchange requirements and public profile evaluation,operational-metadata.json#/collation/operationMetadata/find_one/supportsCollation,Mongoeco,org.mongoeco:mongodb@1.1.0 /read/find_one.acceptsCollation,exchange_exact,org.mongoeco:mongodb@1.1.0 /read/find_one.acceptsCollation; owner sha256:93bdef63c0fdf46015b81e9a3b95d6879217bb31d02bb37d2a12bbfd52200d6f#/collation/operationMetadata/find_one/supportsCollation,tests/unit/test_cxp_exchange_catalog.py: owner-source equality and compatible cases,"tests/unit/test_cxp_exchange_catalog.py: mismatch, omission and invalid-shape cases",source and pin verified; downstream consumer adoption pending
Mongoeco,src/mongoeco/cxp/exchange/data/operational-metadata.json,93bdef63c0fdf46015b81e9a3b95d6879217bb31d02bb37d2a12bbfd52200d6f,/collation/operationMetadata/replace_one/behavior,Mongoeco applies collation to the named operation or exposes inspection,capability=collation; operation=replace_one,Mongoeco applies collation to the named operation or exposes inspection,operational-metadata.json#/collation/operationMetadata/replace_one/behavior,Mongoeco,src/mongoeco/core/collation.py; src/mongoeco/api/operations.py,owner_operational,owner sha256:93bdef63c0fdf46015b81e9a3b95d6879217bb31d02bb37d2a12bbfd52200d6f#/collation/operationMetadata/replace_one/behavior,tests/integration/api/test_sync_api.py and test_async_api.py: per-operation case-insensitive matches with collation on Memory and SQLite; installed-wheel replay,tests/integration/api/test_sync_api.py and test_async_api.py: same filters without collation match zero; sync invalid locale raises ValueError without mutation,per-field Memory/SQLite sync+async oracle verified; owner operational contract retained
Mongoeco,src/mongoeco/cxp/exchange/data/operational-metadata.json,93bdef63c0fdf46015b81e9a3b95d6879217bb31d02bb37d2a12bbfd52200d6f,/collation/operationMetadata/replace_one/scope,Mongoeco applies collation to the named operation or exposes inspection,capability=collation; operation=replace_one,Mongoeco applies collation to the named operation or exposes inspection,operational-metadata.json#/collation/operationMetadata/replace_one/scope,Mongoeco,src/mongoeco/core/collation.py; src/mongoeco/api/operations.py,owner_operational,owner sha256:93bdef63c0fdf46015b81e9a3b95d6879217bb31d02bb37d2a12bbfd52200d6f#/collation/operationMetadata/replace_one/scope,tests/integration/api/test_sync_api.py and test_async_api.py: per-operation case-insensitive matches with collation on Memory and SQLite; installed-wheel replay,tests/integration/api/test_sync_api.py and test_async_api.py: same filters without collation match zero; sync invalid locale raises ValueError without mutation,per-field Memory/SQLite sync+async oracle verified; owner operational contract retained
Mongoeco,src/mongoeco/cxp/exchange/data/operational-metadata.json,93bdef63c0fdf46015b81e9a3b95d6879217bb31d02bb37d2a12bbfd52200d6f,/collation/operationMetadata/replace_one/supportsCollation,typed or bound owner claim at /collation/operationMetadata/replace_one/supportsCollation,capability=collation; operation=replace_one,Mongoeco exchange requirements and public profile evaluation,operational-metadata.json#/collation/operationMetadata/replace_one/supportsCollation,Mongoeco,org.mongoeco:mongodb@1.1.0 /write/replace_one.acceptsCollation,exchange_exact,org.mongoeco:mongodb@1.1.0 /write/replace_one.acceptsCollation; owner sha256:93bdef63c0fdf46015b81e9a3b95d6879217bb31d02bb37d2a12bbfd52200d6f#/collation/operationMetadata/replace_one/supportsCollation,tests/unit/test_cxp_exchange_catalog.py: owner-source equality and compatible cases,"tests/unit/test_cxp_exchange_catalog.py: mismatch, omission and invalid-shape cases",source and pin verified; downstream consumer adoption pending
Mongoeco,src/mongoeco/cxp/exchange/data/operational-metadata.json,93bdef63c0fdf46015b81e9a3b95d6879217bb31d02bb37d2a12bbfd52200d6f,/collation/operationMetadata/serverStatus/inspectionSurface,Mongoeco applies collation to the named operation or exposes inspection,capability=collation; operation=serverStatus,Mongoeco applies collation to the named operation or exposes inspection,operational-metadata.json#/collation/operationMetadata/serverStatus/inspectionSurface,Mongoeco,src/mongoeco/core/collation.py; src/mongoeco/api/operations.py,owner_operational,owner sha256:93bdef63c0fdf46015b81e9a3b95d6879217bb31d02bb37d2a12bbfd52200d6f#/collation/operationMetadata/serverStatus/inspectionSurface,tests/unit/test_database_commands.py: serverStatus exposes mongoeco.collation with selectedBackend,tests/unit/test_database_commands.py: no top-level collation and hello omits the Mongoeco inspection subtree,per-field owner operational oracle verified
Mongoeco,src/mongoeco/cxp/exchange/data/operational-metadata.json,93bdef63c0fdf46015b81e9a3b95d6879217bb31d02bb37d2a12bbfd52200d6f,/collation/operationMetadata/serverStatus/metadataPath,Mongoeco applies collation to the named operation or exposes inspection,capability=collation; operation=serverStatus,Mongoeco applies collation to the named operation or exposes inspection,operational-metadata.json#/collation/operationMetadata/serverStatus/metadataPath,Mongoeco,src/mongoeco/core/collation.py; src/mongoeco/api/operations.py,owner_operational,owner sha256:93bdef63c0fdf46015b81e9a3b95d6879217bb31d02bb37d2a12bbfd52200d6f#/collation/operationMetadata/serverStatus/metadataPath,tests/unit/test_database_commands.py: serverStatus exposes mongoeco.collation with selectedBackend,tests/unit/test_database_commands.py: no top-level collation and hello omits the Mongoeco inspection subtree,per-field owner operational oracle verified
Mongoeco,src/mongoeco/cxp/exchange/data/operational-metadata.json,93bdef63c0fdf46015b81e9a3b95d6879217bb31d02bb37d2a12bbfd52200d6f,/collation/operationMetadata/serverStatus/supportsCapabilityInspection,Mongoeco applies collation to the named operation or exposes inspection,capability=collation; operation=serverStatus,Mongoeco applies collation to the named operation or exposes inspection,operational-metadata.json#/collation/operationMetadata/serverStatus/supportsCapabilityInspection,Mongoeco,src/mongoeco/core/collation.py; src/mongoeco/api/operations.py,owner_operational,owner sha256:93bdef63c0fdf46015b81e9a3b95d6879217bb31d02bb37d2a12bbfd52200d6f#/collation/operationMetadata/serverStatus/supportsCapabilityInspection,tests/unit/test_database_commands.py: serverStatus exposes mongoeco.collation with selectedBackend,tests/unit/test_database_commands.py: no top-level collation and hello omits the Mongoeco inspection subtree,per-field owner operational oracle verified
Mongoeco,src/mongoeco/cxp/exchange/data/operational-metadata.json,93bdef63c0fdf46015b81e9a3b95d6879217bb31d02bb37d2a12bbfd52200d6f,/collation/operationMetadata/update_many/behavior,Mongoeco applies collation to the named operation or exposes inspection,capability=collation; operation=update_many,Mongoeco applies collation to the named operation or exposes inspection,operational-metadata.json#/collation/operationMetadata/update_many/behavior,Mongoeco,src/mongoeco/core/collation.py; src/mongoeco/api/operations.py,owner_operational,owner sha256:93bdef63c0fdf46015b81e9a3b95d6879217bb31d02bb37d2a12bbfd52200d6f#/collation/operationMetadata/update_many/behavior,tests/integration/api/test_sync_api.py and test_async_api.py: per-operation case-insensitive matches with collation on Memory and SQLite; installed-wheel replay,tests/integration/api/test_sync_api.py and test_async_api.py: same filters without collation match zero; sync invalid locale raises ValueError without mutation,per-field Memory/SQLite sync+async oracle verified; owner operational contract retained
Mongoeco,src/mongoeco/cxp/exchange/data/operational-metadata.json,93bdef63c0fdf46015b81e9a3b95d6879217bb31d02bb37d2a12bbfd52200d6f,/collation/operationMetadata/update_many/scope,Mongoeco applies collation to the named operation or exposes inspection,capability=collation; operation=update_many,Mongoeco applies collation to the named operation or exposes inspection,operational-metadata.json#/collation/operationMetadata/update_many/scope,Mongoeco,src/mongoeco/core/collation.py; src/mongoeco/api/operations.py,owner_operational,owner sha256:93bdef63c0fdf46015b81e9a3b95d6879217bb31d02bb37d2a12bbfd52200d6f#/collation/operationMetadata/update_many/scope,tests/integration/api/test_sync_api.py and test_async_api.py: per-operation case-insensitive matches with collation on Memory and SQLite; installed-wheel replay,tests/integration/api/test_sync_api.py and test_async_api.py: same filters without collation match zero; sync invalid locale raises ValueError without mutation,per-field Memory/SQLite sync+async oracle verified; owner operational contract retained
Mongoeco,src/mongoeco/cxp/exchange/data/operational-metadata.json,93bdef63c0fdf46015b81e9a3b95d6879217bb31d02bb37d2a12bbfd52200d6f,/collation/operationMetadata/update_many/supportsCollation,typed or bound owner claim at /collation/operationMetadata/update_many/supportsCollation,capability=collation; operation=update_many,Mongoeco exchange requirements and public profile evaluation,operational-metadata.json#/collation/operationMetadata/update_many/supportsCollation,Mongoeco,org.mongoeco:mongodb@1.1.0 /write/update_many.acceptsCollation,exchange_exact,org.mongoeco:mongodb@1.1.0 /write/update_many.acceptsCollation; owner sha256:93bdef63c0fdf46015b81e9a3b95d6879217bb31d02bb37d2a12bbfd52200d6f#/collation/operationMetadata/update_many/supportsCollation,tests/unit/test_cxp_exchange_catalog.py: owner-source equality and compatible cases,"tests/unit/test_cxp_exchange_catalog.py: mismatch, omission and invalid-shape cases",source and pin verified; downstream consumer adoption pending
Mongoeco,src/mongoeco/cxp/exchange/data/operational-metadata.json,93bdef63c0fdf46015b81e9a3b95d6879217bb31d02bb37d2a12bbfd52200d6f,/collation/operationMetadata/update_one/behavior,Mongoeco applies collation to the named operation or exposes inspection,capability=collation; operation=update_one,Mongoeco applies collation to the named operation or exposes inspection,operational-metadata.json#/collation/operationMetadata/update_one/behavior,Mongoeco,src/mongoeco/core/collation.py; src/mongoeco/api/operations.py,owner_operational,owner sha256:93bdef63c0fdf46015b81e9a3b95d6879217bb31d02bb37d2a12bbfd52200d6f#/collation/operationMetadata/update_one/behavior,"tests/integration/api/test_sync_api.py and test_async_api.py: per-operation collation query, sort, mutation or distinct result on Memory and SQLite; installed-wheel replay","tests/integration/api/test_sync_api.py and test_async_api.py: same query, sort, mutation or distinct operation without collation produces a different result",per-field Memory/SQLite sync+async oracle verified; owner operational contract retained
Mongoeco,src/mongoeco/cxp/exchange/data/operational-metadata.json,93bdef63c0fdf46015b81e9a3b95d6879217bb31d02bb37d2a12bbfd52200d6f,/collation/operationMetadata/update_one/scope,Mongoeco applies collation to the named operation or exposes inspection,capability=collation; operation=update_one,Mongoeco applies collation to the named operation or exposes inspection,operational-metadata.json#/collation/operationMetadata/update_one/scope,Mongoeco,src/mongoeco/core/collation.py; src/mongoeco/api/operations.py,owner_operational,owner sha256:93bdef63c0fdf46015b81e9a3b95d6879217bb31d02bb37d2a12bbfd52200d6f#/collation/operationMetadata/update_one/scope,"tests/integration/api/test_sync_api.py and test_async_api.py: per-operation collation query, sort, mutation or distinct result on Memory and SQLite; installed-wheel replay","tests/integration/api/test_sync_api.py and test_async_api.py: same query, sort, mutation or distinct operation without collation produces a different result",per-field Memory/SQLite sync+async oracle verified; owner operational contract retained
Mongoeco,src/mongoeco/cxp/exchange/data/operational-metadata.json,93bdef63c0fdf46015b81e9a3b95d6879217bb31d02bb37d2a12bbfd52200d6f,/collation/operationMetadata/update_one/supportsCollation,typed or bound owner claim at /collation/operationMetadata/update_one/supportsCollation,capability=collation; operation=update_one,Mongoeco exchange requirements and public profile evaluation,operational-metadata.json#/collation/operationMetadata/update_one/supportsCollation,Mongoeco,org.mongoeco:mongodb@1.1.0 /write/update_one.acceptsCollation,exchange_exact,org.mongoeco:mongodb@1.1.0 /write/update_one.acceptsCollation; owner sha256:93bdef63c0fdf46015b81e9a3b95d6879217bb31d02bb37d2a12bbfd52200d6f#/collation/operationMetadata/update_one/supportsCollation,tests/unit/test_cxp_exchange_catalog.py: owner-source equality and compatible cases,"tests/unit/test_cxp_exchange_catalog.py: mismatch, omission and invalid-shape cases",source and pin verified; downstream consumer adoption pending
Mongoeco,src/mongoeco/cxp/exchange/data/operational-metadata.json,93bdef63c0fdf46015b81e9a3b95d6879217bb31d02bb37d2a12bbfd52200d6f,/persistence/operationMetadata/listDatabases/behavior,Mongoeco command response exposes persistence inspection facts,capability=persistence; operation=listDatabases,Mongoeco command response exposes persistence inspection facts,operational-metadata.json#/persistence/operationMetadata/listDatabases/behavior,Mongoeco,src/mongoeco/api/_async/database_commands.py,owner_operational,owner sha256:93bdef63c0fdf46015b81e9a3b95d6879217bb31d02bb37d2a12bbfd52200d6f#/persistence/operationMetadata/listDatabases/behavior,"tests/integration/api/admin_command_cases.py via sync and async API: listDatabases command returns visible alpha and beta, filter alpha, and nameOnly projection",tests/integration/api/admin_command_cases.py: filter alpha excludes beta and nameOnly omits sizeOnDisk,per-field owner operational oracle verified
Mongoeco,src/mongoeco/cxp/exchange/data/operational-metadata.json,93bdef63c0fdf46015b81e9a3b95d6879217bb31d02bb37d2a12bbfd52200d6f,/persistence/operationMetadata/listDatabases/inspectionSurface,Mongoeco command response exposes persistence inspection facts,capability=persistence; operation=listDatabases,Mongoeco command response exposes persistence inspection facts,operational-metadata.json#/persistence/operationMetadata/listDatabases/inspectionSurface,Mongoeco,src/mongoeco/api/_async/database_commands.py,owner_operational,owner sha256:93bdef63c0fdf46015b81e9a3b95d6879217bb31d02bb37d2a12bbfd52200d6f#/persistence/operationMetadata/listDatabases/inspectionSurface,"tests/integration/api/admin_command_cases.py via sync and async API: listDatabases command returns visible alpha and beta, filter alpha, and nameOnly projection",tests/integration/api/admin_command_cases.py: filter alpha excludes beta and nameOnly omits sizeOnDisk,per-field owner operational oracle verified
Mongoeco,src/mongoeco/cxp/exchange/data/operational-metadata.json,93bdef63c0fdf46015b81e9a3b95d6879217bb31d02bb37d2a12bbfd52200d6f,/persistence/operationMetadata/listDatabases/supportsCapabilityInspection,Mongoeco command response exposes persistence inspection facts,capability=persistence; operation=listDatabases,Mongoeco command response exposes persistence inspection facts,operational-metadata.json#/persistence/operationMetadata/listDatabases/supportsCapabilityInspection,Mongoeco,src/mongoeco/api/_async/database_commands.py,owner_operational,owner sha256:93bdef63c0fdf46015b81e9a3b95d6879217bb31d02bb37d2a12bbfd52200d6f#/persistence/operationMetadata/listDatabases/supportsCapabilityInspection,"tests/integration/api/admin_command_cases.py via sync and async API: listDatabases command returns visible alpha and beta, filter alpha, and nameOnly projection",tests/integration/api/admin_command_cases.py: filter alpha excludes beta and nameOnly omits sizeOnDisk,per-field owner operational oracle verified
Mongoeco,src/mongoeco/cxp/exchange/data/operational-metadata.json,93bdef63c0fdf46015b81e9a3b95d6879217bb31d02bb37d2a12bbfd52200d6f,/persistence/operationMetadata/serverStatus/inspectionSurface,Mongoeco command response exposes persistence inspection facts,capability=persistence; operation=serverStatus,Mongoeco command response exposes persistence inspection facts,operational-metadata.json#/persistence/operationMetadata/serverStatus/inspectionSurface,Mongoeco,src/mongoeco/api/_async/database_commands.py,owner_operational,owner sha256:93bdef63c0fdf46015b81e9a3b95d6879217bb31d02bb37d2a12bbfd52200d6f#/persistence/operationMetadata/serverStatus/inspectionSurface,tests/integration/api/admin_command_cases.py via sync and async API: serverStatus command returns storageEngine.name and mongoeco.engineRuntime for Memory and SQLite,tests/integration/api/admin_command_cases.py: hello omits storageEngine and serverStatus omits top-level engineRuntime,per-field owner operational oracle verified
Mongoeco,src/mongoeco/cxp/exchange/data/operational-metadata.json,93bdef63c0fdf46015b81e9a3b95d6879217bb31d02bb37d2a12bbfd52200d6f,/persistence/operationMetadata/serverStatus/metadataPaths,Mongoeco command response exposes persistence inspection facts,capability=persistence; operation=serverStatus,Mongoeco command response exposes persistence inspection facts,operational-metadata.json#/persistence/operationMetadata/serverStatus/metadataPaths,Mongoeco,src/mongoeco/api/_async/database_commands.py,owner_operational,owner sha256:93bdef63c0fdf46015b81e9a3b95d6879217bb31d02bb37d2a12bbfd52200d6f#/persistence/operationMetadata/serverStatus/metadataPaths,tests/integration/api/admin_command_cases.py via sync and async API: serverStatus command returns storageEngine.name and mongoeco.engineRuntime for Memory and SQLite,tests/integration/api/admin_command_cases.py: hello omits storageEngine and serverStatus omits top-level engineRuntime,per-field owner operational oracle verified
Mongoeco,src/mongoeco/cxp/exchange/data/operational-metadata.json,93bdef63c0fdf46015b81e9a3b95d6879217bb31d02bb37d2a12bbfd52200d6f,/persistence/operationMetadata/serverStatus/supportsCapabilityInspection,Mongoeco command response exposes persistence inspection facts,capability=persistence; operation=serverStatus,Mongoeco command response exposes persistence inspection facts,operational-metadata.json#/persistence/operationMetadata/serverStatus/supportsCapabilityInspection,Mongoeco,src/mongoeco/api/_async/database_commands.py,owner_operational,owner sha256:93bdef63c0fdf46015b81e9a3b95d6879217bb31d02bb37d2a12bbfd52200d6f#/persistence/operationMetadata/serverStatus/supportsCapabilityInspection,tests/integration/api/admin_command_cases.py via sync and async API: serverStatus command returns storageEngine.name and mongoeco.engineRuntime for Memory and SQLite,tests/integration/api/admin_command_cases.py: hello omits storageEngine and serverStatus omits top-level engineRuntime,per-field owner operational oracle verified
Mongoeco,src/mongoeco/cxp/exchange/data/operational-metadata.json,93bdef63c0fdf46015b81e9a3b95d6879217bb31d02bb37d2a12bbfd52200d6f,/persistence/persistent,typed or bound owner claim at /persistence/persistent,capability=persistence; operation=none,concrete configured provider and its admission consumer,operational-metadata.json#/persistence/persistent,Mongoeco,org.mongoeco:mongodb@1.1.0 /persistence/persistent,exchange_runtime_observation,org.mongoeco:mongodb@1.1.0 /persistence/persistent; owner sha256:93bdef63c0fdf46015b81e9a3b95d6879217bb31d02bb37d2a12bbfd52200d6f#/persistence/persistent,tests/unit/test_cxp_exchange_catalog.py: concrete snapshot projection,tests/unit/test_cxp_exchange_catalog.py: generic omission and invalid-shape cases,catalog definition verified; deployment observation pending
Mongoeco,src/mongoeco/cxp/exchange/data/operational-metadata.json,93bdef63c0fdf46015b81e9a3b95d6879217bb31d02bb37d2a12bbfd52200d6f,/persistence/storageEngine,runtime-selected storage engine; owner source says runtime-dependent,capability=persistence; operation=none,runtime-selected storage engine; owner source says runtime-dependent,operational-metadata.json#/persistence/storageEngine,Mongoeco,src/mongoeco/api/_async/database_commands.py; src/mongoeco/engines,owner_runtime_observation,owner sha256:93bdef63c0fdf46015b81e9a3b95d6879217bb31d02bb37d2a12bbfd52200d6f#/persistence/storageEngine,tests/unit/test_database_commands.py: serverStatus behavior,tests/unit/test_database_commands.py: serverStatus behavior,deployment observation and admission oracle pending
Mongoeco,src/mongoeco/cxp/exchange/data/operational-metadata.json,93bdef63c0fdf46015b81e9a3b95d6879217bb31d02bb37d2a12bbfd52200d6f,/read/async,typed or bound owner claim at /read/async,capability=read; operation=none,Mongoeco exchange requirements and public profile evaluation,operational-metadata.json#/read/async,Mongoeco,org.mongoeco:mongodb@1.1.0 /read/async,exchange_exact,org.mongoeco:mongodb@1.1.0 /read/async; owner sha256:93bdef63c0fdf46015b81e9a3b95d6879217bb31d02bb37d2a12bbfd52200d6f#/read/async,tests/unit/test_cxp_exchange_catalog.py: owner-source equality and compatible cases,"tests/unit/test_cxp_exchange_catalog.py: mismatch, omission and invalid-shape cases",source and pin verified; downstream consumer adoption pending
Mongoeco,src/mongoeco/cxp/exchange/data/operational-metadata.json,93bdef63c0fdf46015b81e9a3b95d6879217bb31d02bb37d2a12bbfd52200d6f,/read/embedded,typed or bound owner claim at /read/embedded,capability=read; operation=none,Mongoeco exchange requirements and public profile evaluation,operational-metadata.json#/read/embedded,Mongoeco,org.mongoeco:mongodb@1.1.0 /read/embedded,exchange_exact,org.mongoeco:mongodb@1.1.0 /read/embedded; owner sha256:93bdef63c0fdf46015b81e9a3b95d6879217bb31d02bb37d2a12bbfd52200d6f#/read/embedded,tests/unit/test_cxp_exchange_catalog.py: owner-source equality and compatible cases,"tests/unit/test_cxp_exchange_catalog.py: mismatch, omission and invalid-shape cases",source and pin verified; downstream consumer adoption pending
Mongoeco,src/mongoeco/cxp/exchange/data/operational-metadata.json,93bdef63c0fdf46015b81e9a3b95d6879217bb31d02bb37d2a12bbfd52200d6f,/read/operationMetadata/count_documents/acceptedNoopOptions,typed or bound owner claim at /read/operationMetadata/count_documents/acceptedNoopOptions,capability=read; operation=count_documents,Mongoeco exchange requirements and public profile evaluation,operational-metadata.json#/read/operationMetadata/count_documents/acceptedNoopOptions,Mongoeco,org.mongoeco:mongodb@1.1.0 /read/count_documents.acceptedNoopOptions,exchange_exact,org.mongoeco:mongodb@1.1.0 /read/count_documents.acceptedNoopOptions; owner sha256:93bdef63c0fdf46015b81e9a3b95d6879217bb31d02bb37d2a12bbfd52200d6f#/read/operationMetadata/count_documents/acceptedNoopOptions,tests/unit/test_cxp_exchange_catalog.py: owner-source equality and compatible cases,"tests/unit/test_cxp_exchange_catalog.py: mismatch, omission and invalid-shape cases",source and pin verified; downstream consumer adoption pending
Mongoeco,src/mongoeco/cxp/exchange/data/operational-metadata.json,93bdef63c0fdf46015b81e9a3b95d6879217bb31d02bb37d2a12bbfd52200d6f,/read/operationMetadata/count_documents/acceptsCollation,typed or bound owner claim at /read/operationMetadata/count_documents/acceptsCollation,capability=read; operation=count_documents,Mongoeco exchange requirements and public profile evaluation,operational-metadata.json#/read/operationMetadata/count_documents/acceptsCollation,Mongoeco,org.mongoeco:mongodb@1.1.0 /read/count_documents.acceptsCollation,exchange_exact,org.mongoeco:mongodb@1.1.0 /read/count_documents.acceptsCollation; owner sha256:93bdef63c0fdf46015b81e9a3b95d6879217bb31d02bb37d2a12bbfd52200d6f#/read/operationMetadata/count_documents/acceptsCollation,tests/unit/test_cxp_exchange_catalog.py: owner-source equality and compatible cases,"tests/unit/test_cxp_exchange_catalog.py: mismatch, omission and invalid-shape cases",source and pin verified; downstream consumer adoption pending
Mongoeco,src/mongoeco/cxp/exchange/data/operational-metadata.json,93bdef63c0fdf46015b81e9a3b95d6879217bb31d02bb37d2a12bbfd52200d6f,/read/operationMetadata/count_documents/acceptsComment,typed or bound owner claim at /read/operationMetadata/count_documents/acceptsComment,capability=read; operation=count_documents,Mongoeco exchange requirements and public profile evaluation,operational-metadata.json#/read/operationMetadata/count_documents/acceptsComment,Mongoeco,org.mongoeco:mongodb@1.1.0 /read/count_documents.acceptsComment,exchange_exact,org.mongoeco:mongodb@1.1.0 /read/count_documents.acceptsComment; owner sha256:93bdef63c0fdf46015b81e9a3b95d6879217bb31d02bb37d2a12bbfd52200d6f#/read/operationMetadata/count_documents/acceptsComment,tests/unit/test_cxp_exchange_catalog.py: owner-source equality and compatible cases,"tests/unit/test_cxp_exchange_catalog.py: mismatch, omission and invalid-shape cases",source and pin verified; downstream consumer adoption pending
Mongoeco,src/mongoeco/cxp/exchange/data/operational-metadata.json,93bdef63c0fdf46015b81e9a3b95d6879217bb31d02bb37d2a12bbfd52200d6f,/read/operationMetadata/count_documents/acceptsFilter,typed or bound owner claim at /read/operationMetadata/count_documents/acceptsFilter,capability=read; operation=count_documents,Mongoeco exchange requirements and public profile evaluation,operational-metadata.json#/read/operationMetadata/count_documents/acceptsFilter,Mongoeco,org.mongoeco:mongodb@1.1.0 /read/count_documents.acceptsFilter,exchange_exact,org.mongoeco:mongodb@1.1.0 /read/count_documents.acceptsFilter; owner sha256:93bdef63c0fdf46015b81e9a3b95d6879217bb31d02bb37d2a12bbfd52200d6f#/read/operationMetadata/count_documents/acceptsFilter,tests/unit/test_cxp_exchange_catalog.py: owner-source equality and compatible cases,"tests/unit/test_cxp_exchange_catalog.py: mismatch, omission and invalid-shape cases",source and pin verified; downstream consumer adoption pending
Mongoeco,src/mongoeco/cxp/exchange/data/operational-metadata.json,93bdef63c0fdf46015b81e9a3b95d6879217bb31d02bb37d2a12bbfd52200d6f,/read/operationMetadata/count_documents/acceptsHint,typed or bound owner claim at /read/operationMetadata/count_documents/acceptsHint,capability=read; operation=count_documents,Mongoeco exchange requirements and public profile evaluation,operational-metadata.json#/read/operationMetadata/count_documents/acceptsHint,Mongoeco,org.mongoeco:mongodb@1.1.0 /read/count_documents.acceptsHint,exchange_exact,org.mongoeco:mongodb@1.1.0 /read/count_documents.acceptsHint; owner sha256:93bdef63c0fdf46015b81e9a3b95d6879217bb31d02bb37d2a12bbfd52200d6f#/read/operationMetadata/count_documents/acceptsHint,tests/unit/test_cxp_exchange_catalog.py: owner-source equality and compatible cases,"tests/unit/test_cxp_exchange_catalog.py: mismatch, omission and invalid-shape cases",source and pin verified; downstream consumer adoption pending
Mongoeco,src/mongoeco/cxp/exchange/data/operational-metadata.json,93bdef63c0fdf46015b81e9a3b95d6879217bb31d02bb37d2a12bbfd52200d6f,/read/operationMetadata/count_documents/acceptsMaxTimeMs,typed or bound owner claim at /read/operationMetadata/count_documents/acceptsMaxTimeMs,capability=read; operation=count_documents,Mongoeco exchange requirements and public profile evaluation,operational-metadata.json#/read/operationMetadata/count_documents/acceptsMaxTimeMs,Mongoeco,org.mongoeco:mongodb@1.1.0 /read/count_documents.acceptsMaxTimeMs,exchange_exact,org.mongoeco:mongodb@1.1.0 /read/count_documents.acceptsMaxTimeMs; owner sha256:93bdef63c0fdf46015b81e9a3b95d6879217bb31d02bb37d2a12bbfd52200d6f#/read/operationMetadata/count_documents/acceptsMaxTimeMs,tests/unit/test_cxp_exchange_catalog.py: owner-source equality and compatible cases,"tests/unit/test_cxp_exchange_catalog.py: mismatch, omission and invalid-shape cases",source and pin verified; downstream consumer adoption pending
Mongoeco,src/mongoeco/cxp/exchange/data/operational-metadata.json,93bdef63c0fdf46015b81e9a3b95d6879217bb31d02bb37d2a12bbfd52200d6f,/read/operationMetadata/count_documents/collectionScoped,typed or bound owner claim at /read/operationMetadata/count_documents/collectionScoped,capability=read; operation=count_documents,Mongoeco exchange requirements and public profile evaluation,operational-metadata.json#/read/operationMetadata/count_documents/collectionScoped,Mongoeco,org.mongoeco:mongodb@1.1.0 /read/count_documents.collectionScoped,exchange_exact,org.mongoeco:mongodb@1.1.0 /read/count_documents.collectionScoped; owner sha256:93bdef63c0fdf46015b81e9a3b95d6879217bb31d02bb37d2a12bbfd52200d6f#/read/operationMetadata/count_documents/collectionScoped,tests/unit/test_cxp_exchange_catalog.py: owner-source equality and compatible cases,"tests/unit/test_cxp_exchange_catalog.py: mismatch, omission and invalid-shape cases",source and pin verified; downstream consumer adoption pending
Mongoeco,src/mongoeco/cxp/exchange/data/operational-metadata.json,93bdef63c0fdf46015b81e9a3b95d6879217bb31d02bb37d2a12bbfd52200d6f,/read/operationMetadata/count_documents/resultType,typed or bound owner claim at /read/operationMetadata/count_documents/resultType,capability=read; operation=count_documents,Mongoeco exchange requirements and public profile evaluation,operational-metadata.json#/read/operationMetadata/count_documents/resultType,Mongoeco,org.mongoeco:result.count:1,exchange_exact,org.mongoeco:result.count:1; owner sha256:93bdef63c0fdf46015b81e9a3b95d6879217bb31d02bb37d2a12bbfd52200d6f#/read/operationMetadata/count_documents/resultType,tests/unit/test_cxp_exchange_catalog.py: owner-source equality and compatible cases,"tests/unit/test_cxp_exchange_catalog.py: mismatch, omission and invalid-shape cases",source and pin verified; downstream consumer adoption pending
Mongoeco,src/mongoeco/cxp/exchange/data/operational-metadata.json,93bdef63c0fdf46015b81e9a3b95d6879217bb31d02bb37d2a12bbfd52200d6f,/read/operationMetadata/count_documents/supportedOptions,typed or bound owner claim at /read/operationMetadata/count_documents/supportedOptions,capability=read; operation=count_documents,Mongoeco exchange requirements and public profile evaluation,operational-metadata.json#/read/operationMetadata/count_documents/supportedOptions,Mongoeco,org.mongoeco:mongodb@1.1.0 /read/count_documents.supportedOptions,exchange_exact,org.mongoeco:mongodb@1.1.0 /read/count_documents.supportedOptions; owner sha256:93bdef63c0fdf46015b81e9a3b95d6879217bb31d02bb37d2a12bbfd52200d6f#/read/operationMetadata/count_documents/supportedOptions,tests/unit/test_cxp_exchange_catalog.py: owner-source equality and compatible cases,"tests/unit/test_cxp_exchange_catalog.py: mismatch, omission and invalid-shape cases",source and pin verified; downstream consumer adoption pending
Mongoeco,src/mongoeco/cxp/exchange/data/operational-metadata.json,93bdef63c0fdf46015b81e9a3b95d6879217bb31d02bb37d2a12bbfd52200d6f,/read/operationMetadata/count_documents/supportsExplain,typed or bound owner claim at /read/operationMetadata/count_documents/supportsExplain,capability=read; operation=count_documents,Mongoeco exchange requirements and public profile evaluation,operational-metadata.json#/read/operationMetadata/count_documents/supportsExplain,Mongoeco,org.mongoeco:mongodb@1.1.0 /read/count_documents.supportsExplain,exchange_exact,org.mongoeco:mongodb@1.1.0 /read/count_documents.supportsExplain; owner sha256:93bdef63c0fdf46015b81e9a3b95d6879217bb31d02bb37d2a12bbfd52200d6f#/read/operationMetadata/count_documents/supportsExplain,tests/unit/test_cxp_exchange_catalog.py: owner-source equality and compatible cases,"tests/unit/test_cxp_exchange_catalog.py: mismatch, omission and invalid-shape cases",source and pin verified; downstream consumer adoption pending
Mongoeco,src/mongoeco/cxp/exchange/data/operational-metadata.json,93bdef63c0fdf46015b81e9a3b95d6879217bb31d02bb37d2a12bbfd52200d6f,/read/operationMetadata/count_documents/supportsSession,typed or bound owner claim at /read/operationMetadata/count_documents/supportsSession,capability=read; operation=count_documents,Mongoeco exchange requirements and public profile evaluation,operational-metadata.json#/read/operationMetadata/count_documents/supportsSession,Mongoeco,org.mongoeco:mongodb@1.1.0 /read/count_documents.supportsSession,exchange_exact,org.mongoeco:mongodb@1.1.0 /read/count_documents.supportsSession; owner sha256:93bdef63c0fdf46015b81e9a3b95d6879217bb31d02bb37d2a12bbfd52200d6f#/read/operationMetadata/count_documents/supportsSession,tests/unit/test_cxp_exchange_catalog.py: owner-source equality and compatible cases,"tests/unit/test_cxp_exchange_catalog.py: mismatch, omission and invalid-shape cases",source and pin verified; downstream consumer adoption pending
Mongoeco,src/mongoeco/cxp/exchange/data/operational-metadata.json,93bdef63c0fdf46015b81e9a3b95d6879217bb31d02bb37d2a12bbfd52200d6f,/read/operationMetadata/count_documents/unsupportedOptions,typed or bound owner claim at /read/operationMetadata/count_documents/unsupportedOptions,capability=read; operation=count_documents,Mongoeco exchange requirements and public profile evaluation,operational-metadata.json#/read/operationMetadata/count_documents/unsupportedOptions,Mongoeco,org.mongoeco:mongodb@1.1.0 /read/count_documents.unsupportedOptions,exchange_exact,org.mongoeco:mongodb@1.1.0 /read/count_documents.unsupportedOptions; owner sha256:93bdef63c0fdf46015b81e9a3b95d6879217bb31d02bb37d2a12bbfd52200d6f#/read/operationMetadata/count_documents/unsupportedOptions,tests/unit/test_cxp_exchange_catalog.py: owner-source equality and compatible cases,"tests/unit/test_cxp_exchange_catalog.py: mismatch, omission and invalid-shape cases",source and pin verified; downstream consumer adoption pending
Mongoeco,src/mongoeco/cxp/exchange/data/operational-metadata.json,93bdef63c0fdf46015b81e9a3b95d6879217bb31d02bb37d2a12bbfd52200d6f,/read/operationMetadata/distinct/acceptedNoopOptions,typed or bound owner claim at /read/operationMetadata/distinct/acceptedNoopOptions,capability=read; operation=distinct,Mongoeco exchange requirements and public profile evaluation,operational-metadata.json#/read/operationMetadata/distinct/acceptedNoopOptions,Mongoeco,org.mongoeco:mongodb@1.1.0 /read/distinct.acceptedNoopOptions,exchange_exact,org.mongoeco:mongodb@1.1.0 /read/distinct.acceptedNoopOptions; owner sha256:93bdef63c0fdf46015b81e9a3b95d6879217bb31d02bb37d2a12bbfd52200d6f#/read/operationMetadata/distinct/acceptedNoopOptions,tests/unit/test_cxp_exchange_catalog.py: owner-source equality and compatible cases,"tests/unit/test_cxp_exchange_catalog.py: mismatch, omission and invalid-shape cases",source and pin verified; downstream consumer adoption pending
Mongoeco,src/mongoeco/cxp/exchange/data/operational-metadata.json,93bdef63c0fdf46015b81e9a3b95d6879217bb31d02bb37d2a12bbfd52200d6f,/read/operationMetadata/distinct/acceptsCollation,typed or bound owner claim at /read/operationMetadata/distinct/acceptsCollation,capability=read; operation=distinct,Mongoeco exchange requirements and public profile evaluation,operational-metadata.json#/read/operationMetadata/distinct/acceptsCollation,Mongoeco,org.mongoeco:mongodb@1.1.0 /read/distinct.acceptsCollation,exchange_exact,org.mongoeco:mongodb@1.1.0 /read/distinct.acceptsCollation; owner sha256:93bdef63c0fdf46015b81e9a3b95d6879217bb31d02bb37d2a12bbfd52200d6f#/read/operationMetadata/distinct/acceptsCollation,tests/unit/test_cxp_exchange_catalog.py: owner-source equality and compatible cases,"tests/unit/test_cxp_exchange_catalog.py: mismatch, omission and invalid-shape cases",source and pin verified; downstream consumer adoption pending
Mongoeco,src/mongoeco/cxp/exchange/data/operational-metadata.json,93bdef63c0fdf46015b81e9a3b95d6879217bb31d02bb37d2a12bbfd52200d6f,/read/operationMetadata/distinct/acceptsComment,typed or bound owner claim at /read/operationMetadata/distinct/acceptsComment,capability=read; operation=distinct,Mongoeco exchange requirements and public profile evaluation,operational-metadata.json#/read/operationMetadata/distinct/acceptsComment,Mongoeco,org.mongoeco:mongodb@1.1.0 /read/distinct.acceptsComment,exchange_exact,org.mongoeco:mongodb@1.1.0 /read/distinct.acceptsComment; owner sha256:93bdef63c0fdf46015b81e9a3b95d6879217bb31d02bb37d2a12bbfd52200d6f#/read/operationMetadata/distinct/acceptsComment,tests/unit/test_cxp_exchange_catalog.py: owner-source equality and compatible cases,"tests/unit/test_cxp_exchange_catalog.py: mismatch, omission and invalid-shape cases",source and pin verified; downstream consumer adoption pending
Mongoeco,src/mongoeco/cxp/exchange/data/operational-metadata.json,93bdef63c0fdf46015b81e9a3b95d6879217bb31d02bb37d2a12bbfd52200d6f,/read/operationMetadata/distinct/acceptsFieldPath,typed or bound owner claim at /read/operationMetadata/distinct/acceptsFieldPath,capability=read; operation=distinct,Mongoeco exchange requirements and public profile evaluation,operational-metadata.json#/read/operationMetadata/distinct/acceptsFieldPath,Mongoeco,org.mongoeco:mongodb@1.1.0 /read/distinct.acceptsFieldPath,exchange_exact,org.mongoeco:mongodb@1.1.0 /read/distinct.acceptsFieldPath; owner sha256:93bdef63c0fdf46015b81e9a3b95d6879217bb31d02bb37d2a12bbfd52200d6f#/read/operationMetadata/distinct/acceptsFieldPath,tests/unit/test_cxp_exchange_catalog.py: owner-source equality and compatible cases,"tests/unit/test_cxp_exchange_catalog.py: mismatch, omission and invalid-shape cases",source and pin verified; downstream consumer adoption pending
Mongoeco,src/mongoeco/cxp/exchange/data/operational-metadata.json,93bdef63c0fdf46015b81e9a3b95d6879217bb31d02bb37d2a12bbfd52200d6f,/read/operationMetadata/distinct/acceptsFilter,typed or bound owner claim at /read/operationMetadata/distinct/acceptsFilter,capability=read; operation=distinct,Mongoeco exchange requirements and public profile evaluation,operational-metadata.json#/read/operationMetadata/distinct/acceptsFilter,Mongoeco,org.mongoeco:mongodb@1.1.0 /read/distinct.acceptsFilter,exchange_exact,org.mongoeco:mongodb@1.1.0 /read/distinct.acceptsFilter; owner sha256:93bdef63c0fdf46015b81e9a3b95d6879217bb31d02bb37d2a12bbfd52200d6f#/read/operationMetadata/distinct/acceptsFilter,tests/unit/test_cxp_exchange_catalog.py: owner-source equality and compatible cases,"tests/unit/test_cxp_exchange_catalog.py: mismatch, omission and invalid-shape cases",source and pin verified; downstream consumer adoption pending
Mongoeco,src/mongoeco/cxp/exchange/data/operational-metadata.json,93bdef63c0fdf46015b81e9a3b95d6879217bb31d02bb37d2a12bbfd52200d6f,/read/operationMetadata/distinct/acceptsHint,typed or bound owner claim at /read/operationMetadata/distinct/acceptsHint,capability=read; operation=distinct,Mongoeco exchange requirements and public profile evaluation,operational-metadata.json#/read/operationMetadata/distinct/acceptsHint,Mongoeco,org.mongoeco:mongodb@1.1.0 /read/distinct.acceptsHint,exchange_exact,org.mongoeco:mongodb@1.1.0 /read/distinct.acceptsHint; owner sha256:93bdef63c0fdf46015b81e9a3b95d6879217bb31d02bb37d2a12bbfd52200d6f#/read/operationMetadata/distinct/acceptsHint,tests/unit/test_cxp_exchange_catalog.py: owner-source equality and compatible cases,"tests/unit/test_cxp_exchange_catalog.py: mismatch, omission and invalid-shape cases",source and pin verified; downstream consumer adoption pending
Mongoeco,src/mongoeco/cxp/exchange/data/operational-metadata.json,93bdef63c0fdf46015b81e9a3b95d6879217bb31d02bb37d2a12bbfd52200d6f,/read/operationMetadata/distinct/acceptsMaxTimeMs,typed or bound owner claim at /read/operationMetadata/distinct/acceptsMaxTimeMs,capability=read; operation=distinct,Mongoeco exchange requirements and public profile evaluation,operational-metadata.json#/read/operationMetadata/distinct/acceptsMaxTimeMs,Mongoeco,org.mongoeco:mongodb@1.1.0 /read/distinct.acceptsMaxTimeMs,exchange_exact,org.mongoeco:mongodb@1.1.0 /read/distinct.acceptsMaxTimeMs; owner sha256:93bdef63c0fdf46015b81e9a3b95d6879217bb31d02bb37d2a12bbfd52200d6f#/read/operationMetadata/distinct/acceptsMaxTimeMs,tests/unit/test_cxp_exchange_catalog.py: owner-source equality and compatible cases,"tests/unit/test_cxp_exchange_catalog.py: mismatch, omission and invalid-shape cases",source and pin verified; downstream consumer adoption pending
Mongoeco,src/mongoeco/cxp/exchange/data/operational-metadata.json,93bdef63c0fdf46015b81e9a3b95d6879217bb31d02bb37d2a12bbfd52200d6f,/read/operationMetadata/distinct/collectionScoped,typed or bound owner claim at /read/operationMetadata/distinct/collectionScoped,capability=read; operation=distinct,Mongoeco exchange requirements and public profile evaluation,operational-metadata.json#/read/operationMetadata/distinct/collectionScoped,Mongoeco,org.mongoeco:mongodb@1.1.0 /read/distinct.collectionScoped,exchange_exact,org.mongoeco:mongodb@1.1.0 /read/distinct.collectionScoped; owner sha256:93bdef63c0fdf46015b81e9a3b95d6879217bb31d02bb37d2a12bbfd52200d6f#/read/operationMetadata/distinct/collectionScoped,tests/unit/test_cxp_exchange_catalog.py: owner-source equality and compatible cases,"tests/unit/test_cxp_exchange_catalog.py: mismatch, omission and invalid-shape cases",source and pin verified; downstream consumer adoption pending
Mongoeco,src/mongoeco/cxp/exchange/data/operational-metadata.json,93bdef63c0fdf46015b81e9a3b95d6879217bb31d02bb37d2a12bbfd52200d6f,/read/operationMetadata/distinct/resultType,typed or bound owner claim at /read/operationMetadata/distinct/resultType,capability=read; operation=distinct,Mongoeco exchange requirements and public profile evaluation,operational-metadata.json#/read/operationMetadata/distinct/resultType,Mongoeco,org.mongoeco:result.array:1,exchange_exact,org.mongoeco:result.array:1; owner sha256:93bdef63c0fdf46015b81e9a3b95d6879217bb31d02bb37d2a12bbfd52200d6f#/read/operationMetadata/distinct/resultType,tests/unit/test_cxp_exchange_catalog.py: owner-source equality and compatible cases,"tests/unit/test_cxp_exchange_catalog.py: mismatch, omission and invalid-shape cases",source and pin verified; downstream consumer adoption pending
Mongoeco,src/mongoeco/cxp/exchange/data/operational-metadata.json,93bdef63c0fdf46015b81e9a3b95d6879217bb31d02bb37d2a12bbfd52200d6f,/read/operationMetadata/distinct/supportedOptions,typed or bound owner claim at /read/operationMetadata/distinct/supportedOptions,capability=read; operation=distinct,Mongoeco exchange requirements and public profile evaluation,operational-metadata.json#/read/operationMetadata/distinct/supportedOptions,Mongoeco,org.mongoeco:mongodb@1.1.0 /read/distinct.supportedOptions,exchange_exact,org.mongoeco:mongodb@1.1.0 /read/distinct.supportedOptions; owner sha256:93bdef63c0fdf46015b81e9a3b95d6879217bb31d02bb37d2a12bbfd52200d6f#/read/operationMetadata/distinct/supportedOptions,tests/unit/test_cxp_exchange_catalog.py: owner-source equality and compatible cases,"tests/unit/test_cxp_exchange_catalog.py: mismatch, omission and invalid-shape cases",source and pin verified; downstream consumer adoption pending
Mongoeco,src/mongoeco/cxp/exchange/data/operational-metadata.json,93bdef63c0fdf46015b81e9a3b95d6879217bb31d02bb37d2a12bbfd52200d6f,/read/operationMetadata/distinct/supportsExplain,typed or bound owner claim at /read/operationMetadata/distinct/supportsExplain,capability=read; operation=distinct,Mongoeco exchange requirements and public profile evaluation,operational-metadata.json#/read/operationMetadata/distinct/supportsExplain,Mongoeco,org.mongoeco:mongodb@1.1.0 /read/distinct.supportsExplain,exchange_exact,org.mongoeco:mongodb@1.1.0 /read/distinct.supportsExplain; owner sha256:93bdef63c0fdf46015b81e9a3b95d6879217bb31d02bb37d2a12bbfd52200d6f#/read/operationMetadata/distinct/supportsExplain,tests/unit/test_cxp_exchange_catalog.py: owner-source equality and compatible cases,"tests/unit/test_cxp_exchange_catalog.py: mismatch, omission and invalid-shape cases",source and pin verified; downstream consumer adoption pending
Mongoeco,src/mongoeco/cxp/exchange/data/operational-metadata.json,93bdef63c0fdf46015b81e9a3b95d6879217bb31d02bb37d2a12bbfd52200d6f,/read/operationMetadata/distinct/supportsSession,typed or bound owner claim at /read/operationMetadata/distinct/supportsSession,capability=read; operation=distinct,Mongoeco exchange requirements and public profile evaluation,operational-metadata.json#/read/operationMetadata/distinct/supportsSession,Mongoeco,org.mongoeco:mongodb@1.1.0 /read/distinct.supportsSession,exchange_exact,org.mongoeco:mongodb@1.1.0 /read/distinct.supportsSession; owner sha256:93bdef63c0fdf46015b81e9a3b95d6879217bb31d02bb37d2a12bbfd52200d6f#/read/operationMetadata/distinct/supportsSession,tests/unit/test_cxp_exchange_catalog.py: owner-source equality and compatible cases,"tests/unit/test_cxp_exchange_catalog.py: mismatch, omission and invalid-shape cases",source and pin verified; downstream consumer adoption pending
Mongoeco,src/mongoeco/cxp/exchange/data/operational-metadata.json,93bdef63c0fdf46015b81e9a3b95d6879217bb31d02bb37d2a12bbfd52200d6f,/read/operationMetadata/distinct/unsupportedOptions,typed or bound owner claim at /read/operationMetadata/distinct/unsupportedOptions,capability=read; operation=distinct,Mongoeco exchange requirements and public profile evaluation,operational-metadata.json#/read/operationMetadata/distinct/unsupportedOptions,Mongoeco,org.mongoeco:mongodb@1.1.0 /read/distinct.unsupportedOptions,exchange_exact,org.mongoeco:mongodb@1.1.0 /read/distinct.unsupportedOptions; owner sha256:93bdef63c0fdf46015b81e9a3b95d6879217bb31d02bb37d2a12bbfd52200d6f#/read/operationMetadata/distinct/unsupportedOptions,tests/unit/test_cxp_exchange_catalog.py: owner-source equality and compatible cases,"tests/unit/test_cxp_exchange_catalog.py: mismatch, omission and invalid-shape cases",source and pin verified; downstream consumer adoption pending
Mongoeco,src/mongoeco/cxp/exchange/data/operational-metadata.json,93bdef63c0fdf46015b81e9a3b95d6879217bb31d02bb37d2a12bbfd52200d6f,/read/operationMetadata/estimated_document_count/acceptedNoopOptions,typed or bound owner claim at /read/operationMetadata/estimated_document_count/acceptedNoopOptions,capability=read; operation=estimated_document_count,Mongoeco exchange requirements and public profile evaluation,operational-metadata.json#/read/operationMetadata/estimated_document_count/acceptedNoopOptions,Mongoeco,org.mongoeco:mongodb@1.1.0 /read/estimated_document_count.acceptedNoopOptions,exchange_exact,org.mongoeco:mongodb@1.1.0 /read/estimated_document_count.acceptedNoopOptions; owner sha256:93bdef63c0fdf46015b81e9a3b95d6879217bb31d02bb37d2a12bbfd52200d6f#/read/operationMetadata/estimated_document_count/acceptedNoopOptions,tests/unit/test_cxp_exchange_catalog.py: owner-source equality and compatible cases,"tests/unit/test_cxp_exchange_catalog.py: mismatch, omission and invalid-shape cases",source and pin verified; downstream consumer adoption pending
Mongoeco,src/mongoeco/cxp/exchange/data/operational-metadata.json,93bdef63c0fdf46015b81e9a3b95d6879217bb31d02bb37d2a12bbfd52200d6f,/read/operationMetadata/estimated_document_count/acceptsComment,typed or bound owner claim at /read/operationMetadata/estimated_document_count/acceptsComment,capability=read; operation=estimated_document_count,Mongoeco exchange requirements and public profile evaluation,operational-metadata.json#/read/operationMetadata/estimated_document_count/acceptsComment,Mongoeco,org.mongoeco:mongodb@1.1.0 /read/estimated_document_count.acceptsComment,exchange_exact,org.mongoeco:mongodb@1.1.0 /read/estimated_document_count.acceptsComment; owner sha256:93bdef63c0fdf46015b81e9a3b95d6879217bb31d02bb37d2a12bbfd52200d6f#/read/operationMetadata/estimated_document_count/acceptsComment,tests/unit/test_cxp_exchange_catalog.py: owner-source equality and compatible cases,"tests/unit/test_cxp_exchange_catalog.py: mismatch, omission and invalid-shape cases",source and pin verified; downstream consumer adoption pending
Mongoeco,src/mongoeco/cxp/exchange/data/operational-metadata.json,93bdef63c0fdf46015b81e9a3b95d6879217bb31d02bb37d2a12bbfd52200d6f,/read/operationMetadata/estimated_document_count/acceptsFilter,typed or bound owner claim at /read/operationMetadata/estimated_document_count/acceptsFilter,capability=read; operation=estimated_document_count,Mongoeco exchange requirements and public profile evaluation,operational-metadata.json#/read/operationMetadata/estimated_document_count/acceptsFilter,Mongoeco,org.mongoeco:mongodb@1.1.0 /read/estimated_document_count.acceptsFilter,exchange_exact,org.mongoeco:mongodb@1.1.0 /read/estimated_document_count.acceptsFilter; owner sha256:93bdef63c0fdf46015b81e9a3b95d6879217bb31d02bb37d2a12bbfd52200d6f#/read/operationMetadata/estimated_document_count/acceptsFilter,tests/unit/test_cxp_exchange_catalog.py: owner-source equality and compatible cases,"tests/unit/test_cxp_exchange_catalog.py: mismatch, omission and invalid-shape cases",source and pin verified; downstream consumer adoption pending
Mongoeco,src/mongoeco/cxp/exchange/data/operational-metadata.json,93bdef63c0fdf46015b81e9a3b95d6879217bb31d02bb37d2a12bbfd52200d6f,/read/operationMetadata/estimated_document_count/acceptsMaxTimeMs,typed or bound owner claim at /read/operationMetadata/estimated_document_count/acceptsMaxTimeMs,capability=read; operation=estimated_document_count,Mongoeco exchange requirements and public profile evaluation,operational-metadata.json#/read/operationMetadata/estimated_document_count/acceptsMaxTimeMs,Mongoeco,org.mongoeco:mongodb@1.1.0 /read/estimated_document_count.acceptsMaxTimeMs,exchange_exact,org.mongoeco:mongodb@1.1.0 /read/estimated_document_count.acceptsMaxTimeMs; owner sha256:93bdef63c0fdf46015b81e9a3b95d6879217bb31d02bb37d2a12bbfd52200d6f#/read/operationMetadata/estimated_document_count/acceptsMaxTimeMs,tests/unit/test_cxp_exchange_catalog.py: owner-source equality and compatible cases,"tests/unit/test_cxp_exchange_catalog.py: mismatch, omission and invalid-shape cases",source and pin verified; downstream consumer adoption pending
Mongoeco,src/mongoeco/cxp/exchange/data/operational-metadata.json,93bdef63c0fdf46015b81e9a3b95d6879217bb31d02bb37d2a12bbfd52200d6f,/read/operationMetadata/estimated_document_count/collectionScoped,typed or bound owner claim at /read/operationMetadata/estimated_document_count/collectionScoped,capability=read; operation=estimated_document_count,Mongoeco exchange requirements and public profile evaluation,operational-metadata.json#/read/operationMetadata/estimated_document_count/collectionScoped,Mongoeco,org.mongoeco:mongodb@1.1.0 /read/estimated_document_count.collectionScoped,exchange_exact,org.mongoeco:mongodb@1.1.0 /read/estimated_document_count.collectionScoped; owner sha256:93bdef63c0fdf46015b81e9a3b95d6879217bb31d02bb37d2a12bbfd52200d6f#/read/operationMetadata/estimated_document_count/collectionScoped,tests/unit/test_cxp_exchange_catalog.py: owner-source equality and compatible cases,"tests/unit/test_cxp_exchange_catalog.py: mismatch, omission and invalid-shape cases",source and pin verified; downstream consumer adoption pending
Mongoeco,src/mongoeco/cxp/exchange/data/operational-metadata.json,93bdef63c0fdf46015b81e9a3b95d6879217bb31d02bb37d2a12bbfd52200d6f,/read/operationMetadata/estimated_document_count/resultType,typed or bound owner claim at /read/operationMetadata/estimated_document_count/resultType,capability=read; operation=estimated_document_count,Mongoeco exchange requirements and public profile evaluation,operational-metadata.json#/read/operationMetadata/estimated_document_count/resultType,Mongoeco,org.mongoeco:result.count:1,exchange_exact,org.mongoeco:result.count:1; owner sha256:93bdef63c0fdf46015b81e9a3b95d6879217bb31d02bb37d2a12bbfd52200d6f#/read/operationMetadata/estimated_document_count/resultType,tests/unit/test_cxp_exchange_catalog.py: owner-source equality and compatible cases,"tests/unit/test_cxp_exchange_catalog.py: mismatch, omission and invalid-shape cases",source and pin verified; downstream consumer adoption pending
Mongoeco,src/mongoeco/cxp/exchange/data/operational-metadata.json,93bdef63c0fdf46015b81e9a3b95d6879217bb31d02bb37d2a12bbfd52200d6f,/read/operationMetadata/estimated_document_count/supportedOptions,typed or bound owner claim at /read/operationMetadata/estimated_document_count/supportedOptions,capability=read; operation=estimated_document_count,Mongoeco exchange requirements and public profile evaluation,operational-metadata.json#/read/operationMetadata/estimated_document_count/supportedOptions,Mongoeco,org.mongoeco:mongodb@1.1.0 /read/estimated_document_count.supportedOptions,exchange_exact,org.mongoeco:mongodb@1.1.0 /read/estimated_document_count.supportedOptions; owner sha256:93bdef63c0fdf46015b81e9a3b95d6879217bb31d02bb37d2a12bbfd52200d6f#/read/operationMetadata/estimated_document_count/supportedOptions,tests/unit/test_cxp_exchange_catalog.py: owner-source equality and compatible cases,"tests/unit/test_cxp_exchange_catalog.py: mismatch, omission and invalid-shape cases",source and pin verified; downstream consumer adoption pending
Mongoeco,src/mongoeco/cxp/exchange/data/operational-metadata.json,93bdef63c0fdf46015b81e9a3b95d6879217bb31d02bb37d2a12bbfd52200d6f,/read/operationMetadata/estimated_document_count/supportsExplain,typed or bound owner claim at /read/operationMetadata/estimated_document_count/supportsExplain,capability=read; operation=estimated_document_count,Mongoeco exchange requirements and public profile evaluation,operational-metadata.json#/read/operationMetadata/estimated_document_count/supportsExplain,Mongoeco,org.mongoeco:mongodb@1.1.0 /read/estimated_document_count.supportsExplain,exchange_exact,org.mongoeco:mongodb@1.1.0 /read/estimated_document_count.supportsExplain; owner sha256:93bdef63c0fdf46015b81e9a3b95d6879217bb31d02bb37d2a12bbfd52200d6f#/read/operationMetadata/estimated_document_count/supportsExplain,tests/unit/test_cxp_exchange_catalog.py: owner-source equality and compatible cases,"tests/unit/test_cxp_exchange_catalog.py: mismatch, omission and invalid-shape cases",source and pin verified; downstream consumer adoption pending
Mongoeco,src/mongoeco/cxp/exchange/data/operational-metadata.json,93bdef63c0fdf46015b81e9a3b95d6879217bb31d02bb37d2a12bbfd52200d6f,/read/operationMetadata/estimated_document_count/supportsSession,typed or bound owner claim at /read/operationMetadata/estimated_document_count/supportsSession,capability=read; operation=estimated_document_count,Mongoeco exchange requirements and public profile evaluation,operational-metadata.json#/read/operationMetadata/estimated_document_count/supportsSession,Mongoeco,org.mongoeco:mongodb@1.1.0 /read/estimated_document_count.supportsSession,exchange_exact,org.mongoeco:mongodb@1.1.0 /read/estimated_document_count.supportsSession; owner sha256:93bdef63c0fdf46015b81e9a3b95d6879217bb31d02bb37d2a12bbfd52200d6f#/read/operationMetadata/estimated_document_count/supportsSession,tests/unit/test_cxp_exchange_catalog.py: owner-source equality and compatible cases,"tests/unit/test_cxp_exchange_catalog.py: mismatch, omission and invalid-shape cases",source and pin verified; downstream consumer adoption pending
Mongoeco,src/mongoeco/cxp/exchange/data/operational-metadata.json,93bdef63c0fdf46015b81e9a3b95d6879217bb31d02bb37d2a12bbfd52200d6f,/read/operationMetadata/estimated_document_count/unsupportedOptions,typed or bound owner claim at /read/operationMetadata/estimated_document_count/unsupportedOptions,capability=read; operation=estimated_document_count,Mongoeco exchange requirements and public profile evaluation,operational-metadata.json#/read/operationMetadata/estimated_document_count/unsupportedOptions,Mongoeco,org.mongoeco:mongodb@1.1.0 /read/estimated_document_count.unsupportedOptions,exchange_exact,org.mongoeco:mongodb@1.1.0 /read/estimated_document_count.unsupportedOptions; owner sha256:93bdef63c0fdf46015b81e9a3b95d6879217bb31d02bb37d2a12bbfd52200d6f#/read/operationMetadata/estimated_document_count/unsupportedOptions,tests/unit/test_cxp_exchange_catalog.py: owner-source equality and compatible cases,"tests/unit/test_cxp_exchange_catalog.py: mismatch, omission and invalid-shape cases",source and pin verified; downstream consumer adoption pending
Mongoeco,src/mongoeco/cxp/exchange/data/operational-metadata.json,93bdef63c0fdf46015b81e9a3b95d6879217bb31d02bb37d2a12bbfd52200d6f,/read/operationMetadata/find/acceptedNoopOptions,typed or bound owner claim at /read/operationMetadata/find/acceptedNoopOptions,capability=read; operation=find,Mongoeco exchange requirements and public profile evaluation,operational-metadata.json#/read/operationMetadata/find/acceptedNoopOptions,Mongoeco,org.mongoeco:mongodb@1.1.0 /read/find.acceptedNoopOptions,exchange_exact,org.mongoeco:mongodb@1.1.0 /read/find.acceptedNoopOptions; owner sha256:93bdef63c0fdf46015b81e9a3b95d6879217bb31d02bb37d2a12bbfd52200d6f#/read/operationMetadata/find/acceptedNoopOptions,tests/unit/test_cxp_exchange_catalog.py: owner-source equality and compatible cases,"tests/unit/test_cxp_exchange_catalog.py: mismatch, omission and invalid-shape cases",source and pin verified; downstream consumer adoption pending
Mongoeco,src/mongoeco/cxp/exchange/data/operational-metadata.json,93bdef63c0fdf46015b81e9a3b95d6879217bb31d02bb37d2a12bbfd52200d6f,/read/operationMetadata/find/acceptsBatchSize,typed or bound owner claim at /read/operationMetadata/find/acceptsBatchSize,capability=read; operation=find,Mongoeco exchange requirements and public profile evaluation,operational-metadata.json#/read/operationMetadata/find/acceptsBatchSize,Mongoeco,org.mongoeco:mongodb@1.1.0 /read/find.acceptsBatchSize,exchange_exact,org.mongoeco:mongodb@1.1.0 /read/find.acceptsBatchSize; owner sha256:93bdef63c0fdf46015b81e9a3b95d6879217bb31d02bb37d2a12bbfd52200d6f#/read/operationMetadata/find/acceptsBatchSize,tests/unit/test_cxp_exchange_catalog.py: owner-source equality and compatible cases,"tests/unit/test_cxp_exchange_catalog.py: mismatch, omission and invalid-shape cases",source and pin verified; downstream consumer adoption pending
Mongoeco,src/mongoeco/cxp/exchange/data/operational-metadata.json,93bdef63c0fdf46015b81e9a3b95d6879217bb31d02bb37d2a12bbfd52200d6f,/read/operationMetadata/find/acceptsCollation,typed or bound owner claim at /read/operationMetadata/find/acceptsCollation,capability=read; operation=find,Mongoeco exchange requirements and public profile evaluation,operational-metadata.json#/read/operationMetadata/find/acceptsCollation,Mongoeco,org.mongoeco:mongodb@1.1.0 /read/find.acceptsCollation,exchange_exact,org.mongoeco:mongodb@1.1.0 /read/find.acceptsCollation; owner sha256:93bdef63c0fdf46015b81e9a3b95d6879217bb31d02bb37d2a12bbfd52200d6f#/read/operationMetadata/find/acceptsCollation,tests/unit/test_cxp_exchange_catalog.py: owner-source equality and compatible cases,"tests/unit/test_cxp_exchange_catalog.py: mismatch, omission and invalid-shape cases",source and pin verified; downstream consumer adoption pending
Mongoeco,src/mongoeco/cxp/exchange/data/operational-metadata.json,93bdef63c0fdf46015b81e9a3b95d6879217bb31d02bb37d2a12bbfd52200d6f,/read/operationMetadata/find/acceptsComment,typed or bound owner claim at /read/operationMetadata/find/acceptsComment,capability=read; operation=find,Mongoeco exchange requirements and public profile evaluation,operational-metadata.json#/read/operationMetadata/find/acceptsComment,Mongoeco,org.mongoeco:mongodb@1.1.0 /read/find.acceptsComment,exchange_exact,org.mongoeco:mongodb@1.1.0 /read/find.acceptsComment; owner sha256:93bdef63c0fdf46015b81e9a3b95d6879217bb31d02bb37d2a12bbfd52200d6f#/read/operationMetadata/find/acceptsComment,tests/unit/test_cxp_exchange_catalog.py: owner-source equality and compatible cases,"tests/unit/test_cxp_exchange_catalog.py: mismatch, omission and invalid-shape cases",source and pin verified; downstream consumer adoption pending
Mongoeco,src/mongoeco/cxp/exchange/data/operational-metadata.json,93bdef63c0fdf46015b81e9a3b95d6879217bb31d02bb37d2a12bbfd52200d6f,/read/operationMetadata/find/acceptsFilter,typed or bound owner claim at /read/operationMetadata/find/acceptsFilter,capability=read; operation=find,Mongoeco exchange requirements and public profile evaluation,operational-metadata.json#/read/operationMetadata/find/acceptsFilter,Mongoeco,org.mongoeco:mongodb@1.1.0 /read/find.acceptsFilter,exchange_exact,org.mongoeco:mongodb@1.1.0 /read/find.acceptsFilter; owner sha256:93bdef63c0fdf46015b81e9a3b95d6879217bb31d02bb37d2a12bbfd52200d6f#/read/operationMetadata/find/acceptsFilter,tests/unit/test_cxp_exchange_catalog.py: owner-source equality and compatible cases,"tests/unit/test_cxp_exchange_catalog.py: mismatch, omission and invalid-shape cases",source and pin verified; downstream consumer adoption pending
Mongoeco,src/mongoeco/cxp/exchange/data/operational-metadata.json,93bdef63c0fdf46015b81e9a3b95d6879217bb31d02bb37d2a12bbfd52200d6f,/read/operationMetadata/find/acceptsHint,typed or bound owner claim at /read/operationMetadata/find/acceptsHint,capability=read; operation=find,Mongoeco exchange requirements and public profile evaluation,operational-metadata.json#/read/operationMetadata/find/acceptsHint,Mongoeco,org.mongoeco:mongodb@1.1.0 /read/find.acceptsHint,exchange_exact,org.mongoeco:mongodb@1.1.0 /read/find.acceptsHint; owner sha256:93bdef63c0fdf46015b81e9a3b95d6879217bb31d02bb37d2a12bbfd52200d6f#/read/operationMetadata/find/acceptsHint,tests/unit/test_cxp_exchange_catalog.py: owner-source equality and compatible cases,"tests/unit/test_cxp_exchange_catalog.py: mismatch, omission and invalid-shape cases",source and pin verified; downstream consumer adoption pending
Mongoeco,src/mongoeco/cxp/exchange/data/operational-metadata.json,93bdef63c0fdf46015b81e9a3b95d6879217bb31d02bb37d2a12bbfd52200d6f,/read/operationMetadata/find/acceptsLet,typed or bound owner claim at /read/operationMetadata/find/acceptsLet,capability=read; operation=find,Mongoeco exchange requirements and public profile evaluation,operational-metadata.json#/read/operationMetadata/find/acceptsLet,Mongoeco,org.mongoeco:mongodb@1.1.0 /read/find.acceptsLet,exchange_exact,org.mongoeco:mongodb@1.1.0 /read/find.acceptsLet; owner sha256:93bdef63c0fdf46015b81e9a3b95d6879217bb31d02bb37d2a12bbfd52200d6f#/read/operationMetadata/find/acceptsLet,tests/unit/test_cxp_exchange_catalog.py: owner-source equality and compatible cases,"tests/unit/test_cxp_exchange_catalog.py: mismatch, omission and invalid-shape cases",source and pin verified; downstream consumer adoption pending
Mongoeco,src/mongoeco/cxp/exchange/data/operational-metadata.json,93bdef63c0fdf46015b81e9a3b95d6879217bb31d02bb37d2a12bbfd52200d6f,/read/operationMetadata/find/acceptsLimit,typed or bound owner claim at /read/operationMetadata/find/acceptsLimit,capability=read; operation=find,Mongoeco exchange requirements and public profile evaluation,operational-metadata.json#/read/operationMetadata/find/acceptsLimit,Mongoeco,org.mongoeco:mongodb@1.1.0 /read/find.acceptsLimit,exchange_exact,org.mongoeco:mongodb@1.1.0 /read/find.acceptsLimit; owner sha256:93bdef63c0fdf46015b81e9a3b95d6879217bb31d02bb37d2a12bbfd52200d6f#/read/operationMetadata/find/acceptsLimit,tests/unit/test_cxp_exchange_catalog.py: owner-source equality and compatible cases,"tests/unit/test_cxp_exchange_catalog.py: mismatch, omission and invalid-shape cases",source and pin verified; downstream consumer adoption pending
Mongoeco,src/mongoeco/cxp/exchange/data/operational-metadata.json,93bdef63c0fdf46015b81e9a3b95d6879217bb31d02bb37d2a12bbfd52200d6f,/read/operationMetadata/find/acceptsMaxTimeMs,typed or bound owner claim at /read/operationMetadata/find/acceptsMaxTimeMs,capability=read; operation=find,Mongoeco exchange requirements and public profile evaluation,operational-metadata.json#/read/operationMetadata/find/acceptsMaxTimeMs,Mongoeco,org.mongoeco:mongodb@1.1.0 /read/find.acceptsMaxTimeMs,exchange_exact,org.mongoeco:mongodb@1.1.0 /read/find.acceptsMaxTimeMs; owner sha256:93bdef63c0fdf46015b81e9a3b95d6879217bb31d02bb37d2a12bbfd52200d6f#/read/operationMetadata/find/acceptsMaxTimeMs,tests/unit/test_cxp_exchange_catalog.py: owner-source equality and compatible cases,"tests/unit/test_cxp_exchange_catalog.py: mismatch, omission and invalid-shape cases",source and pin verified; downstream consumer adoption pending
Mongoeco,src/mongoeco/cxp/exchange/data/operational-metadata.json,93bdef63c0fdf46015b81e9a3b95d6879217bb31d02bb37d2a12bbfd52200d6f,/read/operationMetadata/find/acceptsProjection,typed or bound owner claim at /read/operationMetadata/find/acceptsProjection,capability=read; operation=find,Mongoeco exchange requirements and public profile evaluation,operational-metadata.json#/read/operationMetadata/find/acceptsProjection,Mongoeco,org.mongoeco:mongodb@1.1.0 /read/find.acceptsProjection,exchange_exact,org.mongoeco:mongodb@1.1.0 /read/find.acceptsProjection; owner sha256:93bdef63c0fdf46015b81e9a3b95d6879217bb31d02bb37d2a12bbfd52200d6f#/read/operationMetadata/find/acceptsProjection,tests/unit/test_cxp_exchange_catalog.py: owner-source equality and compatible cases,"tests/unit/test_cxp_exchange_catalog.py: mismatch, omission and invalid-shape cases",source and pin verified; downstream consumer adoption pending
Mongoeco,src/mongoeco/cxp/exchange/data/operational-metadata.json,93bdef63c0fdf46015b81e9a3b95d6879217bb31d02bb37d2a12bbfd52200d6f,/read/operationMetadata/find/acceptsSkip,typed or bound owner claim at /read/operationMetadata/find/acceptsSkip,capability=read; operation=find,Mongoeco exchange requirements and public profile evaluation,operational-metadata.json#/read/operationMetadata/find/acceptsSkip,Mongoeco,org.mongoeco:mongodb@1.1.0 /read/find.acceptsSkip,exchange_exact,org.mongoeco:mongodb@1.1.0 /read/find.acceptsSkip; owner sha256:93bdef63c0fdf46015b81e9a3b95d6879217bb31d02bb37d2a12bbfd52200d6f#/read/operationMetadata/find/acceptsSkip,tests/unit/test_cxp_exchange_catalog.py: owner-source equality and compatible cases,"tests/unit/test_cxp_exchange_catalog.py: mismatch, omission and invalid-shape cases",source and pin verified; downstream consumer adoption pending
Mongoeco,src/mongoeco/cxp/exchange/data/operational-metadata.json,93bdef63c0fdf46015b81e9a3b95d6879217bb31d02bb37d2a12bbfd52200d6f,/read/operationMetadata/find/acceptsSort,typed or bound owner claim at /read/operationMetadata/find/acceptsSort,capability=read; operation=find,Mongoeco exchange requirements and public profile evaluation,operational-metadata.json#/read/operationMetadata/find/acceptsSort,Mongoeco,org.mongoeco:mongodb@1.1.0 /read/find.acceptsSort,exchange_exact,org.mongoeco:mongodb@1.1.0 /read/find.acceptsSort; owner sha256:93bdef63c0fdf46015b81e9a3b95d6879217bb31d02bb37d2a12bbfd52200d6f#/read/operationMetadata/find/acceptsSort,tests/unit/test_cxp_exchange_catalog.py: owner-source equality and compatible cases,"tests/unit/test_cxp_exchange_catalog.py: mismatch, omission and invalid-shape cases",source and pin verified; downstream consumer adoption pending
Mongoeco,src/mongoeco/cxp/exchange/data/operational-metadata.json,93bdef63c0fdf46015b81e9a3b95d6879217bb31d02bb37d2a12bbfd52200d6f,/read/operationMetadata/find/collectionScoped,typed or bound owner claim at /read/operationMetadata/find/collectionScoped,capability=read; operation=find,Mongoeco exchange requirements and public profile evaluation,operational-metadata.json#/read/operationMetadata/find/collectionScoped,Mongoeco,org.mongoeco:mongodb@1.1.0 /read/find.collectionScoped,exchange_exact,org.mongoeco:mongodb@1.1.0 /read/find.collectionScoped; owner sha256:93bdef63c0fdf46015b81e9a3b95d6879217bb31d02bb37d2a12bbfd52200d6f#/read/operationMetadata/find/collectionScoped,tests/unit/test_cxp_exchange_catalog.py: owner-source equality and compatible cases,"tests/unit/test_cxp_exchange_catalog.py: mismatch, omission and invalid-shape cases",source and pin verified; downstream consumer adoption pending
Mongoeco,src/mongoeco/cxp/exchange/data/operational-metadata.json,93bdef63c0fdf46015b81e9a3b95d6879217bb31d02bb37d2a12bbfd52200d6f,/read/operationMetadata/find/resultType,typed or bound owner claim at /read/operationMetadata/find/resultType,capability=read; operation=find,Mongoeco exchange requirements and public profile evaluation,operational-metadata.json#/read/operationMetadata/find/resultType,Mongoeco,org.mongoeco:result.cursor:1,exchange_exact,org.mongoeco:result.cursor:1; owner sha256:93bdef63c0fdf46015b81e9a3b95d6879217bb31d02bb37d2a12bbfd52200d6f#/read/operationMetadata/find/resultType,tests/unit/test_cxp_exchange_catalog.py: owner-source equality and compatible cases,"tests/unit/test_cxp_exchange_catalog.py: mismatch, omission and invalid-shape cases",source and pin verified; downstream consumer adoption pending
Mongoeco,src/mongoeco/cxp/exchange/data/operational-metadata.json,93bdef63c0fdf46015b81e9a3b95d6879217bb31d02bb37d2a12bbfd52200d6f,/read/operationMetadata/find/supportedOptions,typed or bound owner claim at /read/operationMetadata/find/supportedOptions,capability=read; operation=find,Mongoeco exchange requirements and public profile evaluation,operational-metadata.json#/read/operationMetadata/find/supportedOptions,Mongoeco,org.mongoeco:mongodb@1.1.0 /read/find.supportedOptions,exchange_exact,org.mongoeco:mongodb@1.1.0 /read/find.supportedOptions; owner sha256:93bdef63c0fdf46015b81e9a3b95d6879217bb31d02bb37d2a12bbfd52200d6f#/read/operationMetadata/find/supportedOptions,tests/unit/test_cxp_exchange_catalog.py: owner-source equality and compatible cases,"tests/unit/test_cxp_exchange_catalog.py: mismatch, omission and invalid-shape cases",source and pin verified; downstream consumer adoption pending
Mongoeco,src/mongoeco/cxp/exchange/data/operational-metadata.json,93bdef63c0fdf46015b81e9a3b95d6879217bb31d02bb37d2a12bbfd52200d6f,/read/operationMetadata/find/supportsExplain,typed or bound owner claim at /read/operationMetadata/find/supportsExplain,capability=read; operation=find,Mongoeco exchange requirements and public profile evaluation,operational-metadata.json#/read/operationMetadata/find/supportsExplain,Mongoeco,org.mongoeco:mongodb@1.1.0 /read/find.supportsExplain,exchange_exact,org.mongoeco:mongodb@1.1.0 /read/find.supportsExplain; owner sha256:93bdef63c0fdf46015b81e9a3b95d6879217bb31d02bb37d2a12bbfd52200d6f#/read/operationMetadata/find/supportsExplain,tests/unit/test_cxp_exchange_catalog.py: owner-source equality and compatible cases,"tests/unit/test_cxp_exchange_catalog.py: mismatch, omission and invalid-shape cases",source and pin verified; downstream consumer adoption pending
Mongoeco,src/mongoeco/cxp/exchange/data/operational-metadata.json,93bdef63c0fdf46015b81e9a3b95d6879217bb31d02bb37d2a12bbfd52200d6f,/read/operationMetadata/find/supportsSession,typed or bound owner claim at /read/operationMetadata/find/supportsSession,capability=read; operation=find,Mongoeco exchange requirements and public profile evaluation,operational-metadata.json#/read/operationMetadata/find/supportsSession,Mongoeco,org.mongoeco:mongodb@1.1.0 /read/find.supportsSession,exchange_exact,org.mongoeco:mongodb@1.1.0 /read/find.supportsSession; owner sha256:93bdef63c0fdf46015b81e9a3b95d6879217bb31d02bb37d2a12bbfd52200d6f#/read/operationMetadata/find/supportsSession,tests/unit/test_cxp_exchange_catalog.py: owner-source equality and compatible cases,"tests/unit/test_cxp_exchange_catalog.py: mismatch, omission and invalid-shape cases",source and pin verified; downstream consumer adoption pending
Mongoeco,src/mongoeco/cxp/exchange/data/operational-metadata.json,93bdef63c0fdf46015b81e9a3b95d6879217bb31d02bb37d2a12bbfd52200d6f,/read/operationMetadata/find/unsupportedOptions,typed or bound owner claim at /read/operationMetadata/find/unsupportedOptions,capability=read; operation=find,Mongoeco exchange requirements and public profile evaluation,operational-metadata.json#/read/operationMetadata/find/unsupportedOptions,Mongoeco,org.mongoeco:mongodb@1.1.0 /read/find.unsupportedOptions,exchange_exact,org.mongoeco:mongodb@1.1.0 /read/find.unsupportedOptions; owner sha256:93bdef63c0fdf46015b81e9a3b95d6879217bb31d02bb37d2a12bbfd52200d6f#/read/operationMetadata/find/unsupportedOptions,tests/unit/test_cxp_exchange_catalog.py: owner-source equality and compatible cases,"tests/unit/test_cxp_exchange_catalog.py: mismatch, omission and invalid-shape cases",source and pin verified; downstream consumer adoption pending
Mongoeco,src/mongoeco/cxp/exchange/data/operational-metadata.json,93bdef63c0fdf46015b81e9a3b95d6879217bb31d02bb37d2a12bbfd52200d6f,/read/operationMetadata/find_one/acceptedNoopOptions,typed or bound owner claim at /read/operationMetadata/find_one/acceptedNoopOptions,capability=read; operation=find_one,Mongoeco exchange requirements and public profile evaluation,operational-metadata.json#/read/operationMetadata/find_one/acceptedNoopOptions,Mongoeco,org.mongoeco:mongodb@1.1.0 /read/find_one.acceptedNoopOptions,exchange_exact,org.mongoeco:mongodb@1.1.0 /read/find_one.acceptedNoopOptions; owner sha256:93bdef63c0fdf46015b81e9a3b95d6879217bb31d02bb37d2a12bbfd52200d6f#/read/operationMetadata/find_one/acceptedNoopOptions,tests/unit/test_cxp_exchange_catalog.py: owner-source equality and compatible cases,"tests/unit/test_cxp_exchange_catalog.py: mismatch, omission and invalid-shape cases",source and pin verified; downstream consumer adoption pending
Mongoeco,src/mongoeco/cxp/exchange/data/operational-metadata.json,93bdef63c0fdf46015b81e9a3b95d6879217bb31d02bb37d2a12bbfd52200d6f,/read/operationMetadata/find_one/acceptsBatchSize,typed or bound owner claim at /read/operationMetadata/find_one/acceptsBatchSize,capability=read; operation=find_one,Mongoeco exchange requirements and public profile evaluation,operational-metadata.json#/read/operationMetadata/find_one/acceptsBatchSize,Mongoeco,org.mongoeco:mongodb@1.1.0 /read/find_one.acceptsBatchSize,exchange_exact,org.mongoeco:mongodb@1.1.0 /read/find_one.acceptsBatchSize; owner sha256:93bdef63c0fdf46015b81e9a3b95d6879217bb31d02bb37d2a12bbfd52200d6f#/read/operationMetadata/find_one/acceptsBatchSize,tests/unit/test_cxp_exchange_catalog.py: owner-source equality and compatible cases,"tests/unit/test_cxp_exchange_catalog.py: mismatch, omission and invalid-shape cases",source and pin verified; downstream consumer adoption pending
Mongoeco,src/mongoeco/cxp/exchange/data/operational-metadata.json,93bdef63c0fdf46015b81e9a3b95d6879217bb31d02bb37d2a12bbfd52200d6f,/read/operationMetadata/find_one/acceptsCollation,typed or bound owner claim at /read/operationMetadata/find_one/acceptsCollation,capability=read; operation=find_one,Mongoeco exchange requirements and public profile evaluation,operational-metadata.json#/read/operationMetadata/find_one/acceptsCollation,Mongoeco,org.mongoeco:mongodb@1.1.0 /read/find_one.acceptsCollation,exchange_exact,org.mongoeco:mongodb@1.1.0 /read/find_one.acceptsCollation; owner sha256:93bdef63c0fdf46015b81e9a3b95d6879217bb31d02bb37d2a12bbfd52200d6f#/read/operationMetadata/find_one/acceptsCollation,tests/unit/test_cxp_exchange_catalog.py: owner-source equality and compatible cases,"tests/unit/test_cxp_exchange_catalog.py: mismatch, omission and invalid-shape cases",source and pin verified; downstream consumer adoption pending
Mongoeco,src/mongoeco/cxp/exchange/data/operational-metadata.json,93bdef63c0fdf46015b81e9a3b95d6879217bb31d02bb37d2a12bbfd52200d6f,/read/operationMetadata/find_one/acceptsComment,typed or bound owner claim at /read/operationMetadata/find_one/acceptsComment,capability=read; operation=find_one,Mongoeco exchange requirements and public profile evaluation,operational-metadata.json#/read/operationMetadata/find_one/acceptsComment,Mongoeco,org.mongoeco:mongodb@1.1.0 /read/find_one.acceptsComment,exchange_exact,org.mongoeco:mongodb@1.1.0 /read/find_one.acceptsComment; owner sha256:93bdef63c0fdf46015b81e9a3b95d6879217bb31d02bb37d2a12bbfd52200d6f#/read/operationMetadata/find_one/acceptsComment,tests/unit/test_cxp_exchange_catalog.py: owner-source equality and compatible cases,"tests/unit/test_cxp_exchange_catalog.py: mismatch, omission and invalid-shape cases",source and pin verified; downstream consumer adoption pending
Mongoeco,src/mongoeco/cxp/exchange/data/operational-metadata.json,93bdef63c0fdf46015b81e9a3b95d6879217bb31d02bb37d2a12bbfd52200d6f,/read/operationMetadata/find_one/acceptsFilter,typed or bound owner claim at /read/operationMetadata/find_one/acceptsFilter,capability=read; operation=find_one,Mongoeco exchange requirements and public profile evaluation,operational-metadata.json#/read/operationMetadata/find_one/acceptsFilter,Mongoeco,org.mongoeco:mongodb@1.1.0 /read/find_one.acceptsFilter,exchange_exact,org.mongoeco:mongodb@1.1.0 /read/find_one.acceptsFilter; owner sha256:93bdef63c0fdf46015b81e9a3b95d6879217bb31d02bb37d2a12bbfd52200d6f#/read/operationMetadata/find_one/acceptsFilter,tests/unit/test_cxp_exchange_catalog.py: owner-source equality and compatible cases,"tests/unit/test_cxp_exchange_catalog.py: mismatch, omission and invalid-shape cases",source and pin verified; downstream consumer adoption pending
Mongoeco,src/mongoeco/cxp/exchange/data/operational-metadata.json,93bdef63c0fdf46015b81e9a3b95d6879217bb31d02bb37d2a12bbfd52200d6f,/read/operationMetadata/find_one/acceptsHint,typed or bound owner claim at /read/operationMetadata/find_one/acceptsHint,capability=read; operation=find_one,Mongoeco exchange requirements and public profile evaluation,operational-metadata.json#/read/operationMetadata/find_one/acceptsHint,Mongoeco,org.mongoeco:mongodb@1.1.0 /read/find_one.acceptsHint,exchange_exact,org.mongoeco:mongodb@1.1.0 /read/find_one.acceptsHint; owner sha256:93bdef63c0fdf46015b81e9a3b95d6879217bb31d02bb37d2a12bbfd52200d6f#/read/operationMetadata/find_one/acceptsHint,tests/unit/test_cxp_exchange_catalog.py: owner-source equality and compatible cases,"tests/unit/test_cxp_exchange_catalog.py: mismatch, omission and invalid-shape cases",source and pin verified; downstream consumer adoption pending
Mongoeco,src/mongoeco/cxp/exchange/data/operational-metadata.json,93bdef63c0fdf46015b81e9a3b95d6879217bb31d02bb37d2a12bbfd52200d6f,/read/operationMetadata/find_one/acceptsLet,typed or bound owner claim at /read/operationMetadata/find_one/acceptsLet,capability=read; operation=find_one,Mongoeco exchange requirements and public profile evaluation,operational-metadata.json#/read/operationMetadata/find_one/acceptsLet,Mongoeco,org.mongoeco:mongodb@1.1.0 /read/find_one.acceptsLet,exchange_exact,org.mongoeco:mongodb@1.1.0 /read/find_one.acceptsLet; owner sha256:93bdef63c0fdf46015b81e9a3b95d6879217bb31d02bb37d2a12bbfd52200d6f#/read/operationMetadata/find_one/acceptsLet,tests/unit/test_cxp_exchange_catalog.py: owner-source equality and compatible cases,"tests/unit/test_cxp_exchange_catalog.py: mismatch, omission and invalid-shape cases",source and pin verified; downstream consumer adoption pending
Mongoeco,src/mongoeco/cxp/exchange/data/operational-metadata.json,93bdef63c0fdf46015b81e9a3b95d6879217bb31d02bb37d2a12bbfd52200d6f,/read/operationMetadata/find_one/acceptsLimit,typed or bound owner claim at /read/operationMetadata/find_one/acceptsLimit,capability=read; operation=find_one,Mongoeco exchange requirements and public profile evaluation,operational-metadata.json#/read/operationMetadata/find_one/acceptsLimit,Mongoeco,org.mongoeco:mongodb@1.1.0 /read/find_one.acceptsLimit,exchange_exact,org.mongoeco:mongodb@1.1.0 /read/find_one.acceptsLimit; owner sha256:93bdef63c0fdf46015b81e9a3b95d6879217bb31d02bb37d2a12bbfd52200d6f#/read/operationMetadata/find_one/acceptsLimit,tests/unit/test_cxp_exchange_catalog.py: owner-source equality and compatible cases,"tests/unit/test_cxp_exchange_catalog.py: mismatch, omission and invalid-shape cases",source and pin verified; downstream consumer adoption pending
Mongoeco,src/mongoeco/cxp/exchange/data/operational-metadata.json,93bdef63c0fdf46015b81e9a3b95d6879217bb31d02bb37d2a12bbfd52200d6f,/read/operationMetadata/find_one/acceptsMaxTimeMs,typed or bound owner claim at /read/operationMetadata/find_one/acceptsMaxTimeMs,capability=read; operation=find_one,Mongoeco exchange requirements and public profile evaluation,operational-metadata.json#/read/operationMetadata/find_one/acceptsMaxTimeMs,Mongoeco,org.mongoeco:mongodb@1.1.0 /read/find_one.acceptsMaxTimeMs,exchange_exact,org.mongoeco:mongodb@1.1.0 /read/find_one.acceptsMaxTimeMs; owner sha256:93bdef63c0fdf46015b81e9a3b95d6879217bb31d02bb37d2a12bbfd52200d6f#/read/operationMetadata/find_one/acceptsMaxTimeMs,tests/unit/test_cxp_exchange_catalog.py: owner-source equality and compatible cases,"tests/unit/test_cxp_exchange_catalog.py: mismatch, omission and invalid-shape cases",source and pin verified; downstream consumer adoption pending
Mongoeco,src/mongoeco/cxp/exchange/data/operational-metadata.json,93bdef63c0fdf46015b81e9a3b95d6879217bb31d02bb37d2a12bbfd52200d6f,/read/operationMetadata/find_one/acceptsProjection,typed or bound owner claim at /read/operationMetadata/find_one/acceptsProjection,capability=read; operation=find_one,Mongoeco exchange requirements and public profile evaluation,operational-metadata.json#/read/operationMetadata/find_one/acceptsProjection,Mongoeco,org.mongoeco:mongodb@1.1.0 /read/find_one.acceptsProjection,exchange_exact,org.mongoeco:mongodb@1.1.0 /read/find_one.acceptsProjection; owner sha256:93bdef63c0fdf46015b81e9a3b95d6879217bb31d02bb37d2a12bbfd52200d6f#/read/operationMetadata/find_one/acceptsProjection,tests/unit/test_cxp_exchange_catalog.py: owner-source equality and compatible cases,"tests/unit/test_cxp_exchange_catalog.py: mismatch, omission and invalid-shape cases",source and pin verified; downstream consumer adoption pending
Mongoeco,src/mongoeco/cxp/exchange/data/operational-metadata.json,93bdef63c0fdf46015b81e9a3b95d6879217bb31d02bb37d2a12bbfd52200d6f,/read/operationMetadata/find_one/acceptsSkip,typed or bound owner claim at /read/operationMetadata/find_one/acceptsSkip,capability=read; operation=find_one,Mongoeco exchange requirements and public profile evaluation,operational-metadata.json#/read/operationMetadata/find_one/acceptsSkip,Mongoeco,org.mongoeco:mongodb@1.1.0 /read/find_one.acceptsSkip,exchange_exact,org.mongoeco:mongodb@1.1.0 /read/find_one.acceptsSkip; owner sha256:93bdef63c0fdf46015b81e9a3b95d6879217bb31d02bb37d2a12bbfd52200d6f#/read/operationMetadata/find_one/acceptsSkip,tests/unit/test_cxp_exchange_catalog.py: owner-source equality and compatible cases,"tests/unit/test_cxp_exchange_catalog.py: mismatch, omission and invalid-shape cases",source and pin verified; downstream consumer adoption pending
Mongoeco,src/mongoeco/cxp/exchange/data/operational-metadata.json,93bdef63c0fdf46015b81e9a3b95d6879217bb31d02bb37d2a12bbfd52200d6f,/read/operationMetadata/find_one/acceptsSort,typed or bound owner claim at /read/operationMetadata/find_one/acceptsSort,capability=read; operation=find_one,Mongoeco exchange requirements and public profile evaluation,operational-metadata.json#/read/operationMetadata/find_one/acceptsSort,Mongoeco,org.mongoeco:mongodb@1.1.0 /read/find_one.acceptsSort,exchange_exact,org.mongoeco:mongodb@1.1.0 /read/find_one.acceptsSort; owner sha256:93bdef63c0fdf46015b81e9a3b95d6879217bb31d02bb37d2a12bbfd52200d6f#/read/operationMetadata/find_one/acceptsSort,tests/unit/test_cxp_exchange_catalog.py: owner-source equality and compatible cases,"tests/unit/test_cxp_exchange_catalog.py: mismatch, omission and invalid-shape cases",source and pin verified; downstream consumer adoption pending
Mongoeco,src/mongoeco/cxp/exchange/data/operational-metadata.json,93bdef63c0fdf46015b81e9a3b95d6879217bb31d02bb37d2a12bbfd52200d6f,/read/operationMetadata/find_one/collectionScoped,typed or bound owner claim at /read/operationMetadata/find_one/collectionScoped,capability=read; operation=find_one,Mongoeco exchange requirements and public profile evaluation,operational-metadata.json#/read/operationMetadata/find_one/collectionScoped,Mongoeco,org.mongoeco:mongodb@1.1.0 /read/find_one.collectionScoped,exchange_exact,org.mongoeco:mongodb@1.1.0 /read/find_one.collectionScoped; owner sha256:93bdef63c0fdf46015b81e9a3b95d6879217bb31d02bb37d2a12bbfd52200d6f#/read/operationMetadata/find_one/collectionScoped,tests/unit/test_cxp_exchange_catalog.py: owner-source equality and compatible cases,"tests/unit/test_cxp_exchange_catalog.py: mismatch, omission and invalid-shape cases",source and pin verified; downstream consumer adoption pending
Mongoeco,src/mongoeco/cxp/exchange/data/operational-metadata.json,93bdef63c0fdf46015b81e9a3b95d6879217bb31d02bb37d2a12bbfd52200d6f,/read/operationMetadata/find_one/resultType,typed or bound owner claim at /read/operationMetadata/find_one/resultType,capability=read; operation=find_one,Mongoeco exchange requirements and public profile evaluation,operational-metadata.json#/read/operationMetadata/find_one/resultType,Mongoeco,org.mongoeco:result.document:1,exchange_exact,org.mongoeco:result.document:1; owner sha256:93bdef63c0fdf46015b81e9a3b95d6879217bb31d02bb37d2a12bbfd52200d6f#/read/operationMetadata/find_one/resultType,tests/unit/test_cxp_exchange_catalog.py: owner-source equality and compatible cases,"tests/unit/test_cxp_exchange_catalog.py: mismatch, omission and invalid-shape cases",source and pin verified; downstream consumer adoption pending
Mongoeco,src/mongoeco/cxp/exchange/data/operational-metadata.json,93bdef63c0fdf46015b81e9a3b95d6879217bb31d02bb37d2a12bbfd52200d6f,/read/operationMetadata/find_one/supportedOptions,typed or bound owner claim at /read/operationMetadata/find_one/supportedOptions,capability=read; operation=find_one,Mongoeco exchange requirements and public profile evaluation,operational-metadata.json#/read/operationMetadata/find_one/supportedOptions,Mongoeco,org.mongoeco:mongodb@1.1.0 /read/find_one.supportedOptions,exchange_exact,org.mongoeco:mongodb@1.1.0 /read/find_one.supportedOptions; owner sha256:93bdef63c0fdf46015b81e9a3b95d6879217bb31d02bb37d2a12bbfd52200d6f#/read/operationMetadata/find_one/supportedOptions,tests/unit/test_cxp_exchange_catalog.py: owner-source equality and compatible cases,"tests/unit/test_cxp_exchange_catalog.py: mismatch, omission and invalid-shape cases",source and pin verified; downstream consumer adoption pending
Mongoeco,src/mongoeco/cxp/exchange/data/operational-metadata.json,93bdef63c0fdf46015b81e9a3b95d6879217bb31d02bb37d2a12bbfd52200d6f,/read/operationMetadata/find_one/supportsExplain,typed or bound owner claim at /read/operationMetadata/find_one/supportsExplain,capability=read; operation=find_one,Mongoeco exchange requirements and public profile evaluation,operational-metadata.json#/read/operationMetadata/find_one/supportsExplain,Mongoeco,org.mongoeco:mongodb@1.1.0 /read/find_one.supportsExplain,exchange_exact,org.mongoeco:mongodb@1.1.0 /read/find_one.supportsExplain; owner sha256:93bdef63c0fdf46015b81e9a3b95d6879217bb31d02bb37d2a12bbfd52200d6f#/read/operationMetadata/find_one/supportsExplain,tests/unit/test_cxp_exchange_catalog.py: owner-source equality and compatible cases,"tests/unit/test_cxp_exchange_catalog.py: mismatch, omission and invalid-shape cases",source and pin verified; downstream consumer adoption pending
Mongoeco,src/mongoeco/cxp/exchange/data/operational-metadata.json,93bdef63c0fdf46015b81e9a3b95d6879217bb31d02bb37d2a12bbfd52200d6f,/read/operationMetadata/find_one/supportsSession,typed or bound owner claim at /read/operationMetadata/find_one/supportsSession,capability=read; operation=find_one,Mongoeco exchange requirements and public profile evaluation,operational-metadata.json#/read/operationMetadata/find_one/supportsSession,Mongoeco,org.mongoeco:mongodb@1.1.0 /read/find_one.supportsSession,exchange_exact,org.mongoeco:mongodb@1.1.0 /read/find_one.supportsSession; owner sha256:93bdef63c0fdf46015b81e9a3b95d6879217bb31d02bb37d2a12bbfd52200d6f#/read/operationMetadata/find_one/supportsSession,tests/unit/test_cxp_exchange_catalog.py: owner-source equality and compatible cases,"tests/unit/test_cxp_exchange_catalog.py: mismatch, omission and invalid-shape cases",source and pin verified; downstream consumer adoption pending
Mongoeco,src/mongoeco/cxp/exchange/data/operational-metadata.json,93bdef63c0fdf46015b81e9a3b95d6879217bb31d02bb37d2a12bbfd52200d6f,/read/operationMetadata/find_one/unsupportedOptions,typed or bound owner claim at /read/operationMetadata/find_one/unsupportedOptions,capability=read; operation=find_one,Mongoeco exchange requirements and public profile evaluation,operational-metadata.json#/read/operationMetadata/find_one/unsupportedOptions,Mongoeco,org.mongoeco:mongodb@1.1.0 /read/find_one.unsupportedOptions,exchange_exact,org.mongoeco:mongodb@1.1.0 /read/find_one.unsupportedOptions; owner sha256:93bdef63c0fdf46015b81e9a3b95d6879217bb31d02bb37d2a12bbfd52200d6f#/read/operationMetadata/find_one/unsupportedOptions,tests/unit/test_cxp_exchange_catalog.py: owner-source equality and compatible cases,"tests/unit/test_cxp_exchange_catalog.py: mismatch, omission and invalid-shape cases",source and pin verified; downstream consumer adoption pending
Mongoeco,src/mongoeco/cxp/exchange/data/operational-metadata.json,93bdef63c0fdf46015b81e9a3b95d6879217bb31d02bb37d2a12bbfd52200d6f,/read/queryFieldOperators,typed or bound owner claim at /read/queryFieldOperators,capability=read; operation=none,Mongoeco exchange requirements and public profile evaluation,operational-metadata.json#/read/queryFieldOperators,Mongoeco,org.mongoeco:mongodb@1.1.0 /read/queryFieldOperators,exchange_exact,org.mongoeco:mongodb@1.1.0 /read/queryFieldOperators; owner sha256:93bdef63c0fdf46015b81e9a3b95d6879217bb31d02bb37d2a12bbfd52200d6f#/read/queryFieldOperators,tests/unit/test_cxp_exchange_catalog.py: owner-source equality and compatible cases,"tests/unit/test_cxp_exchange_catalog.py: mismatch, omission and invalid-shape cases",source and pin verified; downstream consumer adoption pending
Mongoeco,src/mongoeco/cxp/exchange/data/operational-metadata.json,93bdef63c0fdf46015b81e9a3b95d6879217bb31d02bb37d2a12bbfd52200d6f,/read/queryTopLevelOperators,typed or bound owner claim at /read/queryTopLevelOperators,capability=read; operation=none,Mongoeco exchange requirements and public profile evaluation,operational-metadata.json#/read/queryTopLevelOperators,Mongoeco,org.mongoeco:mongodb@1.1.0 /read/queryTopLevelOperators,exchange_exact,org.mongoeco:mongodb@1.1.0 /read/queryTopLevelOperators; owner sha256:93bdef63c0fdf46015b81e9a3b95d6879217bb31d02bb37d2a12bbfd52200d6f#/read/queryTopLevelOperators,tests/unit/test_cxp_exchange_catalog.py: owner-source equality and compatible cases,"tests/unit/test_cxp_exchange_catalog.py: mismatch, omission and invalid-shape cases",source and pin verified; downstream consumer adoption pending
Mongoeco,src/mongoeco/cxp/exchange/data/operational-metadata.json,93bdef63c0fdf46015b81e9a3b95d6879217bb31d02bb37d2a12bbfd52200d6f,/read/sync,typed or bound owner claim at /read/sync,capability=read; operation=none,Mongoeco exchange requirements and public profile evaluation,operational-metadata.json#/read/sync,Mongoeco,org.mongoeco:mongodb@1.1.0 /read/sync,exchange_exact,org.mongoeco:mongodb@1.1.0 /read/sync; owner sha256:93bdef63c0fdf46015b81e9a3b95d6879217bb31d02bb37d2a12bbfd52200d6f#/read/sync,tests/unit/test_cxp_exchange_catalog.py: owner-source equality and compatible cases,"tests/unit/test_cxp_exchange_catalog.py: mismatch, omission and invalid-shape cases",source and pin verified; downstream consumer adoption pending
Mongoeco,src/mongoeco/cxp/exchange/data/operational-metadata.json,93bdef63c0fdf46015b81e9a3b95d6879217bb31d02bb37d2a12bbfd52200d6f,/search/advancedAtlasLikeGaps,typed or bound owner claim at /search/advancedAtlasLikeGaps,capability=search; operation=none,Mongoeco exchange requirements and public profile evaluation,operational-metadata.json#/search/advancedAtlasLikeGaps,Mongoeco,org.mongoeco:mongodb@1.1.0 /search/advancedAtlasLikeGaps,exchange_exact,org.mongoeco:mongodb@1.1.0 /search/advancedAtlasLikeGaps; owner sha256:93bdef63c0fdf46015b81e9a3b95d6879217bb31d02bb37d2a12bbfd52200d6f#/search/advancedAtlasLikeGaps,tests/unit/test_cxp_exchange_catalog.py: owner-source equality and compatible cases,"tests/unit/test_cxp_exchange_catalog.py: mismatch, omission and invalid-shape cases",source and pin verified; downstream consumer adoption pending
Mongoeco,src/mongoeco/cxp/exchange/data/operational-metadata.json,93bdef63c0fdf46015b81e9a3b95d6879217bb31d02bb37d2a12bbfd52200d6f,/search/aggregateStage,typed or bound owner claim at /search/aggregateStage,capability=search; operation=none,Mongoeco exchange requirements and public profile evaluation,operational-metadata.json#/search/aggregateStage,Mongoeco,org.mongoeco:mongodb@1.1.0 /search/aggregateStage,exchange_exact,org.mongoeco:mongodb@1.1.0 /search/aggregateStage; owner sha256:93bdef63c0fdf46015b81e9a3b95d6879217bb31d02bb37d2a12bbfd52200d6f#/search/aggregateStage,tests/unit/test_cxp_exchange_catalog.py: owner-source equality and compatible cases,"tests/unit/test_cxp_exchange_catalog.py: mismatch, omission and invalid-shape cases",source and pin verified; downstream consumer adoption pending
Mongoeco,src/mongoeco/cxp/exchange/data/operational-metadata.json,93bdef63c0fdf46015b81e9a3b95d6879217bb31d02bb37d2a12bbfd52200d6f,/search/exactFilterFieldMappings,typed or bound owner claim at /search/exactFilterFieldMappings,capability=search; operation=none,Mongoeco exchange requirements and public profile evaluation,operational-metadata.json#/search/exactFilterFieldMappings,Mongoeco,org.mongoeco:mongodb@1.1.0 /search/exactFilterFieldMappings,exchange_exact,org.mongoeco:mongodb@1.1.0 /search/exactFilterFieldMappings; owner sha256:93bdef63c0fdf46015b81e9a3b95d6879217bb31d02bb37d2a12bbfd52200d6f#/search/exactFilterFieldMappings,tests/unit/test_cxp_exchange_catalog.py: owner-source equality and compatible cases,"tests/unit/test_cxp_exchange_catalog.py: mismatch, omission and invalid-shape cases",source and pin verified; downstream consumer adoption pending
Mongoeco,src/mongoeco/cxp/exchange/data/operational-metadata.json,93bdef63c0fdf46015b81e9a3b95d6879217bb31d02bb37d2a12bbfd52200d6f,/search/explainFeatures,typed or bound owner claim at /search/explainFeatures,capability=search; operation=none,Mongoeco exchange requirements and public profile evaluation,operational-metadata.json#/search/explainFeatures,Mongoeco,org.mongoeco:mongodb@1.1.0 /search/explainFeatures,exchange_exact,org.mongoeco:mongodb@1.1.0 /search/explainFeatures; owner sha256:93bdef63c0fdf46015b81e9a3b95d6879217bb31d02bb37d2a12bbfd52200d6f#/search/explainFeatures,tests/unit/test_cxp_exchange_catalog.py: owner-source equality and compatible cases,"tests/unit/test_cxp_exchange_catalog.py: mismatch, omission and invalid-shape cases",source and pin verified; downstream consumer adoption pending
Mongoeco,src/mongoeco/cxp/exchange/data/operational-metadata.json,93bdef63c0fdf46015b81e9a3b95d6879217bb31d02bb37d2a12bbfd52200d6f,/search/fieldMappings,typed or bound owner claim at /search/fieldMappings,capability=search; operation=none,Mongoeco exchange requirements and public profile evaluation,operational-metadata.json#/search/fieldMappings,Mongoeco,org.mongoeco:mongodb@1.1.0 /search/fieldMappings,exchange_exact,org.mongoeco:mongodb@1.1.0 /search/fieldMappings; owner sha256:93bdef63c0fdf46015b81e9a3b95d6879217bb31d02bb37d2a12bbfd52200d6f#/search/fieldMappings,tests/unit/test_cxp_exchange_catalog.py: owner-source equality and compatible cases,"tests/unit/test_cxp_exchange_catalog.py: mismatch, omission and invalid-shape cases",source and pin verified; downstream consumer adoption pending
Mongoeco,src/mongoeco/cxp/exchange/data/operational-metadata.json,93bdef63c0fdf46015b81e9a3b95d6879217bb31d02bb37d2a12bbfd52200d6f,/search/note,Documented local search-v1 subset; advanced Atlas-like features remain outside this owner contract,local search-v1 on Memory and SQLite; no Atlas deployment parity,Consumers use the explicit local operators and reject unsupported syntax,operational-metadata.json#/search/note,Mongoeco,docs/architecture/search-contract-v1.md; docs/architecture/decisions/ADR-010-search-v1-como-contrato-local-estable.md,owner_narrative,owner sha256:93bdef63c0fdf46015b81e9a3b95d6879217bb31d02bb37d2a12bbfd52200d6f#/search/note,tests/unit/core/test_search.py and sync/async aggregate integration: documented local operators execute and explain,tests/unit/core/test_search.py: unsupported operator and option shapes reject; ADR-010 declines full Atlas parity,owner narrative bounded by accepted Search contract
Mongoeco,src/mongoeco/cxp/exchange/data/operational-metadata.json,93bdef63c0fdf46015b81e9a3b95d6879217bb31d02bb37d2a12bbfd52200d6f,/search/operationMetadata/aggregate/acceptedNoopOptions,typed or bound owner claim at /search/operationMetadata/aggregate/acceptedNoopOptions,capability=search; operation=aggregate,Mongoeco exchange requirements and public profile evaluation,operational-metadata.json#/search/operationMetadata/aggregate/acceptedNoopOptions,Mongoeco,org.mongoeco:mongodb@1.1.0 /search/aggregate.acceptedNoopOptions,exchange_exact,org.mongoeco:mongodb@1.1.0 /search/aggregate.acceptedNoopOptions; owner sha256:93bdef63c0fdf46015b81e9a3b95d6879217bb31d02bb37d2a12bbfd52200d6f#/search/operationMetadata/aggregate/acceptedNoopOptions,tests/unit/test_cxp_exchange_catalog.py: owner-source equality and compatible cases,"tests/unit/test_cxp_exchange_catalog.py: mismatch, omission and invalid-shape cases",source and pin verified; downstream consumer adoption pending
Mongoeco,src/mongoeco/cxp/exchange/data/operational-metadata.json,93bdef63c0fdf46015b81e9a3b95d6879217bb31d02bb37d2a12bbfd52200d6f,/search/operationMetadata/aggregate/acceptsPipeline,typed or bound owner claim at /search/operationMetadata/aggregate/acceptsPipeline,capability=search; operation=aggregate,Mongoeco exchange requirements and public profile evaluation,operational-metadata.json#/search/operationMetadata/aggregate/acceptsPipeline,Mongoeco,org.mongoeco:mongodb@1.1.0 /search/aggregate.acceptsPipeline,exchange_exact,org.mongoeco:mongodb@1.1.0 /search/aggregate.acceptsPipeline; owner sha256:93bdef63c0fdf46015b81e9a3b95d6879217bb31d02bb37d2a12bbfd52200d6f#/search/operationMetadata/aggregate/acceptsPipeline,tests/unit/test_cxp_exchange_catalog.py: owner-source equality and compatible cases,"tests/unit/test_cxp_exchange_catalog.py: mismatch, omission and invalid-shape cases",source and pin verified; downstream consumer adoption pending
Mongoeco,src/mongoeco/cxp/exchange/data/operational-metadata.json,93bdef63c0fdf46015b81e9a3b95d6879217bb31d02bb37d2a12bbfd52200d6f,/search/operationMetadata/aggregate/aggregateStage,typed or bound owner claim at /search/operationMetadata/aggregate/aggregateStage,capability=search; operation=aggregate,Mongoeco exchange requirements and public profile evaluation,operational-metadata.json#/search/operationMetadata/aggregate/aggregateStage,Mongoeco,org.mongoeco:mongodb@1.1.0 /search/aggregate.aggregateStage,exchange_exact,org.mongoeco:mongodb@1.1.0 /search/aggregate.aggregateStage; owner sha256:93bdef63c0fdf46015b81e9a3b95d6879217bb31d02bb37d2a12bbfd52200d6f#/search/operationMetadata/aggregate/aggregateStage,tests/unit/test_cxp_exchange_catalog.py: owner-source equality and compatible cases,"tests/unit/test_cxp_exchange_catalog.py: mismatch, omission and invalid-shape cases",source and pin verified; downstream consumer adoption pending
Mongoeco,src/mongoeco/cxp/exchange/data/operational-metadata.json,93bdef63c0fdf46015b81e9a3b95d6879217bb31d02bb37d2a12bbfd52200d6f,/search/operationMetadata/aggregate/operators,typed or bound owner claim at /search/operationMetadata/aggregate/operators,capability=search; operation=aggregate,Mongoeco exchange requirements and public profile evaluation,operational-metadata.json#/search/operationMetadata/aggregate/operators,Mongoeco,org.mongoeco:mongodb@1.1.0 /search/aggregate.operators,exchange_exact,org.mongoeco:mongodb@1.1.0 /search/aggregate.operators; owner sha256:93bdef63c0fdf46015b81e9a3b95d6879217bb31d02bb37d2a12bbfd52200d6f#/search/operationMetadata/aggregate/operators,tests/unit/test_cxp_exchange_catalog.py: owner-source equality and compatible cases,"tests/unit/test_cxp_exchange_catalog.py: mismatch, omission and invalid-shape cases",source and pin verified; downstream consumer adoption pending
Mongoeco,src/mongoeco/cxp/exchange/data/operational-metadata.json,93bdef63c0fdf46015b81e9a3b95d6879217bb31d02bb37d2a12bbfd52200d6f,/search/operationMetadata/aggregate/requiresLeadingStage,typed or bound owner claim at /search/operationMetadata/aggregate/requiresLeadingStage,capability=search; operation=aggregate,Mongoeco exchange requirements and public profile evaluation,operational-metadata.json#/search/operationMetadata/aggregate/requiresLeadingStage,Mongoeco,org.mongoeco:mongodb@1.1.0 /search/aggregate.requiresLeadingStage,exchange_exact,org.mongoeco:mongodb@1.1.0 /search/aggregate.requiresLeadingStage; owner sha256:93bdef63c0fdf46015b81e9a3b95d6879217bb31d02bb37d2a12bbfd52200d6f#/search/operationMetadata/aggregate/requiresLeadingStage,tests/unit/test_cxp_exchange_catalog.py: owner-source equality and compatible cases,"tests/unit/test_cxp_exchange_catalog.py: mismatch, omission and invalid-shape cases",source and pin verified; downstream consumer adoption pending
Mongoeco,src/mongoeco/cxp/exchange/data/operational-metadata.json,93bdef63c0fdf46015b81e9a3b95d6879217bb31d02bb37d2a12bbfd52200d6f,/search/operationMetadata/aggregate/resultType,typed or bound owner claim at /search/operationMetadata/aggregate/resultType,capability=search; operation=aggregate,Mongoeco exchange requirements and public profile evaluation,operational-metadata.json#/search/operationMetadata/aggregate/resultType,Mongoeco,org.mongoeco:result.cursor:1,exchange_exact,org.mongoeco:result.cursor:1; owner sha256:93bdef63c0fdf46015b81e9a3b95d6879217bb31d02bb37d2a12bbfd52200d6f#/search/operationMetadata/aggregate/resultType,tests/unit/test_cxp_exchange_catalog.py: owner-source equality and compatible cases,"tests/unit/test_cxp_exchange_catalog.py: mismatch, omission and invalid-shape cases",source and pin verified; downstream consumer adoption pending
Mongoeco,src/mongoeco/cxp/exchange/data/operational-metadata.json,93bdef63c0fdf46015b81e9a3b95d6879217bb31d02bb37d2a12bbfd52200d6f,/search/operationMetadata/aggregate/stageOptions/count,Mongoeco search parser and runtime validate the named stage option,capability=search; operation=aggregate,Mongoeco search parser and runtime validate the named stage option,operational-metadata.json#/search/operationMetadata/aggregate/stageOptions/count,Mongoeco,src/mongoeco/core/search.py; src/mongoeco/core/search_execution.py,owner_operational,owner sha256:93bdef63c0fdf46015b81e9a3b95d6879217bb31d02bb37d2a12bbfd52200d6f#/search/operationMetadata/aggregate/stageOptions/count,tests/unit/core/test_search.py: $searchMeta total and lowerBound produce distinct exact count documents; sync and async aggregate integration cases,tests/unit/core/test_search.py: approximate count mode rejected,per-field owner operational oracle verified
Mongoeco,src/mongoeco/cxp/exchange/data/operational-metadata.json,93bdef63c0fdf46015b81e9a3b95d6879217bb31d02bb37d2a12bbfd52200d6f,/search/operationMetadata/aggregate/stageOptions/countOptions/supportsThreshold,Mongoeco search parser and runtime validate the named stage option,capability=search; operation=aggregate,Mongoeco search parser and runtime validate the named stage option,operational-metadata.json#/search/operationMetadata/aggregate/stageOptions/countOptions/supportsThreshold,Mongoeco,src/mongoeco/core/search.py; src/mongoeco/core/search_execution.py,owner_operational,owner sha256:93bdef63c0fdf46015b81e9a3b95d6879217bb31d02bb37d2a12bbfd52200d6f#/search/operationMetadata/aggregate/stageOptions/countOptions/supportsThreshold,tests/unit/core/test_search.py: lowerBound with positive threshold produces capped result,tests/unit/core/test_search.py: total with threshold and zero threshold rejected,per-field owner operational oracle verified
Mongoeco,src/mongoeco/cxp/exchange/data/operational-metadata.json,93bdef63c0fdf46015b81e9a3b95d6879217bb31d02bb37d2a12bbfd52200d6f,/search/operationMetadata/aggregate/stageOptions/countOptions/thresholdMode,Mongoeco search parser and runtime validate the named stage option,capability=search; operation=aggregate,Mongoeco search parser and runtime validate the named stage option,operational-metadata.json#/search/operationMetadata/aggregate/stageOptions/countOptions/thresholdMode,Mongoeco,src/mongoeco/core/search.py; src/mongoeco/core/search_execution.py,owner_operational,owner sha256:93bdef63c0fdf46015b81e9a3b95d6879217bb31d02bb37d2a12bbfd52200d6f#/search/operationMetadata/aggregate/stageOptions/countOptions/thresholdMode,tests/unit/core/test_search.py: threshold is carried only by lowerBound explain and output,tests/unit/core/test_search.py: total mode rejects threshold,per-field owner operational oracle verified
Mongoeco,src/mongoeco/cxp/exchange/data/operational-metadata.json,93bdef63c0fdf46015b81e9a3b95d6879217bb31d02bb37d2a12bbfd52200d6f,/search/operationMetadata/aggregate/stageOptions/facet/previewOnly,Deprecated 4.x facetPreview explain alias only; typed $searchMeta facet collector output remains canonical,search-v1; 4.x explain compatibility alias; not $searchMeta result,Explain clients migrate to typed facet collector output; admission never uses the preview alias,operational-metadata.json#/search/operationMetadata/aggregate/stageOptions/facet/previewOnly,Mongoeco,docs/architecture/search-contract-v1.md#explain; src/mongoeco/compat/resources/deprecations-v1.json,owner_operational,owner sha256:93bdef63c0fdf46015b81e9a3b95d6879217bb31d02bb37d2a12bbfd52200d6f#/search/operationMetadata/aggregate/stageOptions/facet/previewOnly,tests/unit/core/test_search.py:test_facet_preview_alias_does_not_replace_typed_collector_result: preview alias exists; deprecations-v1.json names typed facet output as replacement,tests/unit/core/test_search.py: canonical $searchMeta facet result omits facetPreview and invalid facet shapes reject,owner legacy alias scope verified
Mongoeco,src/mongoeco/cxp/exchange/data/operational-metadata.json,93bdef63c0fdf46015b81e9a3b95d6879217bb31d02bb37d2a12bbfd52200d6f,/search/operationMetadata/aggregate/stageOptions/facet/supportedTypes,Mongoeco search parser and runtime validate the named stage option,capability=search; operation=aggregate,Mongoeco search parser and runtime validate the named stage option,operational-metadata.json#/search/operationMetadata/aggregate/stageOptions/facet/supportedTypes,Mongoeco,src/mongoeco/core/search.py; src/mongoeco/core/search_execution.py,owner_operational,owner sha256:93bdef63c0fdf46015b81e9a3b95d6879217bb31d02bb37d2a12bbfd52200d6f#/search/operationMetadata/aggregate/stageOptions/facet/supportedTypes,"tests/unit/core/test_search.py: $searchMeta facets produce string, number, date, boolean, objectId and uuid buckets",tests/unit/core/test_search.py: object facet type rejected and values of the wrong type omitted,per-field owner operational oracle verified
Mongoeco,src/mongoeco/cxp/exchange/data/operational-metadata.json,93bdef63c0fdf46015b81e9a3b95d6879217bb31d02bb37d2a12bbfd52200d6f,/search/operationMetadata/aggregate/stageOptions/facet/supportsIncludeMeta,Mongoeco search parser and runtime validate the named stage option,capability=search; operation=aggregate,Mongoeco search parser and runtime validate the named stage option,operational-metadata.json#/search/operationMetadata/aggregate/stageOptions/facet/supportsIncludeMeta,Mongoeco,src/mongoeco/core/search.py; src/mongoeco/core/search_execution.py,owner_operational,owner sha256:93bdef63c0fdf46015b81e9a3b95d6879217bb31d02bb37d2a12bbfd52200d6f#/search/operationMetadata/aggregate/stageOptions/facet/supportsIncludeMeta,tests/unit/core/test_search.py: includeMeta true adds coverage metadata to facet output,tests/unit/core/test_search.py: absent includeMeta omits metadata and non-boolean includeMeta rejected,per-field owner operational oracle verified
Mongoeco,src/mongoeco/cxp/exchange/data/operational-metadata.json,93bdef63c0fdf46015b81e9a3b95d6879217bb31d02bb37d2a12bbfd52200d6f,/search/operationMetadata/aggregate/stageOptions/facet/supportsNumBuckets,Mongoeco search parser and runtime validate the named stage option,capability=search; operation=aggregate,Mongoeco search parser and runtime validate the named stage option,operational-metadata.json#/search/operationMetadata/aggregate/stageOptions/facet/supportsNumBuckets,Mongoeco,src/mongoeco/core/search.py; src/mongoeco/core/search_execution.py,owner_operational,owner sha256:93bdef63c0fdf46015b81e9a3b95d6879217bb31d02bb37d2a12bbfd52200d6f#/search/operationMetadata/aggregate/stageOptions/facet/supportsNumBuckets,tests/unit/core/test_search.py: numBuckets limits facet output to requested number,tests/unit/core/test_search.py: zero numBuckets rejected and overflow omitted from returned buckets,per-field owner operational oracle verified
Mongoeco,src/mongoeco/cxp/exchange/data/operational-metadata.json,93bdef63c0fdf46015b81e9a3b95d6879217bb31d02bb37d2a12bbfd52200d6f,/search/operationMetadata/aggregate/stageOptions/facet/supportsPath,Mongoeco search parser and runtime validate the named stage option,capability=search; operation=aggregate,Mongoeco search parser and runtime validate the named stage option,operational-metadata.json#/search/operationMetadata/aggregate/stageOptions/facet/supportsPath,Mongoeco,src/mongoeco/core/search.py; src/mongoeco/core/search_execution.py,owner_operational,owner sha256:93bdef63c0fdf46015b81e9a3b95d6879217bb31d02bb37d2a12bbfd52200d6f#/search/operationMetadata/aggregate/stageOptions/facet/supportsPath,"tests/unit/core/test_search.py: explicit facet path selects kind, title, price and published values",tests/unit/core/test_search.py: empty facet path rejected,per-field owner operational oracle verified
Mongoeco,src/mongoeco/cxp/exchange/data/operational-metadata.json,93bdef63c0fdf46015b81e9a3b95d6879217bb31d02bb37d2a12bbfd52200d6f,/search/operationMetadata/aggregate/stageOptions/facet/supportsType,Mongoeco search parser and runtime validate the named stage option,capability=search; operation=aggregate,Mongoeco search parser and runtime validate the named stage option,operational-metadata.json#/search/operationMetadata/aggregate/stageOptions/facet/supportsType,Mongoeco,src/mongoeco/core/search.py; src/mongoeco/core/search_execution.py,owner_operational,owner sha256:93bdef63c0fdf46015b81e9a3b95d6879217bb31d02bb37d2a12bbfd52200d6f#/search/operationMetadata/aggregate/stageOptions/facet/supportsType,"tests/unit/core/test_search.py: explicit string, number, date, boolean, objectId and uuid facet types produce typed buckets",tests/unit/core/test_search.py: unsupported object type rejected,per-field owner operational oracle verified
Mongoeco,src/mongoeco/cxp/exchange/data/operational-metadata.json,93bdef63c0fdf46015b81e9a3b95d6879217bb31d02bb37d2a12bbfd52200d6f,/search/operationMetadata/aggregate/stageOptions/highlight/resultField,Mongoeco search parser and runtime validate the named stage option,capability=search; operation=aggregate,Mongoeco search parser and runtime validate the named stage option,operational-metadata.json#/search/operationMetadata/aggregate/stageOptions/highlight/resultField,Mongoeco,src/mongoeco/core/search.py; src/mongoeco/core/search_execution.py,owner_operational,owner sha256:93bdef63c0fdf46015b81e9a3b95d6879217bb31d02bb37d2a12bbfd52200d6f#/search/operationMetadata/aggregate/stageOptions/highlight/resultField,tests/unit/core/test_search.py: public highlighted result and preview use searchHighlights; sync and async aggregate integration cases,tests/unit/core/test_search.py: internal metadata is not a public field and preexisting user searchHighlights is preserved,per-field owner operational oracle verified
Mongoeco,src/mongoeco/cxp/exchange/data/operational-metadata.json,93bdef63c0fdf46015b81e9a3b95d6879217bb31d02bb37d2a12bbfd52200d6f,/search/operationMetadata/aggregate/stageOptions/highlight/supportsMaxChars,Mongoeco search parser and runtime validate the named stage option,capability=search; operation=aggregate,Mongoeco search parser and runtime validate the named stage option,operational-metadata.json#/search/operationMetadata/aggregate/stageOptions/highlight/supportsMaxChars,Mongoeco,src/mongoeco/core/search.py; src/mongoeco/core/search_execution.py,owner_operational,owner sha256:93bdef63c0fdf46015b81e9a3b95d6879217bb31d02bb37d2a12bbfd52200d6f#/search/operationMetadata/aggregate/stageOptions/highlight/supportsMaxChars,tests/unit/core/test_search.py: maxChars bounds Unicode highlight passage around the match,tests/unit/core/test_search.py: zero maxChars rejected,per-field owner operational oracle verified
Mongoeco,src/mongoeco/cxp/exchange/data/operational-metadata.json,93bdef63c0fdf46015b81e9a3b95d6879217bb31d02bb37d2a12bbfd52200d6f,/search/operationMetadata/aggregate/stageOptions/highlight/supportsMaxNumPassages,Mongoeco search parser and runtime validate the named stage option,capability=search; operation=aggregate,Mongoeco search parser and runtime validate the named stage option,operational-metadata.json#/search/operationMetadata/aggregate/stageOptions/highlight/supportsMaxNumPassages,Mongoeco,src/mongoeco/core/search.py; src/mongoeco/core/search_execution.py,owner_operational,owner sha256:93bdef63c0fdf46015b81e9a3b95d6879217bb31d02bb37d2a12bbfd52200d6f#/search/operationMetadata/aggregate/stageOptions/highlight/supportsMaxNumPassages,tests/unit/core/test_search.py: maxNumPassages 1 limits two candidate passages to one,tests/unit/core/test_search.py: zero maxNumPassages rejected,per-field owner operational oracle verified
Mongoeco,src/mongoeco/cxp/exchange/data/operational-metadata.json,93bdef63c0fdf46015b81e9a3b95d6879217bb31d02bb37d2a12bbfd52200d6f,/search/operationMetadata/aggregate/stageOptions/highlight/supportsPath,Mongoeco search parser and runtime validate the named stage option,capability=search; operation=aggregate,Mongoeco search parser and runtime validate the named stage option,operational-metadata.json#/search/operationMetadata/aggregate/stageOptions/highlight/supportsPath,Mongoeco,src/mongoeco/core/search.py; src/mongoeco/core/search_execution.py,owner_operational,owner sha256:93bdef63c0fdf46015b81e9a3b95d6879217bb31d02bb37d2a12bbfd52200d6f#/search/operationMetadata/aggregate/stageOptions/highlight/supportsPath,tests/unit/core/test_search.py: explicit and wildcard paths select mapped textual fields for highlights,tests/unit/core/test_search.py: invalid path shape rejected and unselected fields excluded,per-field owner operational oracle verified
Mongoeco,src/mongoeco/cxp/exchange/data/operational-metadata.json,93bdef63c0fdf46015b81e9a3b95d6879217bb31d02bb37d2a12bbfd52200d6f,/search/operationMetadata/aggregate/supportedOptions,typed or bound owner claim at /search/operationMetadata/aggregate/supportedOptions,capability=search; operation=aggregate,Mongoeco exchange requirements and public profile evaluation,operational-metadata.json#/search/operationMetadata/aggregate/supportedOptions,Mongoeco,org.mongoeco:mongodb@1.1.0 /search/aggregate.supportedOptions,exchange_exact,org.mongoeco:mongodb@1.1.0 /search/aggregate.supportedOptions; owner sha256:93bdef63c0fdf46015b81e9a3b95d6879217bb31d02bb37d2a12bbfd52200d6f#/search/operationMetadata/aggregate/supportedOptions,tests/unit/test_cxp_exchange_catalog.py: owner-source equality and compatible cases,"tests/unit/test_cxp_exchange_catalog.py: mismatch, omission and invalid-shape cases",source and pin verified; downstream consumer adoption pending
Mongoeco,src/mongoeco/cxp/exchange/data/operational-metadata.json,93bdef63c0fdf46015b81e9a3b95d6879217bb31d02bb37d2a12bbfd52200d6f,/search/operationMetadata/aggregate/supportsCollectionScope,typed or bound owner claim at /search/operationMetadata/aggregate/supportsCollectionScope,capability=search; operation=aggregate,Mongoeco exchange requirements and public profile evaluation,operational-metadata.json#/search/operationMetadata/aggregate/supportsCollectionScope,Mongoeco,org.mongoeco:mongodb@1.1.0 /search/aggregate.supportsCollectionScope,exchange_exact,org.mongoeco:mongodb@1.1.0 /search/aggregate.supportsCollectionScope; owner sha256:93bdef63c0fdf46015b81e9a3b95d6879217bb31d02bb37d2a12bbfd52200d6f#/search/operationMetadata/aggregate/supportsCollectionScope,tests/unit/test_cxp_exchange_catalog.py: owner-source equality and compatible cases,"tests/unit/test_cxp_exchange_catalog.py: mismatch, omission and invalid-shape cases",source and pin verified; downstream consumer adoption pending
Mongoeco,src/mongoeco/cxp/exchange/data/operational-metadata.json,93bdef63c0fdf46015b81e9a3b95d6879217bb31d02bb37d2a12bbfd52200d6f,/search/operationMetadata/aggregate/supportsDatabaseScope,typed or bound owner claim at /search/operationMetadata/aggregate/supportsDatabaseScope,capability=search; operation=aggregate,Mongoeco exchange requirements and public profile evaluation,operational-metadata.json#/search/operationMetadata/aggregate/supportsDatabaseScope,Mongoeco,org.mongoeco:mongodb@1.1.0 /search/aggregate.supportsDatabaseScope,exchange_exact,org.mongoeco:mongodb@1.1.0 /search/aggregate.supportsDatabaseScope; owner sha256:93bdef63c0fdf46015b81e9a3b95d6879217bb31d02bb37d2a12bbfd52200d6f#/search/operationMetadata/aggregate/supportsDatabaseScope,tests/unit/test_cxp_exchange_catalog.py: owner-source equality and compatible cases,"tests/unit/test_cxp_exchange_catalog.py: mismatch, omission and invalid-shape cases",source and pin verified; downstream consumer adoption pending
Mongoeco,src/mongoeco/cxp/exchange/data/operational-metadata.json,93bdef63c0fdf46015b81e9a3b95d6879217bb31d02bb37d2a12bbfd52200d6f,/search/operationMetadata/aggregate/supportsExplain,typed or bound owner claim at /search/operationMetadata/aggregate/supportsExplain,capability=search; operation=aggregate,Mongoeco exchange requirements and public profile evaluation,operational-metadata.json#/search/operationMetadata/aggregate/supportsExplain,Mongoeco,org.mongoeco:mongodb@1.1.0 /search/aggregate.supportsExplain,exchange_exact,org.mongoeco:mongodb@1.1.0 /search/aggregate.supportsExplain; owner sha256:93bdef63c0fdf46015b81e9a3b95d6879217bb31d02bb37d2a12bbfd52200d6f#/search/operationMetadata/aggregate/supportsExplain,tests/unit/test_cxp_exchange_catalog.py: owner-source equality and compatible cases,"tests/unit/test_cxp_exchange_catalog.py: mismatch, omission and invalid-shape cases",source and pin verified; downstream consumer adoption pending
Mongoeco,src/mongoeco/cxp/exchange/data/operational-metadata.json,93bdef63c0fdf46015b81e9a3b95d6879217bb31d02bb37d2a12bbfd52200d6f,/search/operationMetadata/aggregate/supportsSession,typed or bound owner claim at /search/operationMetadata/aggregate/supportsSession,capability=search; operation=aggregate,Mongoeco exchange requirements and public profile evaluation,operational-metadata.json#/search/operationMetadata/aggregate/supportsSession,Mongoeco,org.mongoeco:mongodb@1.1.0 /search/aggregate.supportsSession,exchange_exact,org.mongoeco:mongodb@1.1.0 /search/aggregate.supportsSession; owner sha256:93bdef63c0fdf46015b81e9a3b95d6879217bb31d02bb37d2a12bbfd52200d6f#/search/operationMetadata/aggregate/supportsSession,tests/unit/test_cxp_exchange_catalog.py: owner-source equality and compatible cases,"tests/unit/test_cxp_exchange_catalog.py: mismatch, omission and invalid-shape cases",source and pin verified; downstream consumer adoption pending
Mongoeco,src/mongoeco/cxp/exchange/data/operational-metadata.json,93bdef63c0fdf46015b81e9a3b95d6879217bb31d02bb37d2a12bbfd52200d6f,/search/operationMetadata/aggregate/unsupportedOptions,typed or bound owner claim at /search/operationMetadata/aggregate/unsupportedOptions,capability=search; operation=aggregate,Mongoeco exchange requirements and public profile evaluation,operational-metadata.json#/search/operationMetadata/aggregate/unsupportedOptions,Mongoeco,org.mongoeco:mongodb@1.1.0 /search/aggregate.unsupportedOptions,exchange_exact,org.mongoeco:mongodb@1.1.0 /search/aggregate.unsupportedOptions; owner sha256:93bdef63c0fdf46015b81e9a3b95d6879217bb31d02bb37d2a12bbfd52200d6f#/search/operationMetadata/aggregate/unsupportedOptions,tests/unit/test_cxp_exchange_catalog.py: owner-source equality and compatible cases,"tests/unit/test_cxp_exchange_catalog.py: mismatch, omission and invalid-shape cases",source and pin verified; downstream consumer adoption pending
Mongoeco,src/mongoeco/cxp/exchange/data/operational-metadata.json,93bdef63c0fdf46015b81e9a3b95d6879217bb31d02bb37d2a12bbfd52200d6f,/search/operatorSemantics/autocomplete/atlasParity,Local search-v1 syntax subset for autocomplete; no claim of Atlas deployment parity,"local search-v1; operator=autocomplete; owner limitation, not a portable compatibility fact",Consumers use the local Search contract and must not infer Atlas parity,operational-metadata.json#/search/operatorSemantics/autocomplete/atlasParity,Mongoeco,docs/architecture/search-contract-v1.md#diferencias-conscientes-con-atlas,owner_narrative,owner sha256:93bdef63c0fdf46015b81e9a3b95d6879217bb31d02bb37d2a12bbfd52200d6f#/search/operatorSemantics/autocomplete/atlasParity,docs/architecture/search-contract-v1.md and tests/unit/core/test_search.py: local autocomplete behavior and querySemantics subset marker,tests/unit/core/test_search.py: unsupported autocomplete options reject; no Atlas parity is asserted by the owner contract,owner limitation documented and bounded
Mongoeco,src/mongoeco/cxp/exchange/data/operational-metadata.json,93bdef63c0fdf46015b81e9a3b95d6879217bb31d02bb37d2a12bbfd52200d6f,/search/operatorSemantics/autocomplete/fuzzy/maxEdits,Mongoeco search parser and matcher select the named operator semantics,capability=search; operation=none,Mongoeco search parser and matcher select the named operator semantics,operational-metadata.json#/search/operatorSemantics/autocomplete/fuzzy/maxEdits,Mongoeco,src/mongoeco/core/search.py; src/mongoeco/core/search_execution.py,owner_operational,owner sha256:93bdef63c0fdf46015b81e9a3b95d6879217bb31d02bb37d2a12bbfd52200d6f#/search/operatorSemantics/autocomplete/fuzzy/maxEdits,tests/unit/core/test_search.py: one-edit and two-edit autocomplete queries match Algorithm,tests/unit/core/test_search.py: maxEdits 3 rejected and same typo without fuzzy fails,per-field owner operational oracle verified
Mongoeco,src/mongoeco/cxp/exchange/data/operational-metadata.json,93bdef63c0fdf46015b81e9a3b95d6879217bb31d02bb37d2a12bbfd52200d6f,/search/operatorSemantics/autocomplete/fuzzy/supportsMaxExpansions,Mongoeco search parser and matcher select the named operator semantics,capability=search; operation=none,Mongoeco search parser and matcher select the named operator semantics,operational-metadata.json#/search/operatorSemantics/autocomplete/fuzzy/supportsMaxExpansions,Mongoeco,src/mongoeco/core/search.py; src/mongoeco/core/search_execution.py,owner_operational,owner sha256:93bdef63c0fdf46015b81e9a3b95d6879217bb31d02bb37d2a12bbfd52200d6f#/search/operatorSemantics/autocomplete/fuzzy/supportsMaxExpansions,tests/unit/core/test_search.py: maxExpansions 50 and 1 produce different ranking scores,tests/unit/core/test_search.py: zero maxExpansions rejected,per-field owner operational oracle verified
Mongoeco,src/mongoeco/cxp/exchange/data/operational-metadata.json,93bdef63c0fdf46015b81e9a3b95d6879217bb31d02bb37d2a12bbfd52200d6f,/search/operatorSemantics/autocomplete/fuzzy/supportsPrefixLength,Mongoeco search parser and matcher select the named operator semantics,capability=search; operation=none,Mongoeco search parser and matcher select the named operator semantics,operational-metadata.json#/search/operatorSemantics/autocomplete/fuzzy/supportsPrefixLength,Mongoeco,src/mongoeco/core/search.py; src/mongoeco/core/search_execution.py,owner_operational,owner sha256:93bdef63c0fdf46015b81e9a3b95d6879217bb31d02bb37d2a12bbfd52200d6f#/search/operatorSemantics/autocomplete/fuzzy/supportsPrefixLength,tests/unit/core/test_search.py: prefixLength 1 matches while strict prefixLength 5 blocks short candidate,tests/unit/core/test_search.py: negative prefixLength rejected,per-field owner operational oracle verified
Mongoeco,src/mongoeco/cxp/exchange/data/operational-metadata.json,93bdef63c0fdf46015b81e9a3b95d6879217bb31d02bb37d2a12bbfd52200d6f,/search/operatorSemantics/autocomplete/matchingMode,Mongoeco search parser and matcher select the named operator semantics,capability=search; operation=none,Mongoeco search parser and matcher select the named operator semantics,operational-metadata.json#/search/operatorSemantics/autocomplete/matchingMode,Mongoeco,src/mongoeco/core/search.py; src/mongoeco/core/search_execution.py,owner_operational,owner sha256:93bdef63c0fdf46015b81e9a3b95d6879217bb31d02bb37d2a12bbfd52200d6f#/search/operatorSemantics/autocomplete/matchingMode,tests/unit/core/test_search.py:test_search_meta_facet_collector_preserves_each_supported_operator: hardcoded querySemantics and matching document for the named local operator,tests/unit/core/test_search.py:test_search_meta_facet_collector_preserves_each_supported_operator: same operator rejects a nonmatching document and unsupported operator is rejected,per-field owner operational oracle verified
Mongoeco,src/mongoeco/cxp/exchange/data/operational-metadata.json,93bdef63c0fdf46015b81e9a3b95d6879217bb31d02bb37d2a12bbfd52200d6f,/search/operatorSemantics/autocomplete/scope,Mongoeco search parser and matcher select the named operator semantics,capability=search; operation=none,Mongoeco search parser and matcher select the named operator semantics,operational-metadata.json#/search/operatorSemantics/autocomplete/scope,Mongoeco,src/mongoeco/core/search.py; src/mongoeco/core/search_execution.py,owner_operational,owner sha256:93bdef63c0fdf46015b81e9a3b95d6879217bb31d02bb37d2a12bbfd52200d6f#/search/operatorSemantics/autocomplete/scope,tests/unit/core/test_search.py:test_search_meta_facet_collector_preserves_each_supported_operator: hardcoded querySemantics and matching document for the named local operator,tests/unit/core/test_search.py:test_search_meta_facet_collector_preserves_each_supported_operator: same operator rejects a nonmatching document and unsupported operator is rejected,per-field owner operational oracle verified
Mongoeco,src/mongoeco/cxp/exchange/data/operational-metadata.json,93bdef63c0fdf46015b81e9a3b95d6879217bb31d02bb37d2a12bbfd52200d6f,/search/operatorSemantics/autocomplete/scoreModes,Mongoeco search parser and matcher select the named operator semantics,capability=search; operation=none,Mongoeco search parser and matcher select the named operator semantics,operational-metadata.json#/search/operatorSemantics/autocomplete/scoreModes,Mongoeco,src/mongoeco/core/search.py; src/mongoeco/core/search_execution.py,owner_operational,owner sha256:93bdef63c0fdf46015b81e9a3b95d6879217bb31d02bb37d2a12bbfd52200d6f#/search/operatorSemantics/autocomplete/scoreModes,tests/unit/core/test_search.py: frequency and binary produce distinct scores on the same document,tests/unit/core/test_search.py: unknown scoreMode rejected,per-field owner operational oracle verified
Mongoeco,src/mongoeco/cxp/exchange/data/operational-metadata.json,93bdef63c0fdf46015b81e9a3b95d6879217bb31d02bb37d2a12bbfd52200d6f,/search/operatorSemantics/autocomplete/supportsFuzzy,Mongoeco search parser and matcher select the named operator semantics,capability=search; operation=none,Mongoeco search parser and matcher select the named operator semantics,operational-metadata.json#/search/operatorSemantics/autocomplete/supportsFuzzy,Mongoeco,src/mongoeco/core/search.py; src/mongoeco/core/search_execution.py,owner_operational,owner sha256:93bdef63c0fdf46015b81e9a3b95d6879217bb31d02bb37d2a12bbfd52200d6f#/search/operatorSemantics/autocomplete/supportsFuzzy,tests/unit/core/test_search.py: typo matches only when fuzzy is enabled,tests/unit/core/test_search.py: same typo without fuzzy fails and non-document fuzzy option rejected,per-field owner operational oracle verified
Mongoeco,src/mongoeco/cxp/exchange/data/operational-metadata.json,93bdef63c0fdf46015b81e9a3b95d6879217bb31d02bb37d2a12bbfd52200d6f,/search/operatorSemantics/autocomplete/tokenOrder,Mongoeco search parser and matcher select the named operator semantics,capability=search; operation=none,Mongoeco search parser and matcher select the named operator semantics,operational-metadata.json#/search/operatorSemantics/autocomplete/tokenOrder,Mongoeco,src/mongoeco/core/search.py; src/mongoeco/core/search_execution.py,owner_operational,owner sha256:93bdef63c0fdf46015b81e9a3b95d6879217bb31d02bb37d2a12bbfd52200d6f#/search/operatorSemantics/autocomplete/tokenOrder,tests/unit/core/test_search.py: sequential order matches Ada algorithm and rejects reversed tokens; any order is accepted,tests/unit/core/test_search.py: random tokenOrder rejected,per-field owner operational oracle verified
Mongoeco,src/mongoeco/cxp/exchange/data/operational-metadata.json,93bdef63c0fdf46015b81e9a3b95d6879217bb31d02bb37d2a12bbfd52200d6f,/search/operatorSemantics/autocomplete/tokenization,Mongoeco search parser and matcher select the named operator semantics,capability=search; operation=none,Mongoeco search parser and matcher select the named operator semantics,operational-metadata.json#/search/operatorSemantics/autocomplete/tokenization,Mongoeco,src/mongoeco/core/search.py; src/mongoeco/core/search_execution.py,owner_operational,owner sha256:93bdef63c0fdf46015b81e9a3b95d6879217bb31d02bb37d2a12bbfd52200d6f#/search/operatorSemantics/autocomplete/tokenization,tests/unit/core/test_search.py: Ada Lov compiles to lowercase ada/lov tokens and matches token prefixes,tests/unit/core/test_search.py: punctuation-only query rejected and empty-token candidates skipped,per-field owner operational oracle verified
Mongoeco,src/mongoeco/cxp/exchange/data/operational-metadata.json,93bdef63c0fdf46015b81e9a3b95d6879217bb31d02bb37d2a12bbfd52200d6f,/search/operatorSemantics/equals/matchingMode,Mongoeco search parser and matcher select the named operator semantics,capability=search; operation=none,Mongoeco search parser and matcher select the named operator semantics,operational-metadata.json#/search/operatorSemantics/equals/matchingMode,Mongoeco,src/mongoeco/core/search.py; src/mongoeco/core/search_execution.py,owner_operational,owner sha256:93bdef63c0fdf46015b81e9a3b95d6879217bb31d02bb37d2a12bbfd52200d6f#/search/operatorSemantics/equals/matchingMode,tests/unit/core/test_search.py:test_search_meta_facet_collector_preserves_each_supported_operator: hardcoded querySemantics and matching document for the named local operator,tests/unit/core/test_search.py:test_search_meta_facet_collector_preserves_each_supported_operator: same operator rejects a nonmatching document and unsupported operator is rejected,per-field owner operational oracle verified
Mongoeco,src/mongoeco/cxp/exchange/data/operational-metadata.json,93bdef63c0fdf46015b81e9a3b95d6879217bb31d02bb37d2a12bbfd52200d6f,/search/operatorSemantics/equals/scope,Mongoeco search parser and matcher select the named operator semantics,capability=search; operation=none,Mongoeco search parser and matcher select the named operator semantics,operational-metadata.json#/search/operatorSemantics/equals/scope,Mongoeco,src/mongoeco/core/search.py; src/mongoeco/core/search_execution.py,owner_operational,owner sha256:93bdef63c0fdf46015b81e9a3b95d6879217bb31d02bb37d2a12bbfd52200d6f#/search/operatorSemantics/equals/scope,tests/unit/core/test_search.py:test_search_meta_facet_collector_preserves_each_supported_operator: hardcoded querySemantics and matching document for the named local operator,tests/unit/core/test_search.py:test_search_meta_facet_collector_preserves_each_supported_operator: same operator rejects a nonmatching document and unsupported operator is rejected,per-field owner operational oracle verified
Mongoeco,src/mongoeco/cxp/exchange/data/operational-metadata.json,93bdef63c0fdf46015b81e9a3b95d6879217bb31d02bb37d2a12bbfd52200d6f,/search/operatorSemantics/exists/matchingMode,Mongoeco search parser and matcher select the named operator semantics,capability=search; operation=none,Mongoeco search parser and matcher select the named operator semantics,operational-metadata.json#/search/operatorSemantics/exists/matchingMode,Mongoeco,src/mongoeco/core/search.py; src/mongoeco/core/search_execution.py,owner_operational,owner sha256:93bdef63c0fdf46015b81e9a3b95d6879217bb31d02bb37d2a12bbfd52200d6f#/search/operatorSemantics/exists/matchingMode,tests/unit/core/test_search.py:test_search_meta_facet_collector_preserves_each_supported_operator: hardcoded querySemantics and matching document for the named local operator,tests/unit/core/test_search.py:test_search_meta_facet_collector_preserves_each_supported_operator: same operator rejects a nonmatching document and unsupported operator is rejected,per-field owner operational oracle verified
Mongoeco,src/mongoeco/cxp/exchange/data/operational-metadata.json,93bdef63c0fdf46015b81e9a3b95d6879217bb31d02bb37d2a12bbfd52200d6f,/search/operatorSemantics/exists/scope,Mongoeco search parser and matcher select the named operator semantics,capability=search; operation=none,Mongoeco search parser and matcher select the named operator semantics,operational-metadata.json#/search/operatorSemantics/exists/scope,Mongoeco,src/mongoeco/core/search.py; src/mongoeco/core/search_execution.py,owner_operational,owner sha256:93bdef63c0fdf46015b81e9a3b95d6879217bb31d02bb37d2a12bbfd52200d6f#/search/operatorSemantics/exists/scope,tests/unit/core/test_search.py:test_search_meta_facet_collector_preserves_each_supported_operator: hardcoded querySemantics and matching document for the named local operator,tests/unit/core/test_search.py:test_search_meta_facet_collector_preserves_each_supported_operator: same operator rejects a nonmatching document and unsupported operator is rejected,per-field owner operational oracle verified
Mongoeco,src/mongoeco/cxp/exchange/data/operational-metadata.json,93bdef63c0fdf46015b81e9a3b95d6879217bb31d02bb37d2a12bbfd52200d6f,/search/operatorSemantics/in/matchingMode,Mongoeco search parser and matcher select the named operator semantics,capability=search; operation=none,Mongoeco search parser and matcher select the named operator semantics,operational-metadata.json#/search/operatorSemantics/in/matchingMode,Mongoeco,src/mongoeco/core/search.py; src/mongoeco/core/search_execution.py,owner_operational,owner sha256:93bdef63c0fdf46015b81e9a3b95d6879217bb31d02bb37d2a12bbfd52200d6f#/search/operatorSemantics/in/matchingMode,tests/unit/core/test_search.py:test_search_meta_facet_collector_preserves_each_supported_operator: hardcoded querySemantics and matching document for the named local operator,tests/unit/core/test_search.py:test_search_meta_facet_collector_preserves_each_supported_operator: same operator rejects a nonmatching document and unsupported operator is rejected,per-field owner operational oracle verified
Mongoeco,src/mongoeco/cxp/exchange/data/operational-metadata.json,93bdef63c0fdf46015b81e9a3b95d6879217bb31d02bb37d2a12bbfd52200d6f,/search/operatorSemantics/in/scope,Mongoeco search parser and matcher select the named operator semantics,capability=search; operation=none,Mongoeco search parser and matcher select the named operator semantics,operational-metadata.json#/search/operatorSemantics/in/scope,Mongoeco,src/mongoeco/core/search.py; src/mongoeco/core/search_execution.py,owner_operational,owner sha256:93bdef63c0fdf46015b81e9a3b95d6879217bb31d02bb37d2a12bbfd52200d6f#/search/operatorSemantics/in/scope,tests/unit/core/test_search.py:test_search_meta_facet_collector_preserves_each_supported_operator: hardcoded querySemantics and matching document for the named local operator,tests/unit/core/test_search.py:test_search_meta_facet_collector_preserves_each_supported_operator: same operator rejects a nonmatching document and unsupported operator is rejected,per-field owner operational oracle verified
Mongoeco,src/mongoeco/cxp/exchange/data/operational-metadata.json,93bdef63c0fdf46015b81e9a3b95d6879217bb31d02bb37d2a12bbfd52200d6f,/search/operatorSemantics/near/matchingMode,Mongoeco search parser and matcher select the named operator semantics,capability=search; operation=none,Mongoeco search parser and matcher select the named operator semantics,operational-metadata.json#/search/operatorSemantics/near/matchingMode,Mongoeco,src/mongoeco/core/search.py; src/mongoeco/core/search_execution.py,owner_operational,owner sha256:93bdef63c0fdf46015b81e9a3b95d6879217bb31d02bb37d2a12bbfd52200d6f#/search/operatorSemantics/near/matchingMode,tests/unit/core/test_search.py:test_search_meta_facet_collector_preserves_each_supported_operator: hardcoded querySemantics and matching document for the named local operator,tests/unit/core/test_search.py:test_search_meta_facet_collector_preserves_each_supported_operator: same operator rejects a nonmatching document and unsupported operator is rejected,per-field owner operational oracle verified
Mongoeco,src/mongoeco/cxp/exchange/data/operational-metadata.json,93bdef63c0fdf46015b81e9a3b95d6879217bb31d02bb37d2a12bbfd52200d6f,/search/operatorSemantics/near/scope,Mongoeco search parser and matcher select the named operator semantics,capability=search; operation=none,Mongoeco search parser and matcher select the named operator semantics,operational-metadata.json#/search/operatorSemantics/near/scope,Mongoeco,src/mongoeco/core/search.py; src/mongoeco/core/search_execution.py,owner_operational,owner sha256:93bdef63c0fdf46015b81e9a3b95d6879217bb31d02bb37d2a12bbfd52200d6f#/search/operatorSemantics/near/scope,tests/unit/core/test_search.py:test_search_meta_facet_collector_preserves_each_supported_operator: hardcoded querySemantics and matching document for the named local operator,tests/unit/core/test_search.py:test_search_meta_facet_collector_preserves_each_supported_operator: same operator rejects a nonmatching document and unsupported operator is rejected,per-field owner operational oracle verified
Mongoeco,src/mongoeco/cxp/exchange/data/operational-metadata.json,93bdef63c0fdf46015b81e9a3b95d6879217bb31d02bb37d2a12bbfd52200d6f,/search/operatorSemantics/phrase/matchingMode,Mongoeco search parser and matcher select the named operator semantics,capability=search; operation=none,Mongoeco search parser and matcher select the named operator semantics,operational-metadata.json#/search/operatorSemantics/phrase/matchingMode,Mongoeco,src/mongoeco/core/search.py; src/mongoeco/core/search_execution.py,owner_operational,owner sha256:93bdef63c0fdf46015b81e9a3b95d6879217bb31d02bb37d2a12bbfd52200d6f#/search/operatorSemantics/phrase/matchingMode,tests/unit/core/test_search.py:test_search_meta_facet_collector_preserves_each_supported_operator: hardcoded querySemantics and matching document for the named local operator,tests/unit/core/test_search.py:test_search_meta_facet_collector_preserves_each_supported_operator: same operator rejects a nonmatching document and unsupported operator is rejected,per-field owner operational oracle verified
Mongoeco,src/mongoeco/cxp/exchange/data/operational-metadata.json,93bdef63c0fdf46015b81e9a3b95d6879217bb31d02bb37d2a12bbfd52200d6f,/search/operatorSemantics/phrase/scope,Mongoeco search parser and matcher select the named operator semantics,capability=search; operation=none,Mongoeco search parser and matcher select the named operator semantics,operational-metadata.json#/search/operatorSemantics/phrase/scope,Mongoeco,src/mongoeco/core/search.py; src/mongoeco/core/search_execution.py,owner_operational,owner sha256:93bdef63c0fdf46015b81e9a3b95d6879217bb31d02bb37d2a12bbfd52200d6f#/search/operatorSemantics/phrase/scope,tests/unit/core/test_search.py:test_search_meta_facet_collector_preserves_each_supported_operator: hardcoded querySemantics and matching document for the named local operator,tests/unit/core/test_search.py:test_search_meta_facet_collector_preserves_each_supported_operator: same operator rejects a nonmatching document and unsupported operator is rejected,per-field owner operational oracle verified
Mongoeco,src/mongoeco/cxp/exchange/data/operational-metadata.json,93bdef63c0fdf46015b81e9a3b95d6879217bb31d02bb37d2a12bbfd52200d6f,/search/operatorSemantics/phrase/supportsSlop,Mongoeco search parser and matcher select the named operator semantics,capability=search; operation=none,Mongoeco search parser and matcher select the named operator semantics,operational-metadata.json#/search/operatorSemantics/phrase/supportsSlop,Mongoeco,src/mongoeco/core/search.py; src/mongoeco/core/search_execution.py,owner_operational,owner sha256:93bdef63c0fdf46015b81e9a3b95d6879217bb31d02bb37d2a12bbfd52200d6f#/search/operatorSemantics/phrase/supportsSlop,tests/unit/core/test_search.py: first algorithm matches title with slop 2,tests/unit/core/test_search.py: same document fails at slop 0 and 1; negative/noninteger slop rejected,per-field owner operational oracle verified
Mongoeco,src/mongoeco/cxp/exchange/data/operational-metadata.json,93bdef63c0fdf46015b81e9a3b95d6879217bb31d02bb37d2a12bbfd52200d6f,/search/operatorSemantics/range/matchingMode,Mongoeco search parser and matcher select the named operator semantics,capability=search; operation=none,Mongoeco search parser and matcher select the named operator semantics,operational-metadata.json#/search/operatorSemantics/range/matchingMode,Mongoeco,src/mongoeco/core/search.py; src/mongoeco/core/search_execution.py,owner_operational,owner sha256:93bdef63c0fdf46015b81e9a3b95d6879217bb31d02bb37d2a12bbfd52200d6f#/search/operatorSemantics/range/matchingMode,tests/unit/core/test_search.py:test_search_meta_facet_collector_preserves_each_supported_operator: hardcoded querySemantics and matching document for the named local operator,tests/unit/core/test_search.py:test_search_meta_facet_collector_preserves_each_supported_operator: same operator rejects a nonmatching document and unsupported operator is rejected,per-field owner operational oracle verified
Mongoeco,src/mongoeco/cxp/exchange/data/operational-metadata.json,93bdef63c0fdf46015b81e9a3b95d6879217bb31d02bb37d2a12bbfd52200d6f,/search/operatorSemantics/range/scope,Mongoeco search parser and matcher select the named operator semantics,capability=search; operation=none,Mongoeco search parser and matcher select the named operator semantics,operational-metadata.json#/search/operatorSemantics/range/scope,Mongoeco,src/mongoeco/core/search.py; src/mongoeco/core/search_execution.py,owner_operational,owner sha256:93bdef63c0fdf46015b81e9a3b95d6879217bb31d02bb37d2a12bbfd52200d6f#/search/operatorSemantics/range/scope,tests/unit/core/test_search.py:test_search_meta_facet_collector_preserves_each_supported_operator: hardcoded querySemantics and matching document for the named local operator,tests/unit/core/test_search.py:test_search_meta_facet_collector_preserves_each_supported_operator: same operator rejects a nonmatching document and unsupported operator is rejected,per-field owner operational oracle verified
Mongoeco,src/mongoeco/cxp/exchange/data/operational-metadata.json,93bdef63c0fdf46015b81e9a3b95d6879217bb31d02bb37d2a12bbfd52200d6f,/search/operatorSemantics/regex/allowAnalyzedField,Mongoeco search parser and matcher select the named operator semantics,capability=search; operation=none,Mongoeco search parser and matcher select the named operator semantics,operational-metadata.json#/search/operatorSemantics/regex/allowAnalyzedField,Mongoeco,src/mongoeco/core/search.py; src/mongoeco/core/search_execution.py,owner_operational,owner sha256:93bdef63c0fdf46015b81e9a3b95d6879217bb31d02bb37d2a12bbfd52200d6f#/search/operatorSemantics/regex/allowAnalyzedField,tests/unit/core/test_search.py: allowAnalyzedField true matches token inside analyzed body,tests/unit/core/test_search.py: false does not match same body; nonboolean flag rejected,per-field owner operational oracle verified
Mongoeco,src/mongoeco/cxp/exchange/data/operational-metadata.json,93bdef63c0fdf46015b81e9a3b95d6879217bb31d02bb37d2a12bbfd52200d6f,/search/operatorSemantics/regex/atlasParity,Local search-v1 syntax subset for regex; no claim of Atlas deployment parity,"local search-v1; operator=regex; owner limitation, not a portable compatibility fact",Consumers use the local Search contract and must not infer Atlas parity,operational-metadata.json#/search/operatorSemantics/regex/atlasParity,Mongoeco,docs/architecture/search-contract-v1.md#diferencias-conscientes-con-atlas,owner_narrative,owner sha256:93bdef63c0fdf46015b81e9a3b95d6879217bb31d02bb37d2a12bbfd52200d6f#/search/operatorSemantics/regex/atlasParity,docs/architecture/search-contract-v1.md and tests/unit/core/test_search.py: local regex behavior and querySemantics subset marker,tests/unit/core/test_search.py: unsupported regex options reject; no Atlas parity is asserted by the owner contract,owner limitation documented and bounded
Mongoeco,src/mongoeco/cxp/exchange/data/operational-metadata.json,93bdef63c0fdf46015b81e9a3b95d6879217bb31d02bb37d2a12bbfd52200d6f,/search/operatorSemantics/regex/matchingMode,Mongoeco search parser and matcher select the named operator semantics,capability=search; operation=none,Mongoeco search parser and matcher select the named operator semantics,operational-metadata.json#/search/operatorSemantics/regex/matchingMode,Mongoeco,src/mongoeco/core/search.py; src/mongoeco/core/search_execution.py,owner_operational,owner sha256:93bdef63c0fdf46015b81e9a3b95d6879217bb31d02bb37d2a12bbfd52200d6f#/search/operatorSemantics/regex/matchingMode,tests/unit/core/test_search.py:test_search_meta_facet_collector_preserves_each_supported_operator: hardcoded querySemantics and matching document for the named local operator,tests/unit/core/test_search.py:test_search_meta_facet_collector_preserves_each_supported_operator: same operator rejects a nonmatching document and unsupported operator is rejected,per-field owner operational oracle verified
Mongoeco,src/mongoeco/cxp/exchange/data/operational-metadata.json,93bdef63c0fdf46015b81e9a3b95d6879217bb31d02bb37d2a12bbfd52200d6f,/search/operatorSemantics/regex/scope,Mongoeco search parser and matcher select the named operator semantics,capability=search; operation=none,Mongoeco search parser and matcher select the named operator semantics,operational-metadata.json#/search/operatorSemantics/regex/scope,Mongoeco,src/mongoeco/core/search.py; src/mongoeco/core/search_execution.py,owner_operational,owner sha256:93bdef63c0fdf46015b81e9a3b95d6879217bb31d02bb37d2a12bbfd52200d6f#/search/operatorSemantics/regex/scope,tests/unit/core/test_search.py:test_search_meta_facet_collector_preserves_each_supported_operator: hardcoded querySemantics and matching document for the named local operator,tests/unit/core/test_search.py:test_search_meta_facet_collector_preserves_each_supported_operator: same operator rejects a nonmatching document and unsupported operator is rejected,per-field owner operational oracle verified
Mongoeco,src/mongoeco/cxp/exchange/data/operational-metadata.json,93bdef63c0fdf46015b81e9a3b95d6879217bb31d02bb37d2a12bbfd52200d6f,/search/operatorSemantics/regex/supportedFlags,Mongoeco search parser and matcher select the named operator semantics,capability=search; operation=none,Mongoeco search parser and matcher select the named operator semantics,operational-metadata.json#/search/operatorSemantics/regex/supportedFlags,Mongoeco,src/mongoeco/core/search.py; src/mongoeco/core/search_execution.py,owner_operational,owner sha256:93bdef63c0fdf46015b81e9a3b95d6879217bb31d02bb37d2a12bbfd52200d6f#/search/operatorSemantics/regex/supportedFlags,"tests/unit/core/test_search.py: each of a,i,m,s,u,x compiles individually and i/s/x alter matches",tests/unit/core/test_search.py: unsupported z rejected and incompatible a/u combination rejected,per-field owner operational oracle verified
Mongoeco,src/mongoeco/cxp/exchange/data/operational-metadata.json,93bdef63c0fdf46015b81e9a3b95d6879217bb31d02bb37d2a12bbfd52200d6f,/search/operatorSemantics/regex/supportsFlags,Mongoeco search parser and matcher select the named operator semantics,capability=search; operation=none,Mongoeco search parser and matcher select the named operator semantics,operational-metadata.json#/search/operatorSemantics/regex/supportsFlags,Mongoeco,src/mongoeco/core/search.py; src/mongoeco/core/search_execution.py,owner_operational,owner sha256:93bdef63c0fdf46015b81e9a3b95d6879217bb31d02bb37d2a12bbfd52200d6f#/search/operatorSemantics/regex/supportsFlags,tests/unit/core/test_search.py: i/s and x flags change runtime matching,tests/unit/core/test_search.py: omitted flags do not match same examples; nonstring and unsupported z rejected,per-field owner operational oracle verified
Mongoeco,src/mongoeco/cxp/exchange/data/operational-metadata.json,93bdef63c0fdf46015b81e9a3b95d6879217bb31d02bb37d2a12bbfd52200d6f,/search/operatorSemantics/regex/supportsOptionsAlias,Mongoeco search parser and matcher select the named operator semantics,capability=search; operation=none,Mongoeco search parser and matcher select the named operator semantics,operational-metadata.json#/search/operatorSemantics/regex/supportsOptionsAlias,Mongoeco,src/mongoeco/core/search.py; src/mongoeco/core/search_execution.py,owner_operational,owner sha256:93bdef63c0fdf46015b81e9a3b95d6879217bb31d02bb37d2a12bbfd52200d6f#/search/operatorSemantics/regex/supportsOptionsAlias,tests/unit/core/test_search.py: options im compiles to canonical flags im,tests/unit/core/test_search.py: conflicting flags and options rejected,per-field owner operational oracle verified
Mongoeco,src/mongoeco/cxp/exchange/data/operational-metadata.json,93bdef63c0fdf46015b81e9a3b95d6879217bb31d02bb37d2a12bbfd52200d6f,/search/operatorSemantics/regex/tokenFallbackOnAnalyzedField,Mongoeco search parser and matcher select the named operator semantics,capability=search; operation=none,Mongoeco search parser and matcher select the named operator semantics,operational-metadata.json#/search/operatorSemantics/regex/tokenFallbackOnAnalyzedField,Mongoeco,src/mongoeco/core/search.py; src/mongoeco/core/search_execution.py,owner_operational,owner sha256:93bdef63c0fdf46015b81e9a3b95d6879217bb31d02bb37d2a12bbfd52200d6f#/search/operatorSemantics/regex/tokenFallbackOnAnalyzedField,tests/unit/core/test_search.py: analyzed field matches regex token with allowAnalyzedField true,tests/unit/core/test_search.py: same regex fails on analyzed field when fallback disabled,per-field owner operational oracle verified
Mongoeco,src/mongoeco/cxp/exchange/data/operational-metadata.json,93bdef63c0fdf46015b81e9a3b95d6879217bb31d02bb37d2a12bbfd52200d6f,/search/operatorSemantics/text/matchingMode,Mongoeco search parser and matcher select the named operator semantics,capability=search; operation=none,Mongoeco search parser and matcher select the named operator semantics,operational-metadata.json#/search/operatorSemantics/text/matchingMode,Mongoeco,src/mongoeco/core/search.py; src/mongoeco/core/search_execution.py,owner_operational,owner sha256:93bdef63c0fdf46015b81e9a3b95d6879217bb31d02bb37d2a12bbfd52200d6f#/search/operatorSemantics/text/matchingMode,tests/unit/core/test_search.py:test_search_meta_facet_collector_preserves_each_supported_operator: hardcoded querySemantics and matching document for the named local operator,tests/unit/core/test_search.py:test_search_meta_facet_collector_preserves_each_supported_operator: same operator rejects a nonmatching document and unsupported operator is rejected,per-field owner operational oracle verified
Mongoeco,src/mongoeco/cxp/exchange/data/operational-metadata.json,93bdef63c0fdf46015b81e9a3b95d6879217bb31d02bb37d2a12bbfd52200d6f,/search/operatorSemantics/text/scope,Mongoeco search parser and matcher select the named operator semantics,capability=search; operation=none,Mongoeco search parser and matcher select the named operator semantics,operational-metadata.json#/search/operatorSemantics/text/scope,Mongoeco,src/mongoeco/core/search.py; src/mongoeco/core/search_execution.py,owner_operational,owner sha256:93bdef63c0fdf46015b81e9a3b95d6879217bb31d02bb37d2a12bbfd52200d6f#/search/operatorSemantics/text/scope,tests/unit/core/test_search.py:test_search_meta_facet_collector_preserves_each_supported_operator: hardcoded querySemantics and matching document for the named local operator,tests/unit/core/test_search.py:test_search_meta_facet_collector_preserves_each_supported_operator: same operator rejects a nonmatching document and unsupported operator is rejected,per-field owner operational oracle verified
Mongoeco,src/mongoeco/cxp/exchange/data/operational-metadata.json,93bdef63c0fdf46015b81e9a3b95d6879217bb31d02bb37d2a12bbfd52200d6f,/search/operatorSemantics/wildcard/allowAnalyzedField,Mongoeco search parser and matcher select the named operator semantics,capability=search; operation=none,Mongoeco search parser and matcher select the named operator semantics,operational-metadata.json#/search/operatorSemantics/wildcard/allowAnalyzedField,Mongoeco,src/mongoeco/core/search.py; src/mongoeco/core/search_execution.py,owner_operational,owner sha256:93bdef63c0fdf46015b81e9a3b95d6879217bb31d02bb37d2a12bbfd52200d6f#/search/operatorSemantics/wildcard/allowAnalyzedField,tests/unit/core/test_search.py: allowAnalyzedField true matches eng* token inside analyzed body,tests/unit/core/test_search.py: false fails on same body; nonboolean value rejected,per-field owner operational oracle verified
Mongoeco,src/mongoeco/cxp/exchange/data/operational-metadata.json,93bdef63c0fdf46015b81e9a3b95d6879217bb31d02bb37d2a12bbfd52200d6f,/search/operatorSemantics/wildcard/atlasParity,Local search-v1 syntax subset for wildcard; no claim of Atlas deployment parity,"local search-v1; operator=wildcard; owner limitation, not a portable compatibility fact",Consumers use the local Search contract and must not infer Atlas parity,operational-metadata.json#/search/operatorSemantics/wildcard/atlasParity,Mongoeco,docs/architecture/search-contract-v1.md#diferencias-conscientes-con-atlas,owner_narrative,owner sha256:93bdef63c0fdf46015b81e9a3b95d6879217bb31d02bb37d2a12bbfd52200d6f#/search/operatorSemantics/wildcard/atlasParity,docs/architecture/search-contract-v1.md and tests/unit/core/test_search.py: local wildcard behavior and querySemantics subset marker,tests/unit/core/test_search.py: unsupported wildcard options reject; no Atlas parity is asserted by the owner contract,owner limitation documented and bounded
Mongoeco,src/mongoeco/cxp/exchange/data/operational-metadata.json,93bdef63c0fdf46015b81e9a3b95d6879217bb31d02bb37d2a12bbfd52200d6f,/search/operatorSemantics/wildcard/matchingMode,Mongoeco search parser and matcher select the named operator semantics,capability=search; operation=none,Mongoeco search parser and matcher select the named operator semantics,operational-metadata.json#/search/operatorSemantics/wildcard/matchingMode,Mongoeco,src/mongoeco/core/search.py; src/mongoeco/core/search_execution.py,owner_operational,owner sha256:93bdef63c0fdf46015b81e9a3b95d6879217bb31d02bb37d2a12bbfd52200d6f#/search/operatorSemantics/wildcard/matchingMode,tests/unit/core/test_search.py:test_search_meta_facet_collector_preserves_each_supported_operator: hardcoded querySemantics and matching document for the named local operator,tests/unit/core/test_search.py:test_search_meta_facet_collector_preserves_each_supported_operator: same operator rejects a nonmatching document and unsupported operator is rejected,per-field owner operational oracle verified
Mongoeco,src/mongoeco/cxp/exchange/data/operational-metadata.json,93bdef63c0fdf46015b81e9a3b95d6879217bb31d02bb37d2a12bbfd52200d6f,/search/operatorSemantics/wildcard/patternSyntax,Mongoeco search parser and matcher select the named operator semantics,capability=search; operation=none,Mongoeco search parser and matcher select the named operator semantics,operational-metadata.json#/search/operatorSemantics/wildcard/patternSyntax,Mongoeco,src/mongoeco/core/search.py; src/mongoeco/core/search_execution.py,owner_operational,owner sha256:93bdef63c0fdf46015b81e9a3b95d6879217bb31d02bb37d2a12bbfd52200d6f#/search/operatorSemantics/wildcard/patternSyntax,tests/unit/core/test_search.py: ada* and eng* glob-like patterns match candidate text or token,tests/unit/core/test_search.py: same patterns reject nonmatching documents in collector oracle,per-field owner operational oracle verified
Mongoeco,src/mongoeco/cxp/exchange/data/operational-metadata.json,93bdef63c0fdf46015b81e9a3b95d6879217bb31d02bb37d2a12bbfd52200d6f,/search/operatorSemantics/wildcard/scope,Mongoeco search parser and matcher select the named operator semantics,capability=search; operation=none,Mongoeco search parser and matcher select the named operator semantics,operational-metadata.json#/search/operatorSemantics/wildcard/scope,Mongoeco,src/mongoeco/core/search.py; src/mongoeco/core/search_execution.py,owner_operational,owner sha256:93bdef63c0fdf46015b81e9a3b95d6879217bb31d02bb37d2a12bbfd52200d6f#/search/operatorSemantics/wildcard/scope,tests/unit/core/test_search.py:test_search_meta_facet_collector_preserves_each_supported_operator: hardcoded querySemantics and matching document for the named local operator,tests/unit/core/test_search.py:test_search_meta_facet_collector_preserves_each_supported_operator: same operator rejects a nonmatching document and unsupported operator is rejected,per-field owner operational oracle verified
Mongoeco,src/mongoeco/cxp/exchange/data/operational-metadata.json,93bdef63c0fdf46015b81e9a3b95d6879217bb31d02bb37d2a12bbfd52200d6f,/search/operatorSemantics/wildcard/tokenFallbackOnAnalyzedField,Mongoeco search parser and matcher select the named operator semantics,capability=search; operation=none,Mongoeco search parser and matcher select the named operator semantics,operational-metadata.json#/search/operatorSemantics/wildcard/tokenFallbackOnAnalyzedField,Mongoeco,src/mongoeco/core/search.py; src/mongoeco/core/search_execution.py,owner_operational,owner sha256:93bdef63c0fdf46015b81e9a3b95d6879217bb31d02bb37d2a12bbfd52200d6f#/search/operatorSemantics/wildcard/tokenFallbackOnAnalyzedField,tests/unit/core/test_search.py: eng* matches analyzed body token when fallback enabled,tests/unit/core/test_search.py: same document fails when fallback disabled,per-field owner operational oracle verified
Mongoeco,src/mongoeco/cxp/exchange/data/operational-metadata.json,93bdef63c0fdf46015b81e9a3b95d6879217bb31d02bb37d2a12bbfd52200d6f,/search/operators,typed or bound owner claim at /search/operators,capability=search; operation=none,Mongoeco exchange requirements and public profile evaluation,operational-metadata.json#/search/operators,Mongoeco,org.mongoeco:mongodb@1.1.0 /search/operators,exchange_exact,org.mongoeco:mongodb@1.1.0 /search/operators; owner sha256:93bdef63c0fdf46015b81e9a3b95d6879217bb31d02bb37d2a12bbfd52200d6f#/search/operators,tests/unit/test_cxp_exchange_catalog.py: owner-source equality and compatible cases,"tests/unit/test_cxp_exchange_catalog.py: mismatch, omission and invalid-shape cases",source and pin verified; downstream consumer adoption pending
Mongoeco,src/mongoeco/cxp/exchange/data/operational-metadata.json,93bdef63c0fdf46015b81e9a3b95d6879217bb31d02bb37d2a12bbfd52200d6f,/search/sqliteBackends,typed or bound owner claim at /search/sqliteBackends,capability=search; operation=none,Mongoeco exchange requirements and public profile evaluation,operational-metadata.json#/search/sqliteBackends,Mongoeco,org.mongoeco:mongodb@1.1.0 /search/sqliteBackends,exchange_exact,org.mongoeco:mongodb@1.1.0 /search/sqliteBackends; owner sha256:93bdef63c0fdf46015b81e9a3b95d6879217bb31d02bb37d2a12bbfd52200d6f#/search/sqliteBackends,tests/unit/test_cxp_exchange_catalog.py: owner-source equality and compatible cases,"tests/unit/test_cxp_exchange_catalog.py: mismatch, omission and invalid-shape cases",source and pin verified; downstream consumer adoption pending
Mongoeco,src/mongoeco/cxp/exchange/data/operational-metadata.json,93bdef63c0fdf46015b81e9a3b95d6879217bb31d02bb37d2a12bbfd52200d6f,/search/stageOptions/count,Mongoeco search parser and runtime validate the named stage option,capability=search; operation=none,Mongoeco search parser and runtime validate the named stage option,operational-metadata.json#/search/stageOptions/count,Mongoeco,src/mongoeco/core/search.py; src/mongoeco/core/search_execution.py,owner_operational,owner sha256:93bdef63c0fdf46015b81e9a3b95d6879217bb31d02bb37d2a12bbfd52200d6f#/search/stageOptions/count,tests/unit/core/test_search.py: $searchMeta total and lowerBound produce distinct exact count documents; sync and async aggregate integration cases,tests/unit/core/test_search.py: approximate count mode rejected,per-field owner operational oracle verified
Mongoeco,src/mongoeco/cxp/exchange/data/operational-metadata.json,93bdef63c0fdf46015b81e9a3b95d6879217bb31d02bb37d2a12bbfd52200d6f,/search/stageOptions/countOptions/supportsThreshold,Mongoeco search parser and runtime validate the named stage option,capability=search; operation=none,Mongoeco search parser and runtime validate the named stage option,operational-metadata.json#/search/stageOptions/countOptions/supportsThreshold,Mongoeco,src/mongoeco/core/search.py; src/mongoeco/core/search_execution.py,owner_operational,owner sha256:93bdef63c0fdf46015b81e9a3b95d6879217bb31d02bb37d2a12bbfd52200d6f#/search/stageOptions/countOptions/supportsThreshold,tests/unit/core/test_search.py: lowerBound with positive threshold produces capped result,tests/unit/core/test_search.py: total with threshold and zero threshold rejected,per-field owner operational oracle verified
Mongoeco,src/mongoeco/cxp/exchange/data/operational-metadata.json,93bdef63c0fdf46015b81e9a3b95d6879217bb31d02bb37d2a12bbfd52200d6f,/search/stageOptions/countOptions/thresholdMode,Mongoeco search parser and runtime validate the named stage option,capability=search; operation=none,Mongoeco search parser and runtime validate the named stage option,operational-metadata.json#/search/stageOptions/countOptions/thresholdMode,Mongoeco,src/mongoeco/core/search.py; src/mongoeco/core/search_execution.py,owner_operational,owner sha256:93bdef63c0fdf46015b81e9a3b95d6879217bb31d02bb37d2a12bbfd52200d6f#/search/stageOptions/countOptions/thresholdMode,tests/unit/core/test_search.py: threshold is carried only by lowerBound explain and output,tests/unit/core/test_search.py: total mode rejects threshold,per-field owner operational oracle verified
Mongoeco,src/mongoeco/cxp/exchange/data/operational-metadata.json,93bdef63c0fdf46015b81e9a3b95d6879217bb31d02bb37d2a12bbfd52200d6f,/search/stageOptions/facet/collectorOperatorSupports,Mongoeco search parser and runtime validate the named stage option,capability=search; operation=none,Mongoeco search parser and runtime validate the named stage option,operational-metadata.json#/search/stageOptions/facet/collectorOperatorSupports,Mongoeco,src/mongoeco/core/search.py; src/mongoeco/core/search_execution.py,owner_operational,owner sha256:93bdef63c0fdf46015b81e9a3b95d6879217bb31d02bb37d2a12bbfd52200d6f#/search/stageOptions/facet/collectorOperatorSupports,tests/unit/core/test_search.py:test_search_meta_facet_collector_preserves_each_supported_operator: all 11 named operators compile and match a positive document,tests/unit/core/test_search.py: all 11 reject a nonmatching document; unsupported collector operator is rejected,per-field owner operational oracle verified
Mongoeco,src/mongoeco/cxp/exchange/data/operational-metadata.json,93bdef63c0fdf46015b81e9a3b95d6879217bb31d02bb37d2a12bbfd52200d6f,/search/stageOptions/facet/previewOnly,Deprecated 4.x facetPreview explain alias only; typed $searchMeta facet collector output remains canonical,search-v1; 4.x explain compatibility alias; not $searchMeta result,Explain clients migrate to typed facet collector output; admission never uses the preview alias,operational-metadata.json#/search/stageOptions/facet/previewOnly,Mongoeco,docs/architecture/search-contract-v1.md#explain; src/mongoeco/compat/resources/deprecations-v1.json,owner_operational,owner sha256:93bdef63c0fdf46015b81e9a3b95d6879217bb31d02bb37d2a12bbfd52200d6f#/search/stageOptions/facet/previewOnly,tests/unit/core/test_search.py:test_facet_preview_alias_does_not_replace_typed_collector_result: preview alias exists; deprecations-v1.json names typed facet output as replacement,tests/unit/core/test_search.py: canonical $searchMeta facet result omits facetPreview and invalid facet shapes reject,owner legacy alias scope verified
Mongoeco,src/mongoeco/cxp/exchange/data/operational-metadata.json,93bdef63c0fdf46015b81e9a3b95d6879217bb31d02bb37d2a12bbfd52200d6f,/search/stageOptions/facet/supportedTypes,Mongoeco search parser and runtime validate the named stage option,capability=search; operation=none,Mongoeco search parser and runtime validate the named stage option,operational-metadata.json#/search/stageOptions/facet/supportedTypes,Mongoeco,src/mongoeco/core/search.py; src/mongoeco/core/search_execution.py,owner_operational,owner sha256:93bdef63c0fdf46015b81e9a3b95d6879217bb31d02bb37d2a12bbfd52200d6f#/search/stageOptions/facet/supportedTypes,"tests/unit/core/test_search.py: $searchMeta facets produce string, number, date, boolean, objectId and uuid buckets",tests/unit/core/test_search.py: object facet type rejected and values of the wrong type omitted,per-field owner operational oracle verified
Mongoeco,src/mongoeco/cxp/exchange/data/operational-metadata.json,93bdef63c0fdf46015b81e9a3b95d6879217bb31d02bb37d2a12bbfd52200d6f,/search/stageOptions/facet/supportsCollectorOperator,Mongoeco search parser and runtime validate the named stage option,capability=search; operation=none,Mongoeco search parser and runtime validate the named stage option,operational-metadata.json#/search/stageOptions/facet/supportsCollectorOperator,Mongoeco,src/mongoeco/core/search.py; src/mongoeco/core/search_execution.py,owner_operational,owner sha256:93bdef63c0fdf46015b81e9a3b95d6879217bb31d02bb37d2a12bbfd52200d6f#/search/stageOptions/facet/supportsCollectorOperator,tests/unit/core/test_search.py: $searchMeta facet.operator executes a named collector,tests/unit/core/test_search.py: empty or combined top-level collector operator rejected,per-field owner operational oracle verified
Mongoeco,src/mongoeco/cxp/exchange/data/operational-metadata.json,93bdef63c0fdf46015b81e9a3b95d6879217bb31d02bb37d2a12bbfd52200d6f,/search/stageOptions/facet/supportsIncludeMeta,Mongoeco search parser and runtime validate the named stage option,capability=search; operation=none,Mongoeco search parser and runtime validate the named stage option,operational-metadata.json#/search/stageOptions/facet/supportsIncludeMeta,Mongoeco,src/mongoeco/core/search.py; src/mongoeco/core/search_execution.py,owner_operational,owner sha256:93bdef63c0fdf46015b81e9a3b95d6879217bb31d02bb37d2a12bbfd52200d6f#/search/stageOptions/facet/supportsIncludeMeta,tests/unit/core/test_search.py: includeMeta true adds coverage metadata to facet output,tests/unit/core/test_search.py: absent includeMeta omits metadata and non-boolean includeMeta rejected,per-field owner operational oracle verified
Mongoeco,src/mongoeco/cxp/exchange/data/operational-metadata.json,93bdef63c0fdf46015b81e9a3b95d6879217bb31d02bb37d2a12bbfd52200d6f,/search/stageOptions/facet/supportsNumBuckets,Mongoeco search parser and runtime validate the named stage option,capability=search; operation=none,Mongoeco search parser and runtime validate the named stage option,operational-metadata.json#/search/stageOptions/facet/supportsNumBuckets,Mongoeco,src/mongoeco/core/search.py; src/mongoeco/core/search_execution.py,owner_operational,owner sha256:93bdef63c0fdf46015b81e9a3b95d6879217bb31d02bb37d2a12bbfd52200d6f#/search/stageOptions/facet/supportsNumBuckets,tests/unit/core/test_search.py: numBuckets limits facet output to requested number,tests/unit/core/test_search.py: zero numBuckets rejected and overflow omitted from returned buckets,per-field owner operational oracle verified
Mongoeco,src/mongoeco/cxp/exchange/data/operational-metadata.json,93bdef63c0fdf46015b81e9a3b95d6879217bb31d02bb37d2a12bbfd52200d6f,/search/stageOptions/facet/supportsPath,Mongoeco search parser and runtime validate the named stage option,capability=search; operation=none,Mongoeco search parser and runtime validate the named stage option,operational-metadata.json#/search/stageOptions/facet/supportsPath,Mongoeco,src/mongoeco/core/search.py; src/mongoeco/core/search_execution.py,owner_operational,owner sha256:93bdef63c0fdf46015b81e9a3b95d6879217bb31d02bb37d2a12bbfd52200d6f#/search/stageOptions/facet/supportsPath,"tests/unit/core/test_search.py: explicit facet path selects kind, title, price and published values",tests/unit/core/test_search.py: empty facet path rejected,per-field owner operational oracle verified
Mongoeco,src/mongoeco/cxp/exchange/data/operational-metadata.json,93bdef63c0fdf46015b81e9a3b95d6879217bb31d02bb37d2a12bbfd52200d6f,/search/stageOptions/facet/supportsType,Mongoeco search parser and runtime validate the named stage option,capability=search; operation=none,Mongoeco search parser and runtime validate the named stage option,operational-metadata.json#/search/stageOptions/facet/supportsType,Mongoeco,src/mongoeco/core/search.py; src/mongoeco/core/search_execution.py,owner_operational,owner sha256:93bdef63c0fdf46015b81e9a3b95d6879217bb31d02bb37d2a12bbfd52200d6f#/search/stageOptions/facet/supportsType,"tests/unit/core/test_search.py: explicit string, number, date, boolean, objectId and uuid facet types produce typed buckets",tests/unit/core/test_search.py: unsupported object type rejected,per-field owner operational oracle verified
Mongoeco,src/mongoeco/cxp/exchange/data/operational-metadata.json,93bdef63c0fdf46015b81e9a3b95d6879217bb31d02bb37d2a12bbfd52200d6f,/search/stageOptions/highlight/resultField,Mongoeco search parser and runtime validate the named stage option,capability=search; operation=none,Mongoeco search parser and runtime validate the named stage option,operational-metadata.json#/search/stageOptions/highlight/resultField,Mongoeco,src/mongoeco/core/search.py; src/mongoeco/core/search_execution.py,owner_operational,owner sha256:93bdef63c0fdf46015b81e9a3b95d6879217bb31d02bb37d2a12bbfd52200d6f#/search/stageOptions/highlight/resultField,tests/unit/core/test_search.py: public highlighted result and preview use searchHighlights; sync and async aggregate integration cases,tests/unit/core/test_search.py: internal metadata is not a public field and preexisting user searchHighlights is preserved,per-field owner operational oracle verified
Mongoeco,src/mongoeco/cxp/exchange/data/operational-metadata.json,93bdef63c0fdf46015b81e9a3b95d6879217bb31d02bb37d2a12bbfd52200d6f,/search/stageOptions/highlight/supportsMaxChars,Mongoeco search parser and runtime validate the named stage option,capability=search; operation=none,Mongoeco search parser and runtime validate the named stage option,operational-metadata.json#/search/stageOptions/highlight/supportsMaxChars,Mongoeco,src/mongoeco/core/search.py; src/mongoeco/core/search_execution.py,owner_operational,owner sha256:93bdef63c0fdf46015b81e9a3b95d6879217bb31d02bb37d2a12bbfd52200d6f#/search/stageOptions/highlight/supportsMaxChars,tests/unit/core/test_search.py: maxChars bounds Unicode highlight passage around the match,tests/unit/core/test_search.py: zero maxChars rejected,per-field owner operational oracle verified
Mongoeco,src/mongoeco/cxp/exchange/data/operational-metadata.json,93bdef63c0fdf46015b81e9a3b95d6879217bb31d02bb37d2a12bbfd52200d6f,/search/stageOptions/highlight/supportsMaxNumPassages,Mongoeco search parser and runtime validate the named stage option,capability=search; operation=none,Mongoeco search parser and runtime validate the named stage option,operational-metadata.json#/search/stageOptions/highlight/supportsMaxNumPassages,Mongoeco,src/mongoeco/core/search.py; src/mongoeco/core/search_execution.py,owner_operational,owner sha256:93bdef63c0fdf46015b81e9a3b95d6879217bb31d02bb37d2a12bbfd52200d6f#/search/stageOptions/highlight/supportsMaxNumPassages,tests/unit/core/test_search.py: maxNumPassages 1 limits two candidate passages to one,tests/unit/core/test_search.py: zero maxNumPassages rejected,per-field owner operational oracle verified
Mongoeco,src/mongoeco/cxp/exchange/data/operational-metadata.json,93bdef63c0fdf46015b81e9a3b95d6879217bb31d02bb37d2a12bbfd52200d6f,/search/stageOptions/highlight/supportsPath,Mongoeco search parser and runtime validate the named stage option,capability=search; operation=none,Mongoeco search parser and runtime validate the named stage option,operational-metadata.json#/search/stageOptions/highlight/supportsPath,Mongoeco,src/mongoeco/core/search.py; src/mongoeco/core/search_execution.py,owner_operational,owner sha256:93bdef63c0fdf46015b81e9a3b95d6879217bb31d02bb37d2a12bbfd52200d6f#/search/stageOptions/highlight/supportsPath,tests/unit/core/test_search.py: explicit and wildcard paths select mapped textual fields for highlights,tests/unit/core/test_search.py: invalid path shape rejected and unselected fields excluded,per-field owner operational oracle verified
Mongoeco,src/mongoeco/cxp/exchange/data/operational-metadata.json,93bdef63c0fdf46015b81e9a3b95d6879217bb31d02bb37d2a12bbfd52200d6f,/search/structuredFieldMappings,typed or bound owner claim at /search/structuredFieldMappings,capability=search; operation=none,Mongoeco exchange requirements and public profile evaluation,operational-metadata.json#/search/structuredFieldMappings,Mongoeco,org.mongoeco:mongodb@1.1.0 /search/structuredFieldMappings,exchange_exact,org.mongoeco:mongodb@1.1.0 /search/structuredFieldMappings; owner sha256:93bdef63c0fdf46015b81e9a3b95d6879217bb31d02bb37d2a12bbfd52200d6f#/search/structuredFieldMappings,tests/unit/test_cxp_exchange_catalog.py: owner-source equality and compatible cases,"tests/unit/test_cxp_exchange_catalog.py: mismatch, omission and invalid-shape cases",source and pin verified; downstream consumer adoption pending
Mongoeco,src/mongoeco/cxp/exchange/data/operational-metadata.json,93bdef63c0fdf46015b81e9a3b95d6879217bb31d02bb37d2a12bbfd52200d6f,/search/structuredParentPathOperators,typed or bound owner claim at /search/structuredParentPathOperators,capability=search; operation=none,Mongoeco exchange requirements and public profile evaluation,operational-metadata.json#/search/structuredParentPathOperators,Mongoeco,org.mongoeco:mongodb@1.1.0 /search/structuredParentPathOperators,exchange_exact,org.mongoeco:mongodb@1.1.0 /search/structuredParentPathOperators; owner sha256:93bdef63c0fdf46015b81e9a3b95d6879217bb31d02bb37d2a12bbfd52200d6f#/search/structuredParentPathOperators,tests/unit/test_cxp_exchange_catalog.py: owner-source equality and compatible cases,"tests/unit/test_cxp_exchange_catalog.py: mismatch, omission and invalid-shape cases",source and pin verified; downstream consumer adoption pending
Mongoeco,src/mongoeco/cxp/exchange/data/operational-metadata.json,93bdef63c0fdf46015b81e9a3b95d6879217bb31d02bb37d2a12bbfd52200d6f,/search/textSearchTier,typed or bound owner claim at /search/textSearchTier,capability=search; operation=none,Mongoeco exchange requirements and public profile evaluation,operational-metadata.json#/search/textSearchTier,Mongoeco,org.mongoeco:mongodb@1.1.0 /search/textSearchTier,exchange_exact,org.mongoeco:mongodb@1.1.0 /search/textSearchTier; owner sha256:93bdef63c0fdf46015b81e9a3b95d6879217bb31d02bb37d2a12bbfd52200d6f#/search/textSearchTier,tests/unit/test_cxp_exchange_catalog.py: owner-source equality and compatible cases,"tests/unit/test_cxp_exchange_catalog.py: mismatch, omission and invalid-shape cases",source and pin verified; downstream consumer adoption pending
Mongoeco,src/mongoeco/cxp/exchange/data/operational-metadata.json,93bdef63c0fdf46015b81e9a3b95d6879217bb31d02bb37d2a12bbfd52200d6f,/search/textualFieldMappings,typed or bound owner claim at /search/textualFieldMappings,capability=search; operation=none,Mongoeco exchange requirements and public profile evaluation,operational-metadata.json#/search/textualFieldMappings,Mongoeco,org.mongoeco:mongodb@1.1.0 /search/textualFieldMappings,exchange_exact,org.mongoeco:mongodb@1.1.0 /search/textualFieldMappings; owner sha256:93bdef63c0fdf46015b81e9a3b95d6879217bb31d02bb37d2a12bbfd52200d6f#/search/textualFieldMappings,tests/unit/test_cxp_exchange_catalog.py: owner-source equality and compatible cases,"tests/unit/test_cxp_exchange_catalog.py: mismatch, omission and invalid-shape cases",source and pin verified; downstream consumer adoption pending
Mongoeco,src/mongoeco/cxp/exchange/data/operational-metadata.json,93bdef63c0fdf46015b81e9a3b95d6879217bb31d02bb37d2a12bbfd52200d6f,/topology_discovery/operationMetadata/hello/inspectionSurface,Mongoeco command or client inspection exposes topology facts,capability=topology_discovery; operation=hello,Mongoeco command or client inspection exposes topology facts,operational-metadata.json#/topology_discovery/operationMetadata/hello/inspectionSurface,Mongoeco,src/mongoeco/api/_async/database_commands.py; src/mongoeco/driver/topology.py,owner_operational,owner sha256:93bdef63c0fdf46015b81e9a3b95d6879217bb31d02bb37d2a12bbfd52200d6f#/topology_discovery/operationMetadata/hello/inspectionSurface,"tests/integration/api/admin_command_cases.py via sync and async API: hello command returns helloOk, isWritablePrimary, maxWireVersion and version",tests/integration/api/admin_command_cases.py: hello omits ismaster and Mongoeco owner inspection subtree,per-field owner operational oracle verified
Mongoeco,src/mongoeco/cxp/exchange/data/operational-metadata.json,93bdef63c0fdf46015b81e9a3b95d6879217bb31d02bb37d2a12bbfd52200d6f,/topology_discovery/operationMetadata/hello/metadataPaths,Mongoeco command or client inspection exposes topology facts,capability=topology_discovery; operation=hello,Mongoeco command or client inspection exposes topology facts,operational-metadata.json#/topology_discovery/operationMetadata/hello/metadataPaths,Mongoeco,src/mongoeco/api/_async/database_commands.py; src/mongoeco/driver/topology.py,owner_operational,owner sha256:93bdef63c0fdf46015b81e9a3b95d6879217bb31d02bb37d2a12bbfd52200d6f#/topology_discovery/operationMetadata/hello/metadataPaths,"tests/integration/api/admin_command_cases.py via sync and async API: hello command returns helloOk, isWritablePrimary, maxWireVersion and version",tests/integration/api/admin_command_cases.py: hello omits ismaster and Mongoeco owner inspection subtree,per-field owner operational oracle verified
Mongoeco,src/mongoeco/cxp/exchange/data/operational-metadata.json,93bdef63c0fdf46015b81e9a3b95d6879217bb31d02bb37d2a12bbfd52200d6f,/topology_discovery/operationMetadata/hello/supportsCapabilityInspection,Mongoeco command or client inspection exposes topology facts,capability=topology_discovery; operation=hello,Mongoeco command or client inspection exposes topology facts,operational-metadata.json#/topology_discovery/operationMetadata/hello/supportsCapabilityInspection,Mongoeco,src/mongoeco/api/_async/database_commands.py; src/mongoeco/driver/topology.py,owner_operational,owner sha256:93bdef63c0fdf46015b81e9a3b95d6879217bb31d02bb37d2a12bbfd52200d6f#/topology_discovery/operationMetadata/hello/supportsCapabilityInspection,"tests/integration/api/admin_command_cases.py via sync and async API: hello command returns helloOk, isWritablePrimary, maxWireVersion and version",tests/integration/api/admin_command_cases.py: hello omits ismaster and Mongoeco owner inspection subtree,per-field owner operational oracle verified
Mongoeco,src/mongoeco/cxp/exchange/data/operational-metadata.json,93bdef63c0fdf46015b81e9a3b95d6879217bb31d02bb37d2a12bbfd52200d6f,/topology_discovery/operationMetadata/isMaster/inspectionSurface,Mongoeco command or client inspection exposes topology facts,capability=topology_discovery; operation=isMaster,Mongoeco command or client inspection exposes topology facts,operational-metadata.json#/topology_discovery/operationMetadata/isMaster/inspectionSurface,Mongoeco,src/mongoeco/api/_async/database_commands.py; src/mongoeco/driver/topology.py,owner_operational,owner sha256:93bdef63c0fdf46015b81e9a3b95d6879217bb31d02bb37d2a12bbfd52200d6f#/topology_discovery/operationMetadata/isMaster/inspectionSurface,tests/integration/api/admin_command_cases.py via sync and async API: isMaster matches stable hello fields and adds exactly ismaster,tests/integration/api/admin_command_cases.py: hello omits ismaster and neither command exposes Mongoeco owner inspection subtree,per-field owner operational oracle verified
Mongoeco,src/mongoeco/cxp/exchange/data/operational-metadata.json,93bdef63c0fdf46015b81e9a3b95d6879217bb31d02bb37d2a12bbfd52200d6f,/topology_discovery/operationMetadata/isMaster/legacyAliasOf,Mongoeco command or client inspection exposes topology facts,capability=topology_discovery; operation=isMaster,Mongoeco command or client inspection exposes topology facts,operational-metadata.json#/topology_discovery/operationMetadata/isMaster/legacyAliasOf,Mongoeco,src/mongoeco/api/_async/database_commands.py; src/mongoeco/driver/topology.py,owner_operational,owner sha256:93bdef63c0fdf46015b81e9a3b95d6879217bb31d02bb37d2a12bbfd52200d6f#/topology_discovery/operationMetadata/isMaster/legacyAliasOf,tests/integration/api/admin_command_cases.py via sync and async API: isMaster matches stable hello fields and adds exactly ismaster,tests/integration/api/admin_command_cases.py: hello omits ismaster and neither command exposes Mongoeco owner inspection subtree,per-field owner operational oracle verified
Mongoeco,src/mongoeco/cxp/exchange/data/operational-metadata.json,93bdef63c0fdf46015b81e9a3b95d6879217bb31d02bb37d2a12bbfd52200d6f,/topology_discovery/operationMetadata/isMaster/supportsCapabilityInspection,Mongoeco command or client inspection exposes topology facts,capability=topology_discovery; operation=isMaster,Mongoeco command or client inspection exposes topology facts,operational-metadata.json#/topology_discovery/operationMetadata/isMaster/supportsCapabilityInspection,Mongoeco,src/mongoeco/api/_async/database_commands.py; src/mongoeco/driver/topology.py,owner_operational,owner sha256:93bdef63c0fdf46015b81e9a3b95d6879217bb31d02bb37d2a12bbfd52200d6f#/topology_discovery/operationMetadata/isMaster/supportsCapabilityInspection,tests/integration/api/admin_command_cases.py via sync and async API: isMaster matches stable hello fields and adds exactly ismaster,tests/integration/api/admin_command_cases.py: hello omits ismaster and neither command exposes Mongoeco owner inspection subtree,per-field owner operational oracle verified
Mongoeco,src/mongoeco/cxp/exchange/data/operational-metadata.json,93bdef63c0fdf46015b81e9a3b95d6879217bb31d02bb37d2a12bbfd52200d6f,/topology_discovery/operationMetadata/sdam_capabilities/inspectionSurface,Mongoeco command or client inspection exposes topology facts,capability=topology_discovery; operation=sdam_capabilities,Mongoeco command or client inspection exposes topology facts,operational-metadata.json#/topology_discovery/operationMetadata/sdam_capabilities/inspectionSurface,Mongoeco,src/mongoeco/api/_async/database_commands.py; src/mongoeco/driver/topology.py,owner_operational,owner sha256:93bdef63c0fdf46015b81e9a3b95d6879217bb31d02bb37d2a12bbfd52200d6f#/topology_discovery/operationMetadata/sdam_capabilities/inspectionSurface,tests/integration/api/admin_command_cases.py via sync and async API: client.sdam_capabilities() reports fullSdam and helloMemberDiscovery and equals serverStatus mongoeco.sdam,tests/integration/api/admin_command_cases.py: fullSdam is false and client capability map omits storageEngine,per-field owner operational oracle verified
Mongoeco,src/mongoeco/cxp/exchange/data/operational-metadata.json,93bdef63c0fdf46015b81e9a3b95d6879217bb31d02bb37d2a12bbfd52200d6f,/topology_discovery/operationMetadata/sdam_capabilities/metadataPath,Mongoeco command or client inspection exposes topology facts,capability=topology_discovery; operation=sdam_capabilities,Mongoeco command or client inspection exposes topology facts,operational-metadata.json#/topology_discovery/operationMetadata/sdam_capabilities/metadataPath,Mongoeco,src/mongoeco/api/_async/database_commands.py; src/mongoeco/driver/topology.py,owner_operational,owner sha256:93bdef63c0fdf46015b81e9a3b95d6879217bb31d02bb37d2a12bbfd52200d6f#/topology_discovery/operationMetadata/sdam_capabilities/metadataPath,tests/integration/api/admin_command_cases.py via sync and async API: client.sdam_capabilities() reports fullSdam and helloMemberDiscovery and equals serverStatus mongoeco.sdam,tests/integration/api/admin_command_cases.py: fullSdam is false and client capability map omits storageEngine,per-field owner operational oracle verified
Mongoeco,src/mongoeco/cxp/exchange/data/operational-metadata.json,93bdef63c0fdf46015b81e9a3b95d6879217bb31d02bb37d2a12bbfd52200d6f,/topology_discovery/operationMetadata/sdam_capabilities/supportsCapabilityInspection,Mongoeco command or client inspection exposes topology facts,capability=topology_discovery; operation=sdam_capabilities,Mongoeco command or client inspection exposes topology facts,operational-metadata.json#/topology_discovery/operationMetadata/sdam_capabilities/supportsCapabilityInspection,Mongoeco,src/mongoeco/api/_async/database_commands.py; src/mongoeco/driver/topology.py,owner_operational,owner sha256:93bdef63c0fdf46015b81e9a3b95d6879217bb31d02bb37d2a12bbfd52200d6f#/topology_discovery/operationMetadata/sdam_capabilities/supportsCapabilityInspection,tests/integration/api/admin_command_cases.py via sync and async API: client.sdam_capabilities() reports fullSdam and helloMemberDiscovery and equals serverStatus mongoeco.sdam,tests/integration/api/admin_command_cases.py: fullSdam is false and client capability map omits storageEngine,per-field owner operational oracle verified
Mongoeco,src/mongoeco/cxp/exchange/data/operational-metadata.json,93bdef63c0fdf46015b81e9a3b95d6879217bb31d02bb37d2a12bbfd52200d6f,/topology_discovery/operationMetadata/serverStatus/inspectionSurface,Mongoeco command or client inspection exposes topology facts,capability=topology_discovery; operation=serverStatus,Mongoeco command or client inspection exposes topology facts,operational-metadata.json#/topology_discovery/operationMetadata/serverStatus/inspectionSurface,Mongoeco,src/mongoeco/api/_async/database_commands.py; src/mongoeco/driver/topology.py,owner_operational,owner sha256:93bdef63c0fdf46015b81e9a3b95d6879217bb31d02bb37d2a12bbfd52200d6f#/topology_discovery/operationMetadata/serverStatus/inspectionSurface,tests/integration/api/admin_command_cases.py via sync and async API: serverStatus command exposes mongoeco.sdam equal to client.sdam_capabilities() on Memory and SQLite,tests/integration/api/admin_command_cases.py: serverStatus omits top-level sdam; hello omits Mongoeco owner inspection subtree,per-field owner operational oracle verified
Mongoeco,src/mongoeco/cxp/exchange/data/operational-metadata.json,93bdef63c0fdf46015b81e9a3b95d6879217bb31d02bb37d2a12bbfd52200d6f,/topology_discovery/operationMetadata/serverStatus/metadataPath,Mongoeco command or client inspection exposes topology facts,capability=topology_discovery; operation=serverStatus,Mongoeco command or client inspection exposes topology facts,operational-metadata.json#/topology_discovery/operationMetadata/serverStatus/metadataPath,Mongoeco,src/mongoeco/api/_async/database_commands.py; src/mongoeco/driver/topology.py,owner_operational,owner sha256:93bdef63c0fdf46015b81e9a3b95d6879217bb31d02bb37d2a12bbfd52200d6f#/topology_discovery/operationMetadata/serverStatus/metadataPath,tests/integration/api/admin_command_cases.py via sync and async API: serverStatus command exposes mongoeco.sdam equal to client.sdam_capabilities() on Memory and SQLite,tests/integration/api/admin_command_cases.py: serverStatus omits top-level sdam; hello omits Mongoeco owner inspection subtree,per-field owner operational oracle verified
Mongoeco,src/mongoeco/cxp/exchange/data/operational-metadata.json,93bdef63c0fdf46015b81e9a3b95d6879217bb31d02bb37d2a12bbfd52200d6f,/topology_discovery/operationMetadata/serverStatus/supportsCapabilityInspection,Mongoeco command or client inspection exposes topology facts,capability=topology_discovery; operation=serverStatus,Mongoeco command or client inspection exposes topology facts,operational-metadata.json#/topology_discovery/operationMetadata/serverStatus/supportsCapabilityInspection,Mongoeco,src/mongoeco/api/_async/database_commands.py; src/mongoeco/driver/topology.py,owner_operational,owner sha256:93bdef63c0fdf46015b81e9a3b95d6879217bb31d02bb37d2a12bbfd52200d6f#/topology_discovery/operationMetadata/serverStatus/supportsCapabilityInspection,tests/integration/api/admin_command_cases.py via sync and async API: serverStatus command exposes mongoeco.sdam equal to client.sdam_capabilities() on Memory and SQLite,tests/integration/api/admin_command_cases.py: serverStatus omits top-level sdam; hello omits Mongoeco owner inspection subtree,per-field owner operational oracle verified
Mongoeco,src/mongoeco/cxp/exchange/data/operational-metadata.json,93bdef63c0fdf46015b81e9a3b95d6879217bb31d02bb37d2a12bbfd52200d6f,/topology_discovery/sdam/distributedMonitoring,typed or bound owner claim at /topology_discovery/sdam/distributedMonitoring,capability=topology_discovery; operation=none,Mongoeco exchange requirements and public profile evaluation,operational-metadata.json#/topology_discovery/sdam/distributedMonitoring,Mongoeco,org.mongoeco:mongodb@1.1.0 /topology_discovery/sdam.distributedMonitoring,exchange_exact,org.mongoeco:mongodb@1.1.0 /topology_discovery/sdam.distributedMonitoring; owner sha256:93bdef63c0fdf46015b81e9a3b95d6879217bb31d02bb37d2a12bbfd52200d6f#/topology_discovery/sdam/distributedMonitoring,tests/unit/test_cxp_exchange_catalog.py: owner-source equality and compatible cases,"tests/unit/test_cxp_exchange_catalog.py: mismatch, omission and invalid-shape cases",source and pin verified; downstream consumer adoption pending
Mongoeco,src/mongoeco/cxp/exchange/data/operational-metadata.json,93bdef63c0fdf46015b81e9a3b95d6879217bb31d02bb37d2a12bbfd52200d6f,/topology_discovery/sdam/electionMetadataAware,typed or bound owner claim at /topology_discovery/sdam/electionMetadataAware,capability=topology_discovery; operation=none,Mongoeco exchange requirements and public profile evaluation,operational-metadata.json#/topology_discovery/sdam/electionMetadataAware,Mongoeco,org.mongoeco:mongodb@1.1.0 /topology_discovery/sdam.electionMetadataAware,exchange_exact,org.mongoeco:mongodb@1.1.0 /topology_discovery/sdam.electionMetadataAware; owner sha256:93bdef63c0fdf46015b81e9a3b95d6879217bb31d02bb37d2a12bbfd52200d6f#/topology_discovery/sdam/electionMetadataAware,tests/unit/test_cxp_exchange_catalog.py: owner-source equality and compatible cases,"tests/unit/test_cxp_exchange_catalog.py: mismatch, omission and invalid-shape cases",source and pin verified; downstream consumer adoption pending
Mongoeco,src/mongoeco/cxp/exchange/data/operational-metadata.json,93bdef63c0fdf46015b81e9a3b95d6879217bb31d02bb37d2a12bbfd52200d6f,/topology_discovery/sdam/fullSdam,typed or bound owner claim at /topology_discovery/sdam/fullSdam,capability=topology_discovery; operation=none,Mongoeco exchange requirements and public profile evaluation,operational-metadata.json#/topology_discovery/sdam/fullSdam,Mongoeco,org.mongoeco:mongodb@1.1.0 /topology_discovery/sdam.fullSdam,exchange_exact,org.mongoeco:mongodb@1.1.0 /topology_discovery/sdam.fullSdam; owner sha256:93bdef63c0fdf46015b81e9a3b95d6879217bb31d02bb37d2a12bbfd52200d6f#/topology_discovery/sdam/fullSdam,tests/unit/test_cxp_exchange_catalog.py: owner-source equality and compatible cases,"tests/unit/test_cxp_exchange_catalog.py: mismatch, omission and invalid-shape cases",source and pin verified; downstream consumer adoption pending
Mongoeco,src/mongoeco/cxp/exchange/data/operational-metadata.json,93bdef63c0fdf46015b81e9a3b95d6879217bb31d02bb37d2a12bbfd52200d6f,/topology_discovery/sdam/helloMemberDiscovery,typed or bound owner claim at /topology_discovery/sdam/helloMemberDiscovery,capability=topology_discovery; operation=none,Mongoeco exchange requirements and public profile evaluation,operational-metadata.json#/topology_discovery/sdam/helloMemberDiscovery,Mongoeco,org.mongoeco:mongodb@1.1.0 /topology_discovery/sdam.helloMemberDiscovery,exchange_exact,org.mongoeco:mongodb@1.1.0 /topology_discovery/sdam.helloMemberDiscovery; owner sha256:93bdef63c0fdf46015b81e9a3b95d6879217bb31d02bb37d2a12bbfd52200d6f#/topology_discovery/sdam/helloMemberDiscovery,tests/unit/test_cxp_exchange_catalog.py: owner-source equality and compatible cases,"tests/unit/test_cxp_exchange_catalog.py: mismatch, omission and invalid-shape cases",source and pin verified; downstream consumer adoption pending
Mongoeco,src/mongoeco/cxp/exchange/data/operational-metadata.json,93bdef63c0fdf46015b81e9a3b95d6879217bb31d02bb37d2a12bbfd52200d6f,/topology_discovery/sdam/longPollingHello,typed or bound owner claim at /topology_discovery/sdam/longPollingHello,capability=topology_discovery; operation=none,Mongoeco exchange requirements and public profile evaluation,operational-metadata.json#/topology_discovery/sdam/longPollingHello,Mongoeco,org.mongoeco:mongodb@1.1.0 /topology_discovery/sdam.longPollingHello,exchange_exact,org.mongoeco:mongodb@1.1.0 /topology_discovery/sdam.longPollingHello; owner sha256:93bdef63c0fdf46015b81e9a3b95d6879217bb31d02bb37d2a12bbfd52200d6f#/topology_discovery/sdam/longPollingHello,tests/unit/test_cxp_exchange_catalog.py: owner-source equality and compatible cases,"tests/unit/test_cxp_exchange_catalog.py: mismatch, omission and invalid-shape cases",source and pin verified; downstream consumer adoption pending
Mongoeco,src/mongoeco/cxp/exchange/data/operational-metadata.json,93bdef63c0fdf46015b81e9a3b95d6879217bb31d02bb37d2a12bbfd52200d6f,/topology_discovery/sdam/serverHealthTracking,typed or bound owner claim at /topology_discovery/sdam/serverHealthTracking,capability=topology_discovery; operation=none,Mongoeco exchange requirements and public profile evaluation,operational-metadata.json#/topology_discovery/sdam/serverHealthTracking,Mongoeco,org.mongoeco:mongodb@1.1.0 /topology_discovery/sdam.serverHealthTracking,exchange_exact,org.mongoeco:mongodb@1.1.0 /topology_discovery/sdam.serverHealthTracking; owner sha256:93bdef63c0fdf46015b81e9a3b95d6879217bb31d02bb37d2a12bbfd52200d6f#/topology_discovery/sdam/serverHealthTracking,tests/unit/test_cxp_exchange_catalog.py: owner-source equality and compatible cases,"tests/unit/test_cxp_exchange_catalog.py: mismatch, omission and invalid-shape cases",source and pin verified; downstream consumer adoption pending
Mongoeco,src/mongoeco/cxp/exchange/data/operational-metadata.json,93bdef63c0fdf46015b81e9a3b95d6879217bb31d02bb37d2a12bbfd52200d6f,/topology_discovery/sdam/topologyVersionAware,typed or bound owner claim at /topology_discovery/sdam/topologyVersionAware,capability=topology_discovery; operation=none,Mongoeco exchange requirements and public profile evaluation,operational-metadata.json#/topology_discovery/sdam/topologyVersionAware,Mongoeco,org.mongoeco:mongodb@1.1.0 /topology_discovery/sdam.topologyVersionAware,exchange_exact,org.mongoeco:mongodb@1.1.0 /topology_discovery/sdam.topologyVersionAware; owner sha256:93bdef63c0fdf46015b81e9a3b95d6879217bb31d02bb37d2a12bbfd52200d6f#/topology_discovery/sdam/topologyVersionAware,tests/unit/test_cxp_exchange_catalog.py: owner-source equality and compatible cases,"tests/unit/test_cxp_exchange_catalog.py: mismatch, omission and invalid-shape cases",source and pin verified; downstream consumer adoption pending
Mongoeco,src/mongoeco/cxp/exchange/data/operational-metadata.json,93bdef63c0fdf46015b81e9a3b95d6879217bb31d02bb37d2a12bbfd52200d6f,/topology_discovery/serverCount,resource topology is derived for the selected URI and probe generation,capability=topology_discovery; operation=none,resource topology is derived for the selected URI and probe generation,operational-metadata.json#/topology_discovery/serverCount,Mongoeco,src/mongoeco/driver/topology.py,owner_runtime_observation,owner sha256:93bdef63c0fdf46015b81e9a3b95d6879217bb31d02bb37d2a12bbfd52200d6f#/topology_discovery/serverCount,tests/unit/test_topology_monitor.py: derivation and incompatible-topology cases,tests/unit/test_topology_monitor.py: derivation and incompatible-topology cases,deployment observation and admission oracle pending
Mongoeco,src/mongoeco/cxp/exchange/data/operational-metadata.json,93bdef63c0fdf46015b81e9a3b95d6879217bb31d02bb37d2a12bbfd52200d6f,/topology_discovery/topologyType,resource topology is derived for the selected URI and probe generation,capability=topology_discovery; operation=none,resource topology is derived for the selected URI and probe generation,operational-metadata.json#/topology_discovery/topologyType,Mongoeco,src/mongoeco/driver/topology.py,owner_runtime_observation,owner sha256:93bdef63c0fdf46015b81e9a3b95d6879217bb31d02bb37d2a12bbfd52200d6f#/topology_discovery/topologyType,tests/unit/test_topology_monitor.py: derivation and incompatible-topology cases,tests/unit/test_topology_monitor.py: derivation and incompatible-topology cases,deployment observation and admission oracle pending
Mongoeco,src/mongoeco/cxp/exchange/data/operational-metadata.json,93bdef63c0fdf46015b81e9a3b95d6879217bb31d02bb37d2a12bbfd52200d6f,/transactions/async,typed or bound owner claim at /transactions/async,capability=transactions; operation=none,Mongoeco exchange requirements and public profile evaluation,operational-metadata.json#/transactions/async,Mongoeco,org.mongoeco:mongodb@1.1.0 /transactions/async,exchange_exact,org.mongoeco:mongodb@1.1.0 /transactions/async; owner sha256:93bdef63c0fdf46015b81e9a3b95d6879217bb31d02bb37d2a12bbfd52200d6f#/transactions/async,tests/unit/test_cxp_exchange_catalog.py: owner-source equality and compatible cases,"tests/unit/test_cxp_exchange_catalog.py: mismatch, omission and invalid-shape cases",source and pin verified; downstream consumer adoption pending
Mongoeco,src/mongoeco/cxp/exchange/data/operational-metadata.json,93bdef63c0fdf46015b81e9a3b95d6879217bb31d02bb37d2a12bbfd52200d6f,/transactions/distributed,typed or bound owner claim at /transactions/distributed,capability=transactions; operation=none,Mongoeco exchange requirements and public profile evaluation,operational-metadata.json#/transactions/distributed,Mongoeco,org.mongoeco:mongodb@1.1.0 /transactions/distributed,exchange_exact,org.mongoeco:mongodb@1.1.0 /transactions/distributed; owner sha256:93bdef63c0fdf46015b81e9a3b95d6879217bb31d02bb37d2a12bbfd52200d6f#/transactions/distributed,tests/unit/test_cxp_exchange_catalog.py: owner-source equality and compatible cases,"tests/unit/test_cxp_exchange_catalog.py: mismatch, omission and invalid-shape cases",source and pin verified; downstream consumer adoption pending
Mongoeco,src/mongoeco/cxp/exchange/data/operational-metadata.json,93bdef63c0fdf46015b81e9a3b95d6879217bb31d02bb37d2a12bbfd52200d6f,/transactions/embedded,typed or bound owner claim at /transactions/embedded,capability=transactions; operation=none,Mongoeco exchange requirements and public profile evaluation,operational-metadata.json#/transactions/embedded,Mongoeco,org.mongoeco:mongodb@1.1.0 /transactions/embedded,exchange_exact,org.mongoeco:mongodb@1.1.0 /transactions/embedded; owner sha256:93bdef63c0fdf46015b81e9a3b95d6879217bb31d02bb37d2a12bbfd52200d6f#/transactions/embedded,tests/unit/test_cxp_exchange_catalog.py: owner-source equality and compatible cases,"tests/unit/test_cxp_exchange_catalog.py: mismatch, omission and invalid-shape cases",source and pin verified; downstream consumer adoption pending
Mongoeco,src/mongoeco/cxp/exchange/data/operational-metadata.json,93bdef63c0fdf46015b81e9a3b95d6879217bb31d02bb37d2a12bbfd52200d6f,/transactions/mode,typed or bound owner claim at /transactions/mode,capability=transactions; operation=none,Mongoeco exchange requirements and public profile evaluation,operational-metadata.json#/transactions/mode,Mongoeco,org.mongoeco:mongodb@1.1.0 /transactions/mode,exchange_exact,org.mongoeco:mongodb@1.1.0 /transactions/mode; owner sha256:93bdef63c0fdf46015b81e9a3b95d6879217bb31d02bb37d2a12bbfd52200d6f#/transactions/mode,tests/unit/test_cxp_exchange_catalog.py: owner-source equality and compatible cases,"tests/unit/test_cxp_exchange_catalog.py: mismatch, omission and invalid-shape cases",source and pin verified; downstream consumer adoption pending
Mongoeco,src/mongoeco/cxp/exchange/data/operational-metadata.json,93bdef63c0fdf46015b81e9a3b95d6879217bb31d02bb37d2a12bbfd52200d6f,/transactions/sync,typed or bound owner claim at /transactions/sync,capability=transactions; operation=none,Mongoeco exchange requirements and public profile evaluation,operational-metadata.json#/transactions/sync,Mongoeco,org.mongoeco:mongodb@1.1.0 /transactions/sync,exchange_exact,org.mongoeco:mongodb@1.1.0 /transactions/sync; owner sha256:93bdef63c0fdf46015b81e9a3b95d6879217bb31d02bb37d2a12bbfd52200d6f#/transactions/sync,tests/unit/test_cxp_exchange_catalog.py: owner-source equality and compatible cases,"tests/unit/test_cxp_exchange_catalog.py: mismatch, omission and invalid-shape cases",source and pin verified; downstream consumer adoption pending
Mongoeco,src/mongoeco/cxp/exchange/data/operational-metadata.json,93bdef63c0fdf46015b81e9a3b95d6879217bb31d02bb37d2a12bbfd52200d6f,/vector_search/aggregateStage,typed or bound owner claim at /vector_search/aggregateStage,capability=vector_search; operation=none,Mongoeco exchange requirements and public profile evaluation,operational-metadata.json#/vector_search/aggregateStage,Mongoeco,org.mongoeco:mongodb@1.1.0 /vector_search/aggregateStage,exchange_exact,org.mongoeco:mongodb@1.1.0 /vector_search/aggregateStage; owner sha256:93bdef63c0fdf46015b81e9a3b95d6879217bb31d02bb37d2a12bbfd52200d6f#/vector_search/aggregateStage,tests/unit/test_cxp_exchange_catalog.py: owner-source equality and compatible cases,"tests/unit/test_cxp_exchange_catalog.py: mismatch, omission and invalid-shape cases",source and pin verified; downstream consumer adoption pending
Mongoeco,src/mongoeco/cxp/exchange/data/operational-metadata.json,93bdef63c0fdf46015b81e9a3b95d6879217bb31d02bb37d2a12bbfd52200d6f,/vector_search/backend,typed or bound owner claim at /vector_search/backend,capability=vector_search; operation=none,concrete configured provider and its admission consumer,operational-metadata.json#/vector_search/backend,Mongoeco,org.mongoeco:mongodb@1.1.0 /vector_search/backend,exchange_runtime_observation,org.mongoeco:mongodb@1.1.0 /vector_search/backend; owner sha256:93bdef63c0fdf46015b81e9a3b95d6879217bb31d02bb37d2a12bbfd52200d6f#/vector_search/backend,tests/unit/test_cxp_exchange_catalog.py: concrete snapshot projection,tests/unit/test_cxp_exchange_catalog.py: generic omission and invalid-shape cases,catalog definition verified; deployment observation pending
Mongoeco,src/mongoeco/cxp/exchange/data/operational-metadata.json,93bdef63c0fdf46015b81e9a3b95d6879217bb31d02bb37d2a12bbfd52200d6f,/vector_search/explainFeatures,typed or bound owner claim at /vector_search/explainFeatures,capability=vector_search; operation=none,Mongoeco exchange requirements and public profile evaluation,operational-metadata.json#/vector_search/explainFeatures,Mongoeco,org.mongoeco:mongodb@1.1.0 /vector_search/explainFeatures,exchange_exact,org.mongoeco:mongodb@1.1.0 /vector_search/explainFeatures; owner sha256:93bdef63c0fdf46015b81e9a3b95d6879217bb31d02bb37d2a12bbfd52200d6f#/vector_search/explainFeatures,tests/unit/test_cxp_exchange_catalog.py: owner-source equality and compatible cases,"tests/unit/test_cxp_exchange_catalog.py: mismatch, omission and invalid-shape cases",source and pin verified; downstream consumer adoption pending
Mongoeco,src/mongoeco/cxp/exchange/data/operational-metadata.json,93bdef63c0fdf46015b81e9a3b95d6879217bb31d02bb37d2a12bbfd52200d6f,/vector_search/fallback,typed or bound owner claim at /vector_search/fallback,capability=vector_search; operation=none,Mongoeco exchange requirements and public profile evaluation,operational-metadata.json#/vector_search/fallback,Mongoeco,org.mongoeco:mongodb@1.1.0 /vector_search/fallback,exchange_exact,org.mongoeco:mongodb@1.1.0 /vector_search/fallback; owner sha256:93bdef63c0fdf46015b81e9a3b95d6879217bb31d02bb37d2a12bbfd52200d6f#/vector_search/fallback,tests/unit/test_cxp_exchange_catalog.py: owner-source equality and compatible cases,"tests/unit/test_cxp_exchange_catalog.py: mismatch, omission and invalid-shape cases",source and pin verified; downstream consumer adoption pending
Mongoeco,src/mongoeco/cxp/exchange/data/operational-metadata.json,93bdef63c0fdf46015b81e9a3b95d6879217bb31d02bb37d2a12bbfd52200d6f,/vector_search/filterMode,typed or bound owner claim at /vector_search/filterMode,capability=vector_search; operation=none,concrete configured provider and its admission consumer,operational-metadata.json#/vector_search/filterMode,Mongoeco,org.mongoeco:mongodb@1.1.0 /vector_search/filterMode,exchange_runtime_observation,org.mongoeco:mongodb@1.1.0 /vector_search/filterMode; owner sha256:93bdef63c0fdf46015b81e9a3b95d6879217bb31d02bb37d2a12bbfd52200d6f#/vector_search/filterMode,tests/unit/test_cxp_exchange_catalog.py: concrete snapshot projection,tests/unit/test_cxp_exchange_catalog.py: generic omission and invalid-shape cases,catalog definition verified; deployment observation pending
Mongoeco,src/mongoeco/cxp/exchange/data/operational-metadata.json,93bdef63c0fdf46015b81e9a3b95d6879217bb31d02bb37d2a12bbfd52200d6f,/vector_search/hybridFilterModes,typed or bound owner claim at /vector_search/hybridFilterModes,capability=vector_search; operation=none,Mongoeco exchange requirements and public profile evaluation,operational-metadata.json#/vector_search/hybridFilterModes,Mongoeco,org.mongoeco:mongodb@1.1.0 /vector_search/hybridFilterModes,exchange_exact,org.mongoeco:mongodb@1.1.0 /vector_search/hybridFilterModes; owner sha256:93bdef63c0fdf46015b81e9a3b95d6879217bb31d02bb37d2a12bbfd52200d6f#/vector_search/hybridFilterModes,tests/unit/test_cxp_exchange_catalog.py: owner-source equality and compatible cases,"tests/unit/test_cxp_exchange_catalog.py: mismatch, omission and invalid-shape cases",source and pin verified; downstream consumer adoption pending
Mongoeco,src/mongoeco/cxp/exchange/data/operational-metadata.json,93bdef63c0fdf46015b81e9a3b95d6879217bb31d02bb37d2a12bbfd52200d6f,/vector_search/mode,typed or bound owner claim at /vector_search/mode,capability=vector_search; operation=none,concrete configured provider and its admission consumer,operational-metadata.json#/vector_search/mode,Mongoeco,org.mongoeco:mongodb@1.1.0 /vector_search/mode,exchange_runtime_observation,org.mongoeco:mongodb@1.1.0 /vector_search/mode; owner sha256:93bdef63c0fdf46015b81e9a3b95d6879217bb31d02bb37d2a12bbfd52200d6f#/vector_search/mode,tests/unit/test_cxp_exchange_catalog.py: concrete snapshot projection,tests/unit/test_cxp_exchange_catalog.py: generic omission and invalid-shape cases,catalog definition verified; deployment observation pending
Mongoeco,src/mongoeco/cxp/exchange/data/operational-metadata.json,93bdef63c0fdf46015b81e9a3b95d6879217bb31d02bb37d2a12bbfd52200d6f,/vector_search/note,SQLite uses local usearch ANN only for a materialized vector index; Memory provides the exact Python baseline,selected local engine and materialized vector index; not a physical Mongo deployment guarantee,Explain reports the actual backend; consumers do not infer ANN from the generic vector capability,operational-metadata.json#/vector_search/note,Mongoeco,docs/architecture/core-runtime.md#search-y-vector-search-locales; src/mongoeco/engines,owner_narrative,owner sha256:93bdef63c0fdf46015b81e9a3b95d6879217bb31d02bb37d2a12bbfd52200d6f#/vector_search/note,tests/integration/api/test_sync_api.py and test_async_api.py: materialized SQLite vector index reports usearch ANN and Memory reports python backend,tests/integration/api/test_sync_api.py and test_async_api.py: Memory path reports python rather than usearch for the same vector query,owner narrative bounded by engine and index state
Mongoeco,src/mongoeco/cxp/exchange/data/operational-metadata.json,93bdef63c0fdf46015b81e9a3b95d6879217bb31d02bb37d2a12bbfd52200d6f,/vector_search/operationMetadata/aggregate/acceptedNoopOptions,typed or bound owner claim at /vector_search/operationMetadata/aggregate/acceptedNoopOptions,capability=vector_search; operation=aggregate,Mongoeco exchange requirements and public profile evaluation,operational-metadata.json#/vector_search/operationMetadata/aggregate/acceptedNoopOptions,Mongoeco,org.mongoeco:mongodb@1.1.0 /vector_search/aggregate.acceptedNoopOptions,exchange_exact,org.mongoeco:mongodb@1.1.0 /vector_search/aggregate.acceptedNoopOptions; owner sha256:93bdef63c0fdf46015b81e9a3b95d6879217bb31d02bb37d2a12bbfd52200d6f#/vector_search/operationMetadata/aggregate/acceptedNoopOptions,tests/unit/test_cxp_exchange_catalog.py: owner-source equality and compatible cases,"tests/unit/test_cxp_exchange_catalog.py: mismatch, omission and invalid-shape cases",source and pin verified; downstream consumer adoption pending
Mongoeco,src/mongoeco/cxp/exchange/data/operational-metadata.json,93bdef63c0fdf46015b81e9a3b95d6879217bb31d02bb37d2a12bbfd52200d6f,/vector_search/operationMetadata/aggregate/acceptsPipeline,typed or bound owner claim at /vector_search/operationMetadata/aggregate/acceptsPipeline,capability=vector_search; operation=aggregate,Mongoeco exchange requirements and public profile evaluation,operational-metadata.json#/vector_search/operationMetadata/aggregate/acceptsPipeline,Mongoeco,org.mongoeco:mongodb@1.1.0 /vector_search/aggregate.acceptsPipeline,exchange_exact,org.mongoeco:mongodb@1.1.0 /vector_search/aggregate.acceptsPipeline; owner sha256:93bdef63c0fdf46015b81e9a3b95d6879217bb31d02bb37d2a12bbfd52200d6f#/vector_search/operationMetadata/aggregate/acceptsPipeline,tests/unit/test_cxp_exchange_catalog.py: owner-source equality and compatible cases,"tests/unit/test_cxp_exchange_catalog.py: mismatch, omission and invalid-shape cases",source and pin verified; downstream consumer adoption pending
Mongoeco,src/mongoeco/cxp/exchange/data/operational-metadata.json,93bdef63c0fdf46015b81e9a3b95d6879217bb31d02bb37d2a12bbfd52200d6f,/vector_search/operationMetadata/aggregate/aggregateStage,typed or bound owner claim at /vector_search/operationMetadata/aggregate/aggregateStage,capability=vector_search; operation=aggregate,Mongoeco exchange requirements and public profile evaluation,operational-metadata.json#/vector_search/operationMetadata/aggregate/aggregateStage,Mongoeco,org.mongoeco:mongodb@1.1.0 /vector_search/aggregate.aggregateStage,exchange_exact,org.mongoeco:mongodb@1.1.0 /vector_search/aggregate.aggregateStage; owner sha256:93bdef63c0fdf46015b81e9a3b95d6879217bb31d02bb37d2a12bbfd52200d6f#/vector_search/operationMetadata/aggregate/aggregateStage,tests/unit/test_cxp_exchange_catalog.py: owner-source equality and compatible cases,"tests/unit/test_cxp_exchange_catalog.py: mismatch, omission and invalid-shape cases",source and pin verified; downstream consumer adoption pending
Mongoeco,src/mongoeco/cxp/exchange/data/operational-metadata.json,93bdef63c0fdf46015b81e9a3b95d6879217bb31d02bb37d2a12bbfd52200d6f,/vector_search/operationMetadata/aggregate/explainFeatures,typed or bound owner claim at /vector_search/operationMetadata/aggregate/explainFeatures,capability=vector_search; operation=aggregate,Mongoeco exchange requirements and public profile evaluation,operational-metadata.json#/vector_search/operationMetadata/aggregate/explainFeatures,Mongoeco,org.mongoeco:mongodb@1.1.0 /vector_search/aggregate.explainFeatures,exchange_exact,org.mongoeco:mongodb@1.1.0 /vector_search/aggregate.explainFeatures; owner sha256:93bdef63c0fdf46015b81e9a3b95d6879217bb31d02bb37d2a12bbfd52200d6f#/vector_search/operationMetadata/aggregate/explainFeatures,tests/unit/test_cxp_exchange_catalog.py: owner-source equality and compatible cases,"tests/unit/test_cxp_exchange_catalog.py: mismatch, omission and invalid-shape cases",source and pin verified; downstream consumer adoption pending
Mongoeco,src/mongoeco/cxp/exchange/data/operational-metadata.json,93bdef63c0fdf46015b81e9a3b95d6879217bb31d02bb37d2a12bbfd52200d6f,/vector_search/operationMetadata/aggregate/hybridFilterModes,typed or bound owner claim at /vector_search/operationMetadata/aggregate/hybridFilterModes,capability=vector_search; operation=aggregate,Mongoeco exchange requirements and public profile evaluation,operational-metadata.json#/vector_search/operationMetadata/aggregate/hybridFilterModes,Mongoeco,org.mongoeco:mongodb@1.1.0 /vector_search/aggregate.hybridFilterModes,exchange_exact,org.mongoeco:mongodb@1.1.0 /vector_search/aggregate.hybridFilterModes; owner sha256:93bdef63c0fdf46015b81e9a3b95d6879217bb31d02bb37d2a12bbfd52200d6f#/vector_search/operationMetadata/aggregate/hybridFilterModes,tests/unit/test_cxp_exchange_catalog.py: owner-source equality and compatible cases,"tests/unit/test_cxp_exchange_catalog.py: mismatch, omission and invalid-shape cases",source and pin verified; downstream consumer adoption pending
Mongoeco,src/mongoeco/cxp/exchange/data/operational-metadata.json,93bdef63c0fdf46015b81e9a3b95d6879217bb31d02bb37d2a12bbfd52200d6f,/vector_search/operationMetadata/aggregate/requiresLeadingStage,typed or bound owner claim at /vector_search/operationMetadata/aggregate/requiresLeadingStage,capability=vector_search; operation=aggregate,Mongoeco exchange requirements and public profile evaluation,operational-metadata.json#/vector_search/operationMetadata/aggregate/requiresLeadingStage,Mongoeco,org.mongoeco:mongodb@1.1.0 /vector_search/aggregate.requiresLeadingStage,exchange_exact,org.mongoeco:mongodb@1.1.0 /vector_search/aggregate.requiresLeadingStage; owner sha256:93bdef63c0fdf46015b81e9a3b95d6879217bb31d02bb37d2a12bbfd52200d6f#/vector_search/operationMetadata/aggregate/requiresLeadingStage,tests/unit/test_cxp_exchange_catalog.py: owner-source equality and compatible cases,"tests/unit/test_cxp_exchange_catalog.py: mismatch, omission and invalid-shape cases",source and pin verified; downstream consumer adoption pending
Mongoeco,src/mongoeco/cxp/exchange/data/operational-metadata.json,93bdef63c0fdf46015b81e9a3b95d6879217bb31d02bb37d2a12bbfd52200d6f,/vector_search/operationMetadata/aggregate/resultType,typed or bound owner claim at /vector_search/operationMetadata/aggregate/resultType,capability=vector_search; operation=aggregate,Mongoeco exchange requirements and public profile evaluation,operational-metadata.json#/vector_search/operationMetadata/aggregate/resultType,Mongoeco,org.mongoeco:result.cursor:1,exchange_exact,org.mongoeco:result.cursor:1; owner sha256:93bdef63c0fdf46015b81e9a3b95d6879217bb31d02bb37d2a12bbfd52200d6f#/vector_search/operationMetadata/aggregate/resultType,tests/unit/test_cxp_exchange_catalog.py: owner-source equality and compatible cases,"tests/unit/test_cxp_exchange_catalog.py: mismatch, omission and invalid-shape cases",source and pin verified; downstream consumer adoption pending
Mongoeco,src/mongoeco/cxp/exchange/data/operational-metadata.json,93bdef63c0fdf46015b81e9a3b95d6879217bb31d02bb37d2a12bbfd52200d6f,/vector_search/operationMetadata/aggregate/scoreField,typed or bound owner claim at /vector_search/operationMetadata/aggregate/scoreField,capability=vector_search; operation=aggregate,Mongoeco exchange requirements and public profile evaluation,operational-metadata.json#/vector_search/operationMetadata/aggregate/scoreField,Mongoeco,org.mongoeco:mongodb@1.1.0 /vector_search/aggregate.scoreField,exchange_exact,org.mongoeco:mongodb@1.1.0 /vector_search/aggregate.scoreField; owner sha256:93bdef63c0fdf46015b81e9a3b95d6879217bb31d02bb37d2a12bbfd52200d6f#/vector_search/operationMetadata/aggregate/scoreField,tests/unit/test_cxp_exchange_catalog.py: owner-source equality and compatible cases,"tests/unit/test_cxp_exchange_catalog.py: mismatch, omission and invalid-shape cases",source and pin verified; downstream consumer adoption pending
Mongoeco,src/mongoeco/cxp/exchange/data/operational-metadata.json,93bdef63c0fdf46015b81e9a3b95d6879217bb31d02bb37d2a12bbfd52200d6f,/vector_search/operationMetadata/aggregate/similarities,typed or bound owner claim at /vector_search/operationMetadata/aggregate/similarities,capability=vector_search; operation=aggregate,Mongoeco exchange requirements and public profile evaluation,operational-metadata.json#/vector_search/operationMetadata/aggregate/similarities,Mongoeco,org.mongoeco:mongodb@1.1.0 /vector_search/aggregate.similarities,exchange_exact,org.mongoeco:mongodb@1.1.0 /vector_search/aggregate.similarities; owner sha256:93bdef63c0fdf46015b81e9a3b95d6879217bb31d02bb37d2a12bbfd52200d6f#/vector_search/operationMetadata/aggregate/similarities,tests/unit/test_cxp_exchange_catalog.py: owner-source equality and compatible cases,"tests/unit/test_cxp_exchange_catalog.py: mismatch, omission and invalid-shape cases",source and pin verified; downstream consumer adoption pending
Mongoeco,src/mongoeco/cxp/exchange/data/operational-metadata.json,93bdef63c0fdf46015b81e9a3b95d6879217bb31d02bb37d2a12bbfd52200d6f,/vector_search/operationMetadata/aggregate/supportedOptions,typed or bound owner claim at /vector_search/operationMetadata/aggregate/supportedOptions,capability=vector_search; operation=aggregate,Mongoeco exchange requirements and public profile evaluation,operational-metadata.json#/vector_search/operationMetadata/aggregate/supportedOptions,Mongoeco,org.mongoeco:mongodb@1.1.0 /vector_search/aggregate.supportedOptions,exchange_exact,org.mongoeco:mongodb@1.1.0 /vector_search/aggregate.supportedOptions; owner sha256:93bdef63c0fdf46015b81e9a3b95d6879217bb31d02bb37d2a12bbfd52200d6f#/vector_search/operationMetadata/aggregate/supportedOptions,tests/unit/test_cxp_exchange_catalog.py: owner-source equality and compatible cases,"tests/unit/test_cxp_exchange_catalog.py: mismatch, omission and invalid-shape cases",source and pin verified; downstream consumer adoption pending
Mongoeco,src/mongoeco/cxp/exchange/data/operational-metadata.json,93bdef63c0fdf46015b81e9a3b95d6879217bb31d02bb37d2a12bbfd52200d6f,/vector_search/operationMetadata/aggregate/supportsCollectionScope,typed or bound owner claim at /vector_search/operationMetadata/aggregate/supportsCollectionScope,capability=vector_search; operation=aggregate,Mongoeco exchange requirements and public profile evaluation,operational-metadata.json#/vector_search/operationMetadata/aggregate/supportsCollectionScope,Mongoeco,org.mongoeco:mongodb@1.1.0 /vector_search/aggregate.supportsCollectionScope,exchange_exact,org.mongoeco:mongodb@1.1.0 /vector_search/aggregate.supportsCollectionScope; owner sha256:93bdef63c0fdf46015b81e9a3b95d6879217bb31d02bb37d2a12bbfd52200d6f#/vector_search/operationMetadata/aggregate/supportsCollectionScope,tests/unit/test_cxp_exchange_catalog.py: owner-source equality and compatible cases,"tests/unit/test_cxp_exchange_catalog.py: mismatch, omission and invalid-shape cases",source and pin verified; downstream consumer adoption pending
Mongoeco,src/mongoeco/cxp/exchange/data/operational-metadata.json,93bdef63c0fdf46015b81e9a3b95d6879217bb31d02bb37d2a12bbfd52200d6f,/vector_search/operationMetadata/aggregate/supportsDatabaseScope,typed or bound owner claim at /vector_search/operationMetadata/aggregate/supportsDatabaseScope,capability=vector_search; operation=aggregate,Mongoeco exchange requirements and public profile evaluation,operational-metadata.json#/vector_search/operationMetadata/aggregate/supportsDatabaseScope,Mongoeco,org.mongoeco:mongodb@1.1.0 /vector_search/aggregate.supportsDatabaseScope,exchange_exact,org.mongoeco:mongodb@1.1.0 /vector_search/aggregate.supportsDatabaseScope; owner sha256:93bdef63c0fdf46015b81e9a3b95d6879217bb31d02bb37d2a12bbfd52200d6f#/vector_search/operationMetadata/aggregate/supportsDatabaseScope,tests/unit/test_cxp_exchange_catalog.py: owner-source equality and compatible cases,"tests/unit/test_cxp_exchange_catalog.py: mismatch, omission and invalid-shape cases",source and pin verified; downstream consumer adoption pending
Mongoeco,src/mongoeco/cxp/exchange/data/operational-metadata.json,93bdef63c0fdf46015b81e9a3b95d6879217bb31d02bb37d2a12bbfd52200d6f,/vector_search/operationMetadata/aggregate/supportsExplain,typed or bound owner claim at /vector_search/operationMetadata/aggregate/supportsExplain,capability=vector_search; operation=aggregate,Mongoeco exchange requirements and public profile evaluation,operational-metadata.json#/vector_search/operationMetadata/aggregate/supportsExplain,Mongoeco,org.mongoeco:mongodb@1.1.0 /vector_search/aggregate.supportsExplain,exchange_exact,org.mongoeco:mongodb@1.1.0 /vector_search/aggregate.supportsExplain; owner sha256:93bdef63c0fdf46015b81e9a3b95d6879217bb31d02bb37d2a12bbfd52200d6f#/vector_search/operationMetadata/aggregate/supportsExplain,tests/unit/test_cxp_exchange_catalog.py: owner-source equality and compatible cases,"tests/unit/test_cxp_exchange_catalog.py: mismatch, omission and invalid-shape cases",source and pin verified; downstream consumer adoption pending
Mongoeco,src/mongoeco/cxp/exchange/data/operational-metadata.json,93bdef63c0fdf46015b81e9a3b95d6879217bb31d02bb37d2a12bbfd52200d6f,/vector_search/operationMetadata/aggregate/supportsSession,typed or bound owner claim at /vector_search/operationMetadata/aggregate/supportsSession,capability=vector_search; operation=aggregate,Mongoeco exchange requirements and public profile evaluation,operational-metadata.json#/vector_search/operationMetadata/aggregate/supportsSession,Mongoeco,org.mongoeco:mongodb@1.1.0 /vector_search/aggregate.supportsSession,exchange_exact,org.mongoeco:mongodb@1.1.0 /vector_search/aggregate.supportsSession; owner sha256:93bdef63c0fdf46015b81e9a3b95d6879217bb31d02bb37d2a12bbfd52200d6f#/vector_search/operationMetadata/aggregate/supportsSession,tests/unit/test_cxp_exchange_catalog.py: owner-source equality and compatible cases,"tests/unit/test_cxp_exchange_catalog.py: mismatch, omission and invalid-shape cases",source and pin verified; downstream consumer adoption pending
Mongoeco,src/mongoeco/cxp/exchange/data/operational-metadata.json,93bdef63c0fdf46015b81e9a3b95d6879217bb31d02bb37d2a12bbfd52200d6f,/vector_search/operationMetadata/aggregate/unsupportedOptions,typed or bound owner claim at /vector_search/operationMetadata/aggregate/unsupportedOptions,capability=vector_search; operation=aggregate,Mongoeco exchange requirements and public profile evaluation,operational-metadata.json#/vector_search/operationMetadata/aggregate/unsupportedOptions,Mongoeco,org.mongoeco:mongodb@1.1.0 /vector_search/aggregate.unsupportedOptions,exchange_exact,org.mongoeco:mongodb@1.1.0 /vector_search/aggregate.unsupportedOptions; owner sha256:93bdef63c0fdf46015b81e9a3b95d6879217bb31d02bb37d2a12bbfd52200d6f#/vector_search/operationMetadata/aggregate/unsupportedOptions,tests/unit/test_cxp_exchange_catalog.py: owner-source equality and compatible cases,"tests/unit/test_cxp_exchange_catalog.py: mismatch, omission and invalid-shape cases",source and pin verified; downstream consumer adoption pending
Mongoeco,src/mongoeco/cxp/exchange/data/operational-metadata.json,93bdef63c0fdf46015b81e9a3b95d6879217bb31d02bb37d2a12bbfd52200d6f,/vector_search/similarities,typed or bound owner claim at /vector_search/similarities,capability=vector_search; operation=none,Mongoeco exchange requirements and public profile evaluation,operational-metadata.json#/vector_search/similarities,Mongoeco,org.mongoeco:mongodb@1.1.0 /vector_search/similarities,exchange_exact,org.mongoeco:mongodb@1.1.0 /vector_search/similarities; owner sha256:93bdef63c0fdf46015b81e9a3b95d6879217bb31d02bb37d2a12bbfd52200d6f#/vector_search/similarities,tests/unit/test_cxp_exchange_catalog.py: owner-source equality and compatible cases,"tests/unit/test_cxp_exchange_catalog.py: mismatch, omission and invalid-shape cases",source and pin verified; downstream consumer adoption pending
Mongoeco,src/mongoeco/cxp/exchange/data/operational-metadata.json,93bdef63c0fdf46015b81e9a3b95d6879217bb31d02bb37d2a12bbfd52200d6f,/write/async,typed or bound owner claim at /write/async,capability=write; operation=none,Mongoeco exchange requirements and public profile evaluation,operational-metadata.json#/write/async,Mongoeco,org.mongoeco:mongodb@1.1.0 /write/async,exchange_exact,org.mongoeco:mongodb@1.1.0 /write/async; owner sha256:93bdef63c0fdf46015b81e9a3b95d6879217bb31d02bb37d2a12bbfd52200d6f#/write/async,tests/unit/test_cxp_exchange_catalog.py: owner-source equality and compatible cases,"tests/unit/test_cxp_exchange_catalog.py: mismatch, omission and invalid-shape cases",source and pin verified; downstream consumer adoption pending
Mongoeco,src/mongoeco/cxp/exchange/data/operational-metadata.json,93bdef63c0fdf46015b81e9a3b95d6879217bb31d02bb37d2a12bbfd52200d6f,/write/embedded,typed or bound owner claim at /write/embedded,capability=write; operation=none,Mongoeco exchange requirements and public profile evaluation,operational-metadata.json#/write/embedded,Mongoeco,org.mongoeco:mongodb@1.1.0 /write/embedded,exchange_exact,org.mongoeco:mongodb@1.1.0 /write/embedded; owner sha256:93bdef63c0fdf46015b81e9a3b95d6879217bb31d02bb37d2a12bbfd52200d6f#/write/embedded,tests/unit/test_cxp_exchange_catalog.py: owner-source equality and compatible cases,"tests/unit/test_cxp_exchange_catalog.py: mismatch, omission and invalid-shape cases",source and pin verified; downstream consumer adoption pending
Mongoeco,src/mongoeco/cxp/exchange/data/operational-metadata.json,93bdef63c0fdf46015b81e9a3b95d6879217bb31d02bb37d2a12bbfd52200d6f,/write/operationMetadata/bulk_write/acceptedNoopOptions,typed or bound owner claim at /write/operationMetadata/bulk_write/acceptedNoopOptions,capability=write; operation=bulk_write,Mongoeco exchange requirements and public profile evaluation,operational-metadata.json#/write/operationMetadata/bulk_write/acceptedNoopOptions,Mongoeco,org.mongoeco:mongodb@1.1.0 /write/bulk_write.acceptedNoopOptions,exchange_exact,org.mongoeco:mongodb@1.1.0 /write/bulk_write.acceptedNoopOptions; owner sha256:93bdef63c0fdf46015b81e9a3b95d6879217bb31d02bb37d2a12bbfd52200d6f#/write/operationMetadata/bulk_write/acceptedNoopOptions,tests/unit/test_cxp_exchange_catalog.py: owner-source equality and compatible cases,"tests/unit/test_cxp_exchange_catalog.py: mismatch, omission and invalid-shape cases",source and pin verified; downstream consumer adoption pending
Mongoeco,src/mongoeco/cxp/exchange/data/operational-metadata.json,93bdef63c0fdf46015b81e9a3b95d6879217bb31d02bb37d2a12bbfd52200d6f,/write/operationMetadata/bulk_write/acceptsComment,typed or bound owner claim at /write/operationMetadata/bulk_write/acceptsComment,capability=write; operation=bulk_write,Mongoeco exchange requirements and public profile evaluation,operational-metadata.json#/write/operationMetadata/bulk_write/acceptsComment,Mongoeco,org.mongoeco:mongodb@1.1.0 /write/bulk_write.acceptsComment,exchange_exact,org.mongoeco:mongodb@1.1.0 /write/bulk_write.acceptsComment; owner sha256:93bdef63c0fdf46015b81e9a3b95d6879217bb31d02bb37d2a12bbfd52200d6f#/write/operationMetadata/bulk_write/acceptsComment,tests/unit/test_cxp_exchange_catalog.py: owner-source equality and compatible cases,"tests/unit/test_cxp_exchange_catalog.py: mismatch, omission and invalid-shape cases",source and pin verified; downstream consumer adoption pending
Mongoeco,src/mongoeco/cxp/exchange/data/operational-metadata.json,93bdef63c0fdf46015b81e9a3b95d6879217bb31d02bb37d2a12bbfd52200d6f,/write/operationMetadata/bulk_write/acceptsLet,typed or bound owner claim at /write/operationMetadata/bulk_write/acceptsLet,capability=write; operation=bulk_write,Mongoeco exchange requirements and public profile evaluation,operational-metadata.json#/write/operationMetadata/bulk_write/acceptsLet,Mongoeco,org.mongoeco:mongodb@1.1.0 /write/bulk_write.acceptsLet,exchange_exact,org.mongoeco:mongodb@1.1.0 /write/bulk_write.acceptsLet; owner sha256:93bdef63c0fdf46015b81e9a3b95d6879217bb31d02bb37d2a12bbfd52200d6f#/write/operationMetadata/bulk_write/acceptsLet,tests/unit/test_cxp_exchange_catalog.py: owner-source equality and compatible cases,"tests/unit/test_cxp_exchange_catalog.py: mismatch, omission and invalid-shape cases",source and pin verified; downstream consumer adoption pending
Mongoeco,src/mongoeco/cxp/exchange/data/operational-metadata.json,93bdef63c0fdf46015b81e9a3b95d6879217bb31d02bb37d2a12bbfd52200d6f,/write/operationMetadata/bulk_write/acceptsOrderedExecution,typed or bound owner claim at /write/operationMetadata/bulk_write/acceptsOrderedExecution,capability=write; operation=bulk_write,Mongoeco exchange requirements and public profile evaluation,operational-metadata.json#/write/operationMetadata/bulk_write/acceptsOrderedExecution,Mongoeco,org.mongoeco:mongodb@1.1.0 /write/bulk_write.acceptsOrderedExecution,exchange_exact,org.mongoeco:mongodb@1.1.0 /write/bulk_write.acceptsOrderedExecution; owner sha256:93bdef63c0fdf46015b81e9a3b95d6879217bb31d02bb37d2a12bbfd52200d6f#/write/operationMetadata/bulk_write/acceptsOrderedExecution,tests/unit/test_cxp_exchange_catalog.py: owner-source equality and compatible cases,"tests/unit/test_cxp_exchange_catalog.py: mismatch, omission and invalid-shape cases",source and pin verified; downstream consumer adoption pending
Mongoeco,src/mongoeco/cxp/exchange/data/operational-metadata.json,93bdef63c0fdf46015b81e9a3b95d6879217bb31d02bb37d2a12bbfd52200d6f,/write/operationMetadata/bulk_write/acceptsWriteModels,typed or bound owner claim at /write/operationMetadata/bulk_write/acceptsWriteModels,capability=write; operation=bulk_write,Mongoeco exchange requirements and public profile evaluation,operational-metadata.json#/write/operationMetadata/bulk_write/acceptsWriteModels,Mongoeco,org.mongoeco:mongodb@1.1.0 /write/bulk_write.acceptsWriteModels,exchange_exact,org.mongoeco:mongodb@1.1.0 /write/bulk_write.acceptsWriteModels; owner sha256:93bdef63c0fdf46015b81e9a3b95d6879217bb31d02bb37d2a12bbfd52200d6f#/write/operationMetadata/bulk_write/acceptsWriteModels,tests/unit/test_cxp_exchange_catalog.py: owner-source equality and compatible cases,"tests/unit/test_cxp_exchange_catalog.py: mismatch, omission and invalid-shape cases",source and pin verified; downstream consumer adoption pending
Mongoeco,src/mongoeco/cxp/exchange/data/operational-metadata.json,93bdef63c0fdf46015b81e9a3b95d6879217bb31d02bb37d2a12bbfd52200d6f,/write/operationMetadata/bulk_write/collectionScoped,typed or bound owner claim at /write/operationMetadata/bulk_write/collectionScoped,capability=write; operation=bulk_write,Mongoeco exchange requirements and public profile evaluation,operational-metadata.json#/write/operationMetadata/bulk_write/collectionScoped,Mongoeco,org.mongoeco:mongodb@1.1.0 /write/bulk_write.collectionScoped,exchange_exact,org.mongoeco:mongodb@1.1.0 /write/bulk_write.collectionScoped; owner sha256:93bdef63c0fdf46015b81e9a3b95d6879217bb31d02bb37d2a12bbfd52200d6f#/write/operationMetadata/bulk_write/collectionScoped,tests/unit/test_cxp_exchange_catalog.py: owner-source equality and compatible cases,"tests/unit/test_cxp_exchange_catalog.py: mismatch, omission and invalid-shape cases",source and pin verified; downstream consumer adoption pending
Mongoeco,src/mongoeco/cxp/exchange/data/operational-metadata.json,93bdef63c0fdf46015b81e9a3b95d6879217bb31d02bb37d2a12bbfd52200d6f,/write/operationMetadata/bulk_write/resultType,typed or bound owner claim at /write/operationMetadata/bulk_write/resultType,capability=write; operation=bulk_write,Mongoeco exchange requirements and public profile evaluation,operational-metadata.json#/write/operationMetadata/bulk_write/resultType,Mongoeco,org.mongoeco:result.bulk_write_result:1,exchange_exact,org.mongoeco:result.bulk_write_result:1; owner sha256:93bdef63c0fdf46015b81e9a3b95d6879217bb31d02bb37d2a12bbfd52200d6f#/write/operationMetadata/bulk_write/resultType,tests/unit/test_cxp_exchange_catalog.py: owner-source equality and compatible cases,"tests/unit/test_cxp_exchange_catalog.py: mismatch, omission and invalid-shape cases",source and pin verified; downstream consumer adoption pending
Mongoeco,src/mongoeco/cxp/exchange/data/operational-metadata.json,93bdef63c0fdf46015b81e9a3b95d6879217bb31d02bb37d2a12bbfd52200d6f,/write/operationMetadata/bulk_write/supportedOptions,typed or bound owner claim at /write/operationMetadata/bulk_write/supportedOptions,capability=write; operation=bulk_write,Mongoeco exchange requirements and public profile evaluation,operational-metadata.json#/write/operationMetadata/bulk_write/supportedOptions,Mongoeco,org.mongoeco:mongodb@1.1.0 /write/bulk_write.supportedOptions,exchange_exact,org.mongoeco:mongodb@1.1.0 /write/bulk_write.supportedOptions; owner sha256:93bdef63c0fdf46015b81e9a3b95d6879217bb31d02bb37d2a12bbfd52200d6f#/write/operationMetadata/bulk_write/supportedOptions,tests/unit/test_cxp_exchange_catalog.py: owner-source equality and compatible cases,"tests/unit/test_cxp_exchange_catalog.py: mismatch, omission and invalid-shape cases",source and pin verified; downstream consumer adoption pending
Mongoeco,src/mongoeco/cxp/exchange/data/operational-metadata.json,93bdef63c0fdf46015b81e9a3b95d6879217bb31d02bb37d2a12bbfd52200d6f,/write/operationMetadata/bulk_write/supportsExplain,typed or bound owner claim at /write/operationMetadata/bulk_write/supportsExplain,capability=write; operation=bulk_write,Mongoeco exchange requirements and public profile evaluation,operational-metadata.json#/write/operationMetadata/bulk_write/supportsExplain,Mongoeco,org.mongoeco:mongodb@1.1.0 /write/bulk_write.supportsExplain,exchange_exact,org.mongoeco:mongodb@1.1.0 /write/bulk_write.supportsExplain; owner sha256:93bdef63c0fdf46015b81e9a3b95d6879217bb31d02bb37d2a12bbfd52200d6f#/write/operationMetadata/bulk_write/supportsExplain,tests/unit/test_cxp_exchange_catalog.py: owner-source equality and compatible cases,"tests/unit/test_cxp_exchange_catalog.py: mismatch, omission and invalid-shape cases",source and pin verified; downstream consumer adoption pending
Mongoeco,src/mongoeco/cxp/exchange/data/operational-metadata.json,93bdef63c0fdf46015b81e9a3b95d6879217bb31d02bb37d2a12bbfd52200d6f,/write/operationMetadata/bulk_write/supportsOrderedExecution,typed or bound owner claim at /write/operationMetadata/bulk_write/supportsOrderedExecution,capability=write; operation=bulk_write,Mongoeco exchange requirements and public profile evaluation,operational-metadata.json#/write/operationMetadata/bulk_write/supportsOrderedExecution,Mongoeco,org.mongoeco:mongodb@1.1.0 /write/bulk_write.supportsOrderedExecution,exchange_exact,org.mongoeco:mongodb@1.1.0 /write/bulk_write.supportsOrderedExecution; owner sha256:93bdef63c0fdf46015b81e9a3b95d6879217bb31d02bb37d2a12bbfd52200d6f#/write/operationMetadata/bulk_write/supportsOrderedExecution,tests/unit/test_cxp_exchange_catalog.py: owner-source equality and compatible cases,"tests/unit/test_cxp_exchange_catalog.py: mismatch, omission and invalid-shape cases",source and pin verified; downstream consumer adoption pending
Mongoeco,src/mongoeco/cxp/exchange/data/operational-metadata.json,93bdef63c0fdf46015b81e9a3b95d6879217bb31d02bb37d2a12bbfd52200d6f,/write/operationMetadata/bulk_write/supportsSession,typed or bound owner claim at /write/operationMetadata/bulk_write/supportsSession,capability=write; operation=bulk_write,Mongoeco exchange requirements and public profile evaluation,operational-metadata.json#/write/operationMetadata/bulk_write/supportsSession,Mongoeco,org.mongoeco:mongodb@1.1.0 /write/bulk_write.supportsSession,exchange_exact,org.mongoeco:mongodb@1.1.0 /write/bulk_write.supportsSession; owner sha256:93bdef63c0fdf46015b81e9a3b95d6879217bb31d02bb37d2a12bbfd52200d6f#/write/operationMetadata/bulk_write/supportsSession,tests/unit/test_cxp_exchange_catalog.py: owner-source equality and compatible cases,"tests/unit/test_cxp_exchange_catalog.py: mismatch, omission and invalid-shape cases",source and pin verified; downstream consumer adoption pending
Mongoeco,src/mongoeco/cxp/exchange/data/operational-metadata.json,93bdef63c0fdf46015b81e9a3b95d6879217bb31d02bb37d2a12bbfd52200d6f,/write/operationMetadata/bulk_write/unsupportedOptions,typed or bound owner claim at /write/operationMetadata/bulk_write/unsupportedOptions,capability=write; operation=bulk_write,Mongoeco exchange requirements and public profile evaluation,operational-metadata.json#/write/operationMetadata/bulk_write/unsupportedOptions,Mongoeco,org.mongoeco:mongodb@1.1.0 /write/bulk_write.unsupportedOptions,exchange_exact,org.mongoeco:mongodb@1.1.0 /write/bulk_write.unsupportedOptions; owner sha256:93bdef63c0fdf46015b81e9a3b95d6879217bb31d02bb37d2a12bbfd52200d6f#/write/operationMetadata/bulk_write/unsupportedOptions,tests/unit/test_cxp_exchange_catalog.py: owner-source equality and compatible cases,"tests/unit/test_cxp_exchange_catalog.py: mismatch, omission and invalid-shape cases",source and pin verified; downstream consumer adoption pending
Mongoeco,src/mongoeco/cxp/exchange/data/operational-metadata.json,93bdef63c0fdf46015b81e9a3b95d6879217bb31d02bb37d2a12bbfd52200d6f,/write/operationMetadata/delete_many/acceptedNoopOptions,typed or bound owner claim at /write/operationMetadata/delete_many/acceptedNoopOptions,capability=write; operation=delete_many,Mongoeco exchange requirements and public profile evaluation,operational-metadata.json#/write/operationMetadata/delete_many/acceptedNoopOptions,Mongoeco,org.mongoeco:mongodb@1.1.0 /write/delete_many.acceptedNoopOptions,exchange_exact,org.mongoeco:mongodb@1.1.0 /write/delete_many.acceptedNoopOptions; owner sha256:93bdef63c0fdf46015b81e9a3b95d6879217bb31d02bb37d2a12bbfd52200d6f#/write/operationMetadata/delete_many/acceptedNoopOptions,tests/unit/test_cxp_exchange_catalog.py: owner-source equality and compatible cases,"tests/unit/test_cxp_exchange_catalog.py: mismatch, omission and invalid-shape cases",source and pin verified; downstream consumer adoption pending
Mongoeco,src/mongoeco/cxp/exchange/data/operational-metadata.json,93bdef63c0fdf46015b81e9a3b95d6879217bb31d02bb37d2a12bbfd52200d6f,/write/operationMetadata/delete_many/acceptsCollation,typed or bound owner claim at /write/operationMetadata/delete_many/acceptsCollation,capability=write; operation=delete_many,Mongoeco exchange requirements and public profile evaluation,operational-metadata.json#/write/operationMetadata/delete_many/acceptsCollation,Mongoeco,org.mongoeco:mongodb@1.1.0 /write/delete_many.acceptsCollation,exchange_exact,org.mongoeco:mongodb@1.1.0 /write/delete_many.acceptsCollation; owner sha256:93bdef63c0fdf46015b81e9a3b95d6879217bb31d02bb37d2a12bbfd52200d6f#/write/operationMetadata/delete_many/acceptsCollation,tests/unit/test_cxp_exchange_catalog.py: owner-source equality and compatible cases,"tests/unit/test_cxp_exchange_catalog.py: mismatch, omission and invalid-shape cases",source and pin verified; downstream consumer adoption pending
Mongoeco,src/mongoeco/cxp/exchange/data/operational-metadata.json,93bdef63c0fdf46015b81e9a3b95d6879217bb31d02bb37d2a12bbfd52200d6f,/write/operationMetadata/delete_many/acceptsComment,typed or bound owner claim at /write/operationMetadata/delete_many/acceptsComment,capability=write; operation=delete_many,Mongoeco exchange requirements and public profile evaluation,operational-metadata.json#/write/operationMetadata/delete_many/acceptsComment,Mongoeco,org.mongoeco:mongodb@1.1.0 /write/delete_many.acceptsComment,exchange_exact,org.mongoeco:mongodb@1.1.0 /write/delete_many.acceptsComment; owner sha256:93bdef63c0fdf46015b81e9a3b95d6879217bb31d02bb37d2a12bbfd52200d6f#/write/operationMetadata/delete_many/acceptsComment,tests/unit/test_cxp_exchange_catalog.py: owner-source equality and compatible cases,"tests/unit/test_cxp_exchange_catalog.py: mismatch, omission and invalid-shape cases",source and pin verified; downstream consumer adoption pending
Mongoeco,src/mongoeco/cxp/exchange/data/operational-metadata.json,93bdef63c0fdf46015b81e9a3b95d6879217bb31d02bb37d2a12bbfd52200d6f,/write/operationMetadata/delete_many/acceptsFilter,typed or bound owner claim at /write/operationMetadata/delete_many/acceptsFilter,capability=write; operation=delete_many,Mongoeco exchange requirements and public profile evaluation,operational-metadata.json#/write/operationMetadata/delete_many/acceptsFilter,Mongoeco,org.mongoeco:mongodb@1.1.0 /write/delete_many.acceptsFilter,exchange_exact,org.mongoeco:mongodb@1.1.0 /write/delete_many.acceptsFilter; owner sha256:93bdef63c0fdf46015b81e9a3b95d6879217bb31d02bb37d2a12bbfd52200d6f#/write/operationMetadata/delete_many/acceptsFilter,tests/unit/test_cxp_exchange_catalog.py: owner-source equality and compatible cases,"tests/unit/test_cxp_exchange_catalog.py: mismatch, omission and invalid-shape cases",source and pin verified; downstream consumer adoption pending
Mongoeco,src/mongoeco/cxp/exchange/data/operational-metadata.json,93bdef63c0fdf46015b81e9a3b95d6879217bb31d02bb37d2a12bbfd52200d6f,/write/operationMetadata/delete_many/acceptsHint,typed or bound owner claim at /write/operationMetadata/delete_many/acceptsHint,capability=write; operation=delete_many,Mongoeco exchange requirements and public profile evaluation,operational-metadata.json#/write/operationMetadata/delete_many/acceptsHint,Mongoeco,org.mongoeco:mongodb@1.1.0 /write/delete_many.acceptsHint,exchange_exact,org.mongoeco:mongodb@1.1.0 /write/delete_many.acceptsHint; owner sha256:93bdef63c0fdf46015b81e9a3b95d6879217bb31d02bb37d2a12bbfd52200d6f#/write/operationMetadata/delete_many/acceptsHint,tests/unit/test_cxp_exchange_catalog.py: owner-source equality and compatible cases,"tests/unit/test_cxp_exchange_catalog.py: mismatch, omission and invalid-shape cases",source and pin verified; downstream consumer adoption pending
Mongoeco,src/mongoeco/cxp/exchange/data/operational-metadata.json,93bdef63c0fdf46015b81e9a3b95d6879217bb31d02bb37d2a12bbfd52200d6f,/write/operationMetadata/delete_many/acceptsLet,typed or bound owner claim at /write/operationMetadata/delete_many/acceptsLet,capability=write; operation=delete_many,Mongoeco exchange requirements and public profile evaluation,operational-metadata.json#/write/operationMetadata/delete_many/acceptsLet,Mongoeco,org.mongoeco:mongodb@1.1.0 /write/delete_many.acceptsLet,exchange_exact,org.mongoeco:mongodb@1.1.0 /write/delete_many.acceptsLet; owner sha256:93bdef63c0fdf46015b81e9a3b95d6879217bb31d02bb37d2a12bbfd52200d6f#/write/operationMetadata/delete_many/acceptsLet,tests/unit/test_cxp_exchange_catalog.py: owner-source equality and compatible cases,"tests/unit/test_cxp_exchange_catalog.py: mismatch, omission and invalid-shape cases",source and pin verified; downstream consumer adoption pending
Mongoeco,src/mongoeco/cxp/exchange/data/operational-metadata.json,93bdef63c0fdf46015b81e9a3b95d6879217bb31d02bb37d2a12bbfd52200d6f,/write/operationMetadata/delete_many/collectionScoped,typed or bound owner claim at /write/operationMetadata/delete_many/collectionScoped,capability=write; operation=delete_many,Mongoeco exchange requirements and public profile evaluation,operational-metadata.json#/write/operationMetadata/delete_many/collectionScoped,Mongoeco,org.mongoeco:mongodb@1.1.0 /write/delete_many.collectionScoped,exchange_exact,org.mongoeco:mongodb@1.1.0 /write/delete_many.collectionScoped; owner sha256:93bdef63c0fdf46015b81e9a3b95d6879217bb31d02bb37d2a12bbfd52200d6f#/write/operationMetadata/delete_many/collectionScoped,tests/unit/test_cxp_exchange_catalog.py: owner-source equality and compatible cases,"tests/unit/test_cxp_exchange_catalog.py: mismatch, omission and invalid-shape cases",source and pin verified; downstream consumer adoption pending
Mongoeco,src/mongoeco/cxp/exchange/data/operational-metadata.json,93bdef63c0fdf46015b81e9a3b95d6879217bb31d02bb37d2a12bbfd52200d6f,/write/operationMetadata/delete_many/resultType,typed or bound owner claim at /write/operationMetadata/delete_many/resultType,capability=write; operation=delete_many,Mongoeco exchange requirements and public profile evaluation,operational-metadata.json#/write/operationMetadata/delete_many/resultType,Mongoeco,org.mongoeco:result.delete_result:1,exchange_exact,org.mongoeco:result.delete_result:1; owner sha256:93bdef63c0fdf46015b81e9a3b95d6879217bb31d02bb37d2a12bbfd52200d6f#/write/operationMetadata/delete_many/resultType,tests/unit/test_cxp_exchange_catalog.py: owner-source equality and compatible cases,"tests/unit/test_cxp_exchange_catalog.py: mismatch, omission and invalid-shape cases",source and pin verified; downstream consumer adoption pending
Mongoeco,src/mongoeco/cxp/exchange/data/operational-metadata.json,93bdef63c0fdf46015b81e9a3b95d6879217bb31d02bb37d2a12bbfd52200d6f,/write/operationMetadata/delete_many/supportedOptions,typed or bound owner claim at /write/operationMetadata/delete_many/supportedOptions,capability=write; operation=delete_many,Mongoeco exchange requirements and public profile evaluation,operational-metadata.json#/write/operationMetadata/delete_many/supportedOptions,Mongoeco,org.mongoeco:mongodb@1.1.0 /write/delete_many.supportedOptions,exchange_exact,org.mongoeco:mongodb@1.1.0 /write/delete_many.supportedOptions; owner sha256:93bdef63c0fdf46015b81e9a3b95d6879217bb31d02bb37d2a12bbfd52200d6f#/write/operationMetadata/delete_many/supportedOptions,tests/unit/test_cxp_exchange_catalog.py: owner-source equality and compatible cases,"tests/unit/test_cxp_exchange_catalog.py: mismatch, omission and invalid-shape cases",source and pin verified; downstream consumer adoption pending
Mongoeco,src/mongoeco/cxp/exchange/data/operational-metadata.json,93bdef63c0fdf46015b81e9a3b95d6879217bb31d02bb37d2a12bbfd52200d6f,/write/operationMetadata/delete_many/supportsExplain,typed or bound owner claim at /write/operationMetadata/delete_many/supportsExplain,capability=write; operation=delete_many,Mongoeco exchange requirements and public profile evaluation,operational-metadata.json#/write/operationMetadata/delete_many/supportsExplain,Mongoeco,org.mongoeco:mongodb@1.1.0 /write/delete_many.supportsExplain,exchange_exact,org.mongoeco:mongodb@1.1.0 /write/delete_many.supportsExplain; owner sha256:93bdef63c0fdf46015b81e9a3b95d6879217bb31d02bb37d2a12bbfd52200d6f#/write/operationMetadata/delete_many/supportsExplain,tests/unit/test_cxp_exchange_catalog.py: owner-source equality and compatible cases,"tests/unit/test_cxp_exchange_catalog.py: mismatch, omission and invalid-shape cases",source and pin verified; downstream consumer adoption pending
Mongoeco,src/mongoeco/cxp/exchange/data/operational-metadata.json,93bdef63c0fdf46015b81e9a3b95d6879217bb31d02bb37d2a12bbfd52200d6f,/write/operationMetadata/delete_many/supportsSession,typed or bound owner claim at /write/operationMetadata/delete_many/supportsSession,capability=write; operation=delete_many,Mongoeco exchange requirements and public profile evaluation,operational-metadata.json#/write/operationMetadata/delete_many/supportsSession,Mongoeco,org.mongoeco:mongodb@1.1.0 /write/delete_many.supportsSession,exchange_exact,org.mongoeco:mongodb@1.1.0 /write/delete_many.supportsSession; owner sha256:93bdef63c0fdf46015b81e9a3b95d6879217bb31d02bb37d2a12bbfd52200d6f#/write/operationMetadata/delete_many/supportsSession,tests/unit/test_cxp_exchange_catalog.py: owner-source equality and compatible cases,"tests/unit/test_cxp_exchange_catalog.py: mismatch, omission and invalid-shape cases",source and pin verified; downstream consumer adoption pending
Mongoeco,src/mongoeco/cxp/exchange/data/operational-metadata.json,93bdef63c0fdf46015b81e9a3b95d6879217bb31d02bb37d2a12bbfd52200d6f,/write/operationMetadata/delete_many/unsupportedOptions,typed or bound owner claim at /write/operationMetadata/delete_many/unsupportedOptions,capability=write; operation=delete_many,Mongoeco exchange requirements and public profile evaluation,operational-metadata.json#/write/operationMetadata/delete_many/unsupportedOptions,Mongoeco,org.mongoeco:mongodb@1.1.0 /write/delete_many.unsupportedOptions,exchange_exact,org.mongoeco:mongodb@1.1.0 /write/delete_many.unsupportedOptions; owner sha256:93bdef63c0fdf46015b81e9a3b95d6879217bb31d02bb37d2a12bbfd52200d6f#/write/operationMetadata/delete_many/unsupportedOptions,tests/unit/test_cxp_exchange_catalog.py: owner-source equality and compatible cases,"tests/unit/test_cxp_exchange_catalog.py: mismatch, omission and invalid-shape cases",source and pin verified; downstream consumer adoption pending
Mongoeco,src/mongoeco/cxp/exchange/data/operational-metadata.json,93bdef63c0fdf46015b81e9a3b95d6879217bb31d02bb37d2a12bbfd52200d6f,/write/operationMetadata/delete_one/acceptedNoopOptions,typed or bound owner claim at /write/operationMetadata/delete_one/acceptedNoopOptions,capability=write; operation=delete_one,Mongoeco exchange requirements and public profile evaluation,operational-metadata.json#/write/operationMetadata/delete_one/acceptedNoopOptions,Mongoeco,org.mongoeco:mongodb@1.1.0 /write/delete_one.acceptedNoopOptions,exchange_exact,org.mongoeco:mongodb@1.1.0 /write/delete_one.acceptedNoopOptions; owner sha256:93bdef63c0fdf46015b81e9a3b95d6879217bb31d02bb37d2a12bbfd52200d6f#/write/operationMetadata/delete_one/acceptedNoopOptions,tests/unit/test_cxp_exchange_catalog.py: owner-source equality and compatible cases,"tests/unit/test_cxp_exchange_catalog.py: mismatch, omission and invalid-shape cases",source and pin verified; downstream consumer adoption pending
Mongoeco,src/mongoeco/cxp/exchange/data/operational-metadata.json,93bdef63c0fdf46015b81e9a3b95d6879217bb31d02bb37d2a12bbfd52200d6f,/write/operationMetadata/delete_one/acceptsCollation,typed or bound owner claim at /write/operationMetadata/delete_one/acceptsCollation,capability=write; operation=delete_one,Mongoeco exchange requirements and public profile evaluation,operational-metadata.json#/write/operationMetadata/delete_one/acceptsCollation,Mongoeco,org.mongoeco:mongodb@1.1.0 /write/delete_one.acceptsCollation,exchange_exact,org.mongoeco:mongodb@1.1.0 /write/delete_one.acceptsCollation; owner sha256:93bdef63c0fdf46015b81e9a3b95d6879217bb31d02bb37d2a12bbfd52200d6f#/write/operationMetadata/delete_one/acceptsCollation,tests/unit/test_cxp_exchange_catalog.py: owner-source equality and compatible cases,"tests/unit/test_cxp_exchange_catalog.py: mismatch, omission and invalid-shape cases",source and pin verified; downstream consumer adoption pending
Mongoeco,src/mongoeco/cxp/exchange/data/operational-metadata.json,93bdef63c0fdf46015b81e9a3b95d6879217bb31d02bb37d2a12bbfd52200d6f,/write/operationMetadata/delete_one/acceptsComment,typed or bound owner claim at /write/operationMetadata/delete_one/acceptsComment,capability=write; operation=delete_one,Mongoeco exchange requirements and public profile evaluation,operational-metadata.json#/write/operationMetadata/delete_one/acceptsComment,Mongoeco,org.mongoeco:mongodb@1.1.0 /write/delete_one.acceptsComment,exchange_exact,org.mongoeco:mongodb@1.1.0 /write/delete_one.acceptsComment; owner sha256:93bdef63c0fdf46015b81e9a3b95d6879217bb31d02bb37d2a12bbfd52200d6f#/write/operationMetadata/delete_one/acceptsComment,tests/unit/test_cxp_exchange_catalog.py: owner-source equality and compatible cases,"tests/unit/test_cxp_exchange_catalog.py: mismatch, omission and invalid-shape cases",source and pin verified; downstream consumer adoption pending
Mongoeco,src/mongoeco/cxp/exchange/data/operational-metadata.json,93bdef63c0fdf46015b81e9a3b95d6879217bb31d02bb37d2a12bbfd52200d6f,/write/operationMetadata/delete_one/acceptsFilter,typed or bound owner claim at /write/operationMetadata/delete_one/acceptsFilter,capability=write; operation=delete_one,Mongoeco exchange requirements and public profile evaluation,operational-metadata.json#/write/operationMetadata/delete_one/acceptsFilter,Mongoeco,org.mongoeco:mongodb@1.1.0 /write/delete_one.acceptsFilter,exchange_exact,org.mongoeco:mongodb@1.1.0 /write/delete_one.acceptsFilter; owner sha256:93bdef63c0fdf46015b81e9a3b95d6879217bb31d02bb37d2a12bbfd52200d6f#/write/operationMetadata/delete_one/acceptsFilter,tests/unit/test_cxp_exchange_catalog.py: owner-source equality and compatible cases,"tests/unit/test_cxp_exchange_catalog.py: mismatch, omission and invalid-shape cases",source and pin verified; downstream consumer adoption pending
Mongoeco,src/mongoeco/cxp/exchange/data/operational-metadata.json,93bdef63c0fdf46015b81e9a3b95d6879217bb31d02bb37d2a12bbfd52200d6f,/write/operationMetadata/delete_one/acceptsHint,typed or bound owner claim at /write/operationMetadata/delete_one/acceptsHint,capability=write; operation=delete_one,Mongoeco exchange requirements and public profile evaluation,operational-metadata.json#/write/operationMetadata/delete_one/acceptsHint,Mongoeco,org.mongoeco:mongodb@1.1.0 /write/delete_one.acceptsHint,exchange_exact,org.mongoeco:mongodb@1.1.0 /write/delete_one.acceptsHint; owner sha256:93bdef63c0fdf46015b81e9a3b95d6879217bb31d02bb37d2a12bbfd52200d6f#/write/operationMetadata/delete_one/acceptsHint,tests/unit/test_cxp_exchange_catalog.py: owner-source equality and compatible cases,"tests/unit/test_cxp_exchange_catalog.py: mismatch, omission and invalid-shape cases",source and pin verified; downstream consumer adoption pending
Mongoeco,src/mongoeco/cxp/exchange/data/operational-metadata.json,93bdef63c0fdf46015b81e9a3b95d6879217bb31d02bb37d2a12bbfd52200d6f,/write/operationMetadata/delete_one/acceptsLet,typed or bound owner claim at /write/operationMetadata/delete_one/acceptsLet,capability=write; operation=delete_one,Mongoeco exchange requirements and public profile evaluation,operational-metadata.json#/write/operationMetadata/delete_one/acceptsLet,Mongoeco,org.mongoeco:mongodb@1.1.0 /write/delete_one.acceptsLet,exchange_exact,org.mongoeco:mongodb@1.1.0 /write/delete_one.acceptsLet; owner sha256:93bdef63c0fdf46015b81e9a3b95d6879217bb31d02bb37d2a12bbfd52200d6f#/write/operationMetadata/delete_one/acceptsLet,tests/unit/test_cxp_exchange_catalog.py: owner-source equality and compatible cases,"tests/unit/test_cxp_exchange_catalog.py: mismatch, omission and invalid-shape cases",source and pin verified; downstream consumer adoption pending
Mongoeco,src/mongoeco/cxp/exchange/data/operational-metadata.json,93bdef63c0fdf46015b81e9a3b95d6879217bb31d02bb37d2a12bbfd52200d6f,/write/operationMetadata/delete_one/collectionScoped,typed or bound owner claim at /write/operationMetadata/delete_one/collectionScoped,capability=write; operation=delete_one,Mongoeco exchange requirements and public profile evaluation,operational-metadata.json#/write/operationMetadata/delete_one/collectionScoped,Mongoeco,org.mongoeco:mongodb@1.1.0 /write/delete_one.collectionScoped,exchange_exact,org.mongoeco:mongodb@1.1.0 /write/delete_one.collectionScoped; owner sha256:93bdef63c0fdf46015b81e9a3b95d6879217bb31d02bb37d2a12bbfd52200d6f#/write/operationMetadata/delete_one/collectionScoped,tests/unit/test_cxp_exchange_catalog.py: owner-source equality and compatible cases,"tests/unit/test_cxp_exchange_catalog.py: mismatch, omission and invalid-shape cases",source and pin verified; downstream consumer adoption pending
Mongoeco,src/mongoeco/cxp/exchange/data/operational-metadata.json,93bdef63c0fdf46015b81e9a3b95d6879217bb31d02bb37d2a12bbfd52200d6f,/write/operationMetadata/delete_one/resultType,typed or bound owner claim at /write/operationMetadata/delete_one/resultType,capability=write; operation=delete_one,Mongoeco exchange requirements and public profile evaluation,operational-metadata.json#/write/operationMetadata/delete_one/resultType,Mongoeco,org.mongoeco:result.delete_result:1,exchange_exact,org.mongoeco:result.delete_result:1; owner sha256:93bdef63c0fdf46015b81e9a3b95d6879217bb31d02bb37d2a12bbfd52200d6f#/write/operationMetadata/delete_one/resultType,tests/unit/test_cxp_exchange_catalog.py: owner-source equality and compatible cases,"tests/unit/test_cxp_exchange_catalog.py: mismatch, omission and invalid-shape cases",source and pin verified; downstream consumer adoption pending
Mongoeco,src/mongoeco/cxp/exchange/data/operational-metadata.json,93bdef63c0fdf46015b81e9a3b95d6879217bb31d02bb37d2a12bbfd52200d6f,/write/operationMetadata/delete_one/supportedOptions,typed or bound owner claim at /write/operationMetadata/delete_one/supportedOptions,capability=write; operation=delete_one,Mongoeco exchange requirements and public profile evaluation,operational-metadata.json#/write/operationMetadata/delete_one/supportedOptions,Mongoeco,org.mongoeco:mongodb@1.1.0 /write/delete_one.supportedOptions,exchange_exact,org.mongoeco:mongodb@1.1.0 /write/delete_one.supportedOptions; owner sha256:93bdef63c0fdf46015b81e9a3b95d6879217bb31d02bb37d2a12bbfd52200d6f#/write/operationMetadata/delete_one/supportedOptions,tests/unit/test_cxp_exchange_catalog.py: owner-source equality and compatible cases,"tests/unit/test_cxp_exchange_catalog.py: mismatch, omission and invalid-shape cases",source and pin verified; downstream consumer adoption pending
Mongoeco,src/mongoeco/cxp/exchange/data/operational-metadata.json,93bdef63c0fdf46015b81e9a3b95d6879217bb31d02bb37d2a12bbfd52200d6f,/write/operationMetadata/delete_one/supportsExplain,typed or bound owner claim at /write/operationMetadata/delete_one/supportsExplain,capability=write; operation=delete_one,Mongoeco exchange requirements and public profile evaluation,operational-metadata.json#/write/operationMetadata/delete_one/supportsExplain,Mongoeco,org.mongoeco:mongodb@1.1.0 /write/delete_one.supportsExplain,exchange_exact,org.mongoeco:mongodb@1.1.0 /write/delete_one.supportsExplain; owner sha256:93bdef63c0fdf46015b81e9a3b95d6879217bb31d02bb37d2a12bbfd52200d6f#/write/operationMetadata/delete_one/supportsExplain,tests/unit/test_cxp_exchange_catalog.py: owner-source equality and compatible cases,"tests/unit/test_cxp_exchange_catalog.py: mismatch, omission and invalid-shape cases",source and pin verified; downstream consumer adoption pending
Mongoeco,src/mongoeco/cxp/exchange/data/operational-metadata.json,93bdef63c0fdf46015b81e9a3b95d6879217bb31d02bb37d2a12bbfd52200d6f,/write/operationMetadata/delete_one/supportsSession,typed or bound owner claim at /write/operationMetadata/delete_one/supportsSession,capability=write; operation=delete_one,Mongoeco exchange requirements and public profile evaluation,operational-metadata.json#/write/operationMetadata/delete_one/supportsSession,Mongoeco,org.mongoeco:mongodb@1.1.0 /write/delete_one.supportsSession,exchange_exact,org.mongoeco:mongodb@1.1.0 /write/delete_one.supportsSession; owner sha256:93bdef63c0fdf46015b81e9a3b95d6879217bb31d02bb37d2a12bbfd52200d6f#/write/operationMetadata/delete_one/supportsSession,tests/unit/test_cxp_exchange_catalog.py: owner-source equality and compatible cases,"tests/unit/test_cxp_exchange_catalog.py: mismatch, omission and invalid-shape cases",source and pin verified; downstream consumer adoption pending
Mongoeco,src/mongoeco/cxp/exchange/data/operational-metadata.json,93bdef63c0fdf46015b81e9a3b95d6879217bb31d02bb37d2a12bbfd52200d6f,/write/operationMetadata/delete_one/unsupportedOptions,typed or bound owner claim at /write/operationMetadata/delete_one/unsupportedOptions,capability=write; operation=delete_one,Mongoeco exchange requirements and public profile evaluation,operational-metadata.json#/write/operationMetadata/delete_one/unsupportedOptions,Mongoeco,org.mongoeco:mongodb@1.1.0 /write/delete_one.unsupportedOptions,exchange_exact,org.mongoeco:mongodb@1.1.0 /write/delete_one.unsupportedOptions; owner sha256:93bdef63c0fdf46015b81e9a3b95d6879217bb31d02bb37d2a12bbfd52200d6f#/write/operationMetadata/delete_one/unsupportedOptions,tests/unit/test_cxp_exchange_catalog.py: owner-source equality and compatible cases,"tests/unit/test_cxp_exchange_catalog.py: mismatch, omission and invalid-shape cases",source and pin verified; downstream consumer adoption pending
Mongoeco,src/mongoeco/cxp/exchange/data/operational-metadata.json,93bdef63c0fdf46015b81e9a3b95d6879217bb31d02bb37d2a12bbfd52200d6f,/write/operationMetadata/insert_many/acceptedNoopOptions,typed or bound owner claim at /write/operationMetadata/insert_many/acceptedNoopOptions,capability=write; operation=insert_many,Mongoeco exchange requirements and public profile evaluation,operational-metadata.json#/write/operationMetadata/insert_many/acceptedNoopOptions,Mongoeco,org.mongoeco:mongodb@1.1.0 /write/insert_many.acceptedNoopOptions,exchange_exact,org.mongoeco:mongodb@1.1.0 /write/insert_many.acceptedNoopOptions; owner sha256:93bdef63c0fdf46015b81e9a3b95d6879217bb31d02bb37d2a12bbfd52200d6f#/write/operationMetadata/insert_many/acceptedNoopOptions,tests/unit/test_cxp_exchange_catalog.py: owner-source equality and compatible cases,"tests/unit/test_cxp_exchange_catalog.py: mismatch, omission and invalid-shape cases",source and pin verified; downstream consumer adoption pending
Mongoeco,src/mongoeco/cxp/exchange/data/operational-metadata.json,93bdef63c0fdf46015b81e9a3b95d6879217bb31d02bb37d2a12bbfd52200d6f,/write/operationMetadata/insert_many/acceptsComment,typed or bound owner claim at /write/operationMetadata/insert_many/acceptsComment,capability=write; operation=insert_many,Mongoeco exchange requirements and public profile evaluation,operational-metadata.json#/write/operationMetadata/insert_many/acceptsComment,Mongoeco,org.mongoeco:mongodb@1.1.0 /write/insert_many.acceptsComment,exchange_exact,org.mongoeco:mongodb@1.1.0 /write/insert_many.acceptsComment; owner sha256:93bdef63c0fdf46015b81e9a3b95d6879217bb31d02bb37d2a12bbfd52200d6f#/write/operationMetadata/insert_many/acceptsComment,tests/unit/test_cxp_exchange_catalog.py: owner-source equality and compatible cases,"tests/unit/test_cxp_exchange_catalog.py: mismatch, omission and invalid-shape cases",source and pin verified; downstream consumer adoption pending
Mongoeco,src/mongoeco/cxp/exchange/data/operational-metadata.json,93bdef63c0fdf46015b81e9a3b95d6879217bb31d02bb37d2a12bbfd52200d6f,/write/operationMetadata/insert_many/acceptsDocuments,typed or bound owner claim at /write/operationMetadata/insert_many/acceptsDocuments,capability=write; operation=insert_many,Mongoeco exchange requirements and public profile evaluation,operational-metadata.json#/write/operationMetadata/insert_many/acceptsDocuments,Mongoeco,org.mongoeco:mongodb@1.1.0 /write/insert_many.acceptsDocuments,exchange_exact,org.mongoeco:mongodb@1.1.0 /write/insert_many.acceptsDocuments; owner sha256:93bdef63c0fdf46015b81e9a3b95d6879217bb31d02bb37d2a12bbfd52200d6f#/write/operationMetadata/insert_many/acceptsDocuments,tests/unit/test_cxp_exchange_catalog.py: owner-source equality and compatible cases,"tests/unit/test_cxp_exchange_catalog.py: mismatch, omission and invalid-shape cases",source and pin verified; downstream consumer adoption pending
Mongoeco,src/mongoeco/cxp/exchange/data/operational-metadata.json,93bdef63c0fdf46015b81e9a3b95d6879217bb31d02bb37d2a12bbfd52200d6f,/write/operationMetadata/insert_many/acceptsOrderedExecution,typed or bound owner claim at /write/operationMetadata/insert_many/acceptsOrderedExecution,capability=write; operation=insert_many,Mongoeco exchange requirements and public profile evaluation,operational-metadata.json#/write/operationMetadata/insert_many/acceptsOrderedExecution,Mongoeco,org.mongoeco:mongodb@1.1.0 /write/insert_many.acceptsOrderedExecution,exchange_exact,org.mongoeco:mongodb@1.1.0 /write/insert_many.acceptsOrderedExecution; owner sha256:93bdef63c0fdf46015b81e9a3b95d6879217bb31d02bb37d2a12bbfd52200d6f#/write/operationMetadata/insert_many/acceptsOrderedExecution,tests/unit/test_cxp_exchange_catalog.py: owner-source equality and compatible cases,"tests/unit/test_cxp_exchange_catalog.py: mismatch, omission and invalid-shape cases",source and pin verified; downstream consumer adoption pending
Mongoeco,src/mongoeco/cxp/exchange/data/operational-metadata.json,93bdef63c0fdf46015b81e9a3b95d6879217bb31d02bb37d2a12bbfd52200d6f,/write/operationMetadata/insert_many/collectionScoped,typed or bound owner claim at /write/operationMetadata/insert_many/collectionScoped,capability=write; operation=insert_many,Mongoeco exchange requirements and public profile evaluation,operational-metadata.json#/write/operationMetadata/insert_many/collectionScoped,Mongoeco,org.mongoeco:mongodb@1.1.0 /write/insert_many.collectionScoped,exchange_exact,org.mongoeco:mongodb@1.1.0 /write/insert_many.collectionScoped; owner sha256:93bdef63c0fdf46015b81e9a3b95d6879217bb31d02bb37d2a12bbfd52200d6f#/write/operationMetadata/insert_many/collectionScoped,tests/unit/test_cxp_exchange_catalog.py: owner-source equality and compatible cases,"tests/unit/test_cxp_exchange_catalog.py: mismatch, omission and invalid-shape cases",source and pin verified; downstream consumer adoption pending
Mongoeco,src/mongoeco/cxp/exchange/data/operational-metadata.json,93bdef63c0fdf46015b81e9a3b95d6879217bb31d02bb37d2a12bbfd52200d6f,/write/operationMetadata/insert_many/resultType,typed or bound owner claim at /write/operationMetadata/insert_many/resultType,capability=write; operation=insert_many,Mongoeco exchange requirements and public profile evaluation,operational-metadata.json#/write/operationMetadata/insert_many/resultType,Mongoeco,org.mongoeco:result.insert_many_result:1,exchange_exact,org.mongoeco:result.insert_many_result:1; owner sha256:93bdef63c0fdf46015b81e9a3b95d6879217bb31d02bb37d2a12bbfd52200d6f#/write/operationMetadata/insert_many/resultType,tests/unit/test_cxp_exchange_catalog.py: owner-source equality and compatible cases,"tests/unit/test_cxp_exchange_catalog.py: mismatch, omission and invalid-shape cases",source and pin verified; downstream consumer adoption pending
Mongoeco,src/mongoeco/cxp/exchange/data/operational-metadata.json,93bdef63c0fdf46015b81e9a3b95d6879217bb31d02bb37d2a12bbfd52200d6f,/write/operationMetadata/insert_many/supportedOptions,typed or bound owner claim at /write/operationMetadata/insert_many/supportedOptions,capability=write; operation=insert_many,Mongoeco exchange requirements and public profile evaluation,operational-metadata.json#/write/operationMetadata/insert_many/supportedOptions,Mongoeco,org.mongoeco:mongodb@1.1.0 /write/insert_many.supportedOptions,exchange_exact,org.mongoeco:mongodb@1.1.0 /write/insert_many.supportedOptions; owner sha256:93bdef63c0fdf46015b81e9a3b95d6879217bb31d02bb37d2a12bbfd52200d6f#/write/operationMetadata/insert_many/supportedOptions,tests/unit/test_cxp_exchange_catalog.py: owner-source equality and compatible cases,"tests/unit/test_cxp_exchange_catalog.py: mismatch, omission and invalid-shape cases",source and pin verified; downstream consumer adoption pending
Mongoeco,src/mongoeco/cxp/exchange/data/operational-metadata.json,93bdef63c0fdf46015b81e9a3b95d6879217bb31d02bb37d2a12bbfd52200d6f,/write/operationMetadata/insert_many/supportsExplain,typed or bound owner claim at /write/operationMetadata/insert_many/supportsExplain,capability=write; operation=insert_many,Mongoeco exchange requirements and public profile evaluation,operational-metadata.json#/write/operationMetadata/insert_many/supportsExplain,Mongoeco,org.mongoeco:mongodb@1.1.0 /write/insert_many.supportsExplain,exchange_exact,org.mongoeco:mongodb@1.1.0 /write/insert_many.supportsExplain; owner sha256:93bdef63c0fdf46015b81e9a3b95d6879217bb31d02bb37d2a12bbfd52200d6f#/write/operationMetadata/insert_many/supportsExplain,tests/unit/test_cxp_exchange_catalog.py: owner-source equality and compatible cases,"tests/unit/test_cxp_exchange_catalog.py: mismatch, omission and invalid-shape cases",source and pin verified; downstream consumer adoption pending
Mongoeco,src/mongoeco/cxp/exchange/data/operational-metadata.json,93bdef63c0fdf46015b81e9a3b95d6879217bb31d02bb37d2a12bbfd52200d6f,/write/operationMetadata/insert_many/supportsOrderedExecution,typed or bound owner claim at /write/operationMetadata/insert_many/supportsOrderedExecution,capability=write; operation=insert_many,Mongoeco exchange requirements and public profile evaluation,operational-metadata.json#/write/operationMetadata/insert_many/supportsOrderedExecution,Mongoeco,org.mongoeco:mongodb@1.1.0 /write/insert_many.supportsOrderedExecution,exchange_exact,org.mongoeco:mongodb@1.1.0 /write/insert_many.supportsOrderedExecution; owner sha256:93bdef63c0fdf46015b81e9a3b95d6879217bb31d02bb37d2a12bbfd52200d6f#/write/operationMetadata/insert_many/supportsOrderedExecution,tests/unit/test_cxp_exchange_catalog.py: owner-source equality and compatible cases,"tests/unit/test_cxp_exchange_catalog.py: mismatch, omission and invalid-shape cases",source and pin verified; downstream consumer adoption pending
Mongoeco,src/mongoeco/cxp/exchange/data/operational-metadata.json,93bdef63c0fdf46015b81e9a3b95d6879217bb31d02bb37d2a12bbfd52200d6f,/write/operationMetadata/insert_many/supportsSession,typed or bound owner claim at /write/operationMetadata/insert_many/supportsSession,capability=write; operation=insert_many,Mongoeco exchange requirements and public profile evaluation,operational-metadata.json#/write/operationMetadata/insert_many/supportsSession,Mongoeco,org.mongoeco:mongodb@1.1.0 /write/insert_many.supportsSession,exchange_exact,org.mongoeco:mongodb@1.1.0 /write/insert_many.supportsSession; owner sha256:93bdef63c0fdf46015b81e9a3b95d6879217bb31d02bb37d2a12bbfd52200d6f#/write/operationMetadata/insert_many/supportsSession,tests/unit/test_cxp_exchange_catalog.py: owner-source equality and compatible cases,"tests/unit/test_cxp_exchange_catalog.py: mismatch, omission and invalid-shape cases",source and pin verified; downstream consumer adoption pending
Mongoeco,src/mongoeco/cxp/exchange/data/operational-metadata.json,93bdef63c0fdf46015b81e9a3b95d6879217bb31d02bb37d2a12bbfd52200d6f,/write/operationMetadata/insert_many/unsupportedOptions,typed or bound owner claim at /write/operationMetadata/insert_many/unsupportedOptions,capability=write; operation=insert_many,Mongoeco exchange requirements and public profile evaluation,operational-metadata.json#/write/operationMetadata/insert_many/unsupportedOptions,Mongoeco,org.mongoeco:mongodb@1.1.0 /write/insert_many.unsupportedOptions,exchange_exact,org.mongoeco:mongodb@1.1.0 /write/insert_many.unsupportedOptions; owner sha256:93bdef63c0fdf46015b81e9a3b95d6879217bb31d02bb37d2a12bbfd52200d6f#/write/operationMetadata/insert_many/unsupportedOptions,tests/unit/test_cxp_exchange_catalog.py: owner-source equality and compatible cases,"tests/unit/test_cxp_exchange_catalog.py: mismatch, omission and invalid-shape cases",source and pin verified; downstream consumer adoption pending
Mongoeco,src/mongoeco/cxp/exchange/data/operational-metadata.json,93bdef63c0fdf46015b81e9a3b95d6879217bb31d02bb37d2a12bbfd52200d6f,/write/operationMetadata/insert_one/acceptedNoopOptions,typed or bound owner claim at /write/operationMetadata/insert_one/acceptedNoopOptions,capability=write; operation=insert_one,Mongoeco exchange requirements and public profile evaluation,operational-metadata.json#/write/operationMetadata/insert_one/acceptedNoopOptions,Mongoeco,org.mongoeco:mongodb@1.1.0 /write/insert_one.acceptedNoopOptions,exchange_exact,org.mongoeco:mongodb@1.1.0 /write/insert_one.acceptedNoopOptions; owner sha256:93bdef63c0fdf46015b81e9a3b95d6879217bb31d02bb37d2a12bbfd52200d6f#/write/operationMetadata/insert_one/acceptedNoopOptions,tests/unit/test_cxp_exchange_catalog.py: owner-source equality and compatible cases,"tests/unit/test_cxp_exchange_catalog.py: mismatch, omission and invalid-shape cases",source and pin verified; downstream consumer adoption pending
Mongoeco,src/mongoeco/cxp/exchange/data/operational-metadata.json,93bdef63c0fdf46015b81e9a3b95d6879217bb31d02bb37d2a12bbfd52200d6f,/write/operationMetadata/insert_one/acceptsComment,typed or bound owner claim at /write/operationMetadata/insert_one/acceptsComment,capability=write; operation=insert_one,Mongoeco exchange requirements and public profile evaluation,operational-metadata.json#/write/operationMetadata/insert_one/acceptsComment,Mongoeco,org.mongoeco:mongodb@1.1.0 /write/insert_one.acceptsComment,exchange_exact,org.mongoeco:mongodb@1.1.0 /write/insert_one.acceptsComment; owner sha256:93bdef63c0fdf46015b81e9a3b95d6879217bb31d02bb37d2a12bbfd52200d6f#/write/operationMetadata/insert_one/acceptsComment,tests/unit/test_cxp_exchange_catalog.py: owner-source equality and compatible cases,"tests/unit/test_cxp_exchange_catalog.py: mismatch, omission and invalid-shape cases",source and pin verified; downstream consumer adoption pending
Mongoeco,src/mongoeco/cxp/exchange/data/operational-metadata.json,93bdef63c0fdf46015b81e9a3b95d6879217bb31d02bb37d2a12bbfd52200d6f,/write/operationMetadata/insert_one/acceptsDocument,typed or bound owner claim at /write/operationMetadata/insert_one/acceptsDocument,capability=write; operation=insert_one,Mongoeco exchange requirements and public profile evaluation,operational-metadata.json#/write/operationMetadata/insert_one/acceptsDocument,Mongoeco,org.mongoeco:mongodb@1.1.0 /write/insert_one.acceptsDocument,exchange_exact,org.mongoeco:mongodb@1.1.0 /write/insert_one.acceptsDocument; owner sha256:93bdef63c0fdf46015b81e9a3b95d6879217bb31d02bb37d2a12bbfd52200d6f#/write/operationMetadata/insert_one/acceptsDocument,tests/unit/test_cxp_exchange_catalog.py: owner-source equality and compatible cases,"tests/unit/test_cxp_exchange_catalog.py: mismatch, omission and invalid-shape cases",source and pin verified; downstream consumer adoption pending
Mongoeco,src/mongoeco/cxp/exchange/data/operational-metadata.json,93bdef63c0fdf46015b81e9a3b95d6879217bb31d02bb37d2a12bbfd52200d6f,/write/operationMetadata/insert_one/collectionScoped,typed or bound owner claim at /write/operationMetadata/insert_one/collectionScoped,capability=write; operation=insert_one,Mongoeco exchange requirements and public profile evaluation,operational-metadata.json#/write/operationMetadata/insert_one/collectionScoped,Mongoeco,org.mongoeco:mongodb@1.1.0 /write/insert_one.collectionScoped,exchange_exact,org.mongoeco:mongodb@1.1.0 /write/insert_one.collectionScoped; owner sha256:93bdef63c0fdf46015b81e9a3b95d6879217bb31d02bb37d2a12bbfd52200d6f#/write/operationMetadata/insert_one/collectionScoped,tests/unit/test_cxp_exchange_catalog.py: owner-source equality and compatible cases,"tests/unit/test_cxp_exchange_catalog.py: mismatch, omission and invalid-shape cases",source and pin verified; downstream consumer adoption pending
Mongoeco,src/mongoeco/cxp/exchange/data/operational-metadata.json,93bdef63c0fdf46015b81e9a3b95d6879217bb31d02bb37d2a12bbfd52200d6f,/write/operationMetadata/insert_one/resultType,typed or bound owner claim at /write/operationMetadata/insert_one/resultType,capability=write; operation=insert_one,Mongoeco exchange requirements and public profile evaluation,operational-metadata.json#/write/operationMetadata/insert_one/resultType,Mongoeco,org.mongoeco:result.insert_result:1,exchange_exact,org.mongoeco:result.insert_result:1; owner sha256:93bdef63c0fdf46015b81e9a3b95d6879217bb31d02bb37d2a12bbfd52200d6f#/write/operationMetadata/insert_one/resultType,tests/unit/test_cxp_exchange_catalog.py: owner-source equality and compatible cases,"tests/unit/test_cxp_exchange_catalog.py: mismatch, omission and invalid-shape cases",source and pin verified; downstream consumer adoption pending
Mongoeco,src/mongoeco/cxp/exchange/data/operational-metadata.json,93bdef63c0fdf46015b81e9a3b95d6879217bb31d02bb37d2a12bbfd52200d6f,/write/operationMetadata/insert_one/supportedOptions,typed or bound owner claim at /write/operationMetadata/insert_one/supportedOptions,capability=write; operation=insert_one,Mongoeco exchange requirements and public profile evaluation,operational-metadata.json#/write/operationMetadata/insert_one/supportedOptions,Mongoeco,org.mongoeco:mongodb@1.1.0 /write/insert_one.supportedOptions,exchange_exact,org.mongoeco:mongodb@1.1.0 /write/insert_one.supportedOptions; owner sha256:93bdef63c0fdf46015b81e9a3b95d6879217bb31d02bb37d2a12bbfd52200d6f#/write/operationMetadata/insert_one/supportedOptions,tests/unit/test_cxp_exchange_catalog.py: owner-source equality and compatible cases,"tests/unit/test_cxp_exchange_catalog.py: mismatch, omission and invalid-shape cases",source and pin verified; downstream consumer adoption pending
Mongoeco,src/mongoeco/cxp/exchange/data/operational-metadata.json,93bdef63c0fdf46015b81e9a3b95d6879217bb31d02bb37d2a12bbfd52200d6f,/write/operationMetadata/insert_one/supportsExplain,typed or bound owner claim at /write/operationMetadata/insert_one/supportsExplain,capability=write; operation=insert_one,Mongoeco exchange requirements and public profile evaluation,operational-metadata.json#/write/operationMetadata/insert_one/supportsExplain,Mongoeco,org.mongoeco:mongodb@1.1.0 /write/insert_one.supportsExplain,exchange_exact,org.mongoeco:mongodb@1.1.0 /write/insert_one.supportsExplain; owner sha256:93bdef63c0fdf46015b81e9a3b95d6879217bb31d02bb37d2a12bbfd52200d6f#/write/operationMetadata/insert_one/supportsExplain,tests/unit/test_cxp_exchange_catalog.py: owner-source equality and compatible cases,"tests/unit/test_cxp_exchange_catalog.py: mismatch, omission and invalid-shape cases",source and pin verified; downstream consumer adoption pending
Mongoeco,src/mongoeco/cxp/exchange/data/operational-metadata.json,93bdef63c0fdf46015b81e9a3b95d6879217bb31d02bb37d2a12bbfd52200d6f,/write/operationMetadata/insert_one/supportsSession,typed or bound owner claim at /write/operationMetadata/insert_one/supportsSession,capability=write; operation=insert_one,Mongoeco exchange requirements and public profile evaluation,operational-metadata.json#/write/operationMetadata/insert_one/supportsSession,Mongoeco,org.mongoeco:mongodb@1.1.0 /write/insert_one.supportsSession,exchange_exact,org.mongoeco:mongodb@1.1.0 /write/insert_one.supportsSession; owner sha256:93bdef63c0fdf46015b81e9a3b95d6879217bb31d02bb37d2a12bbfd52200d6f#/write/operationMetadata/insert_one/supportsSession,tests/unit/test_cxp_exchange_catalog.py: owner-source equality and compatible cases,"tests/unit/test_cxp_exchange_catalog.py: mismatch, omission and invalid-shape cases",source and pin verified; downstream consumer adoption pending
Mongoeco,src/mongoeco/cxp/exchange/data/operational-metadata.json,93bdef63c0fdf46015b81e9a3b95d6879217bb31d02bb37d2a12bbfd52200d6f,/write/operationMetadata/insert_one/unsupportedOptions,typed or bound owner claim at /write/operationMetadata/insert_one/unsupportedOptions,capability=write; operation=insert_one,Mongoeco exchange requirements and public profile evaluation,operational-metadata.json#/write/operationMetadata/insert_one/unsupportedOptions,Mongoeco,org.mongoeco:mongodb@1.1.0 /write/insert_one.unsupportedOptions,exchange_exact,org.mongoeco:mongodb@1.1.0 /write/insert_one.unsupportedOptions; owner sha256:93bdef63c0fdf46015b81e9a3b95d6879217bb31d02bb37d2a12bbfd52200d6f#/write/operationMetadata/insert_one/unsupportedOptions,tests/unit/test_cxp_exchange_catalog.py: owner-source equality and compatible cases,"tests/unit/test_cxp_exchange_catalog.py: mismatch, omission and invalid-shape cases",source and pin verified; downstream consumer adoption pending
Mongoeco,src/mongoeco/cxp/exchange/data/operational-metadata.json,93bdef63c0fdf46015b81e9a3b95d6879217bb31d02bb37d2a12bbfd52200d6f,/write/operationMetadata/replace_one/acceptedNoopOptions,typed or bound owner claim at /write/operationMetadata/replace_one/acceptedNoopOptions,capability=write; operation=replace_one,Mongoeco exchange requirements and public profile evaluation,operational-metadata.json#/write/operationMetadata/replace_one/acceptedNoopOptions,Mongoeco,org.mongoeco:mongodb@1.1.0 /write/replace_one.acceptedNoopOptions,exchange_exact,org.mongoeco:mongodb@1.1.0 /write/replace_one.acceptedNoopOptions; owner sha256:93bdef63c0fdf46015b81e9a3b95d6879217bb31d02bb37d2a12bbfd52200d6f#/write/operationMetadata/replace_one/acceptedNoopOptions,tests/unit/test_cxp_exchange_catalog.py: owner-source equality and compatible cases,"tests/unit/test_cxp_exchange_catalog.py: mismatch, omission and invalid-shape cases",source and pin verified; downstream consumer adoption pending
Mongoeco,src/mongoeco/cxp/exchange/data/operational-metadata.json,93bdef63c0fdf46015b81e9a3b95d6879217bb31d02bb37d2a12bbfd52200d6f,/write/operationMetadata/replace_one/acceptsCollation,typed or bound owner claim at /write/operationMetadata/replace_one/acceptsCollation,capability=write; operation=replace_one,Mongoeco exchange requirements and public profile evaluation,operational-metadata.json#/write/operationMetadata/replace_one/acceptsCollation,Mongoeco,org.mongoeco:mongodb@1.1.0 /write/replace_one.acceptsCollation,exchange_exact,org.mongoeco:mongodb@1.1.0 /write/replace_one.acceptsCollation; owner sha256:93bdef63c0fdf46015b81e9a3b95d6879217bb31d02bb37d2a12bbfd52200d6f#/write/operationMetadata/replace_one/acceptsCollation,tests/unit/test_cxp_exchange_catalog.py: owner-source equality and compatible cases,"tests/unit/test_cxp_exchange_catalog.py: mismatch, omission and invalid-shape cases",source and pin verified; downstream consumer adoption pending
Mongoeco,src/mongoeco/cxp/exchange/data/operational-metadata.json,93bdef63c0fdf46015b81e9a3b95d6879217bb31d02bb37d2a12bbfd52200d6f,/write/operationMetadata/replace_one/acceptsComment,typed or bound owner claim at /write/operationMetadata/replace_one/acceptsComment,capability=write; operation=replace_one,Mongoeco exchange requirements and public profile evaluation,operational-metadata.json#/write/operationMetadata/replace_one/acceptsComment,Mongoeco,org.mongoeco:mongodb@1.1.0 /write/replace_one.acceptsComment,exchange_exact,org.mongoeco:mongodb@1.1.0 /write/replace_one.acceptsComment; owner sha256:93bdef63c0fdf46015b81e9a3b95d6879217bb31d02bb37d2a12bbfd52200d6f#/write/operationMetadata/replace_one/acceptsComment,tests/unit/test_cxp_exchange_catalog.py: owner-source equality and compatible cases,"tests/unit/test_cxp_exchange_catalog.py: mismatch, omission and invalid-shape cases",source and pin verified; downstream consumer adoption pending
Mongoeco,src/mongoeco/cxp/exchange/data/operational-metadata.json,93bdef63c0fdf46015b81e9a3b95d6879217bb31d02bb37d2a12bbfd52200d6f,/write/operationMetadata/replace_one/acceptsFilter,typed or bound owner claim at /write/operationMetadata/replace_one/acceptsFilter,capability=write; operation=replace_one,Mongoeco exchange requirements and public profile evaluation,operational-metadata.json#/write/operationMetadata/replace_one/acceptsFilter,Mongoeco,org.mongoeco:mongodb@1.1.0 /write/replace_one.acceptsFilter,exchange_exact,org.mongoeco:mongodb@1.1.0 /write/replace_one.acceptsFilter; owner sha256:93bdef63c0fdf46015b81e9a3b95d6879217bb31d02bb37d2a12bbfd52200d6f#/write/operationMetadata/replace_one/acceptsFilter,tests/unit/test_cxp_exchange_catalog.py: owner-source equality and compatible cases,"tests/unit/test_cxp_exchange_catalog.py: mismatch, omission and invalid-shape cases",source and pin verified; downstream consumer adoption pending
Mongoeco,src/mongoeco/cxp/exchange/data/operational-metadata.json,93bdef63c0fdf46015b81e9a3b95d6879217bb31d02bb37d2a12bbfd52200d6f,/write/operationMetadata/replace_one/acceptsHint,typed or bound owner claim at /write/operationMetadata/replace_one/acceptsHint,capability=write; operation=replace_one,Mongoeco exchange requirements and public profile evaluation,operational-metadata.json#/write/operationMetadata/replace_one/acceptsHint,Mongoeco,org.mongoeco:mongodb@1.1.0 /write/replace_one.acceptsHint,exchange_exact,org.mongoeco:mongodb@1.1.0 /write/replace_one.acceptsHint; owner sha256:93bdef63c0fdf46015b81e9a3b95d6879217bb31d02bb37d2a12bbfd52200d6f#/write/operationMetadata/replace_one/acceptsHint,tests/unit/test_cxp_exchange_catalog.py: owner-source equality and compatible cases,"tests/unit/test_cxp_exchange_catalog.py: mismatch, omission and invalid-shape cases",source and pin verified; downstream consumer adoption pending
Mongoeco,src/mongoeco/cxp/exchange/data/operational-metadata.json,93bdef63c0fdf46015b81e9a3b95d6879217bb31d02bb37d2a12bbfd52200d6f,/write/operationMetadata/replace_one/acceptsLet,typed or bound owner claim at /write/operationMetadata/replace_one/acceptsLet,capability=write; operation=replace_one,Mongoeco exchange requirements and public profile evaluation,operational-metadata.json#/write/operationMetadata/replace_one/acceptsLet,Mongoeco,org.mongoeco:mongodb@1.1.0 /write/replace_one.acceptsLet,exchange_exact,org.mongoeco:mongodb@1.1.0 /write/replace_one.acceptsLet; owner sha256:93bdef63c0fdf46015b81e9a3b95d6879217bb31d02bb37d2a12bbfd52200d6f#/write/operationMetadata/replace_one/acceptsLet,tests/unit/test_cxp_exchange_catalog.py: owner-source equality and compatible cases,"tests/unit/test_cxp_exchange_catalog.py: mismatch, omission and invalid-shape cases",source and pin verified; downstream consumer adoption pending
Mongoeco,src/mongoeco/cxp/exchange/data/operational-metadata.json,93bdef63c0fdf46015b81e9a3b95d6879217bb31d02bb37d2a12bbfd52200d6f,/write/operationMetadata/replace_one/acceptsReplacementDocument,typed or bound owner claim at /write/operationMetadata/replace_one/acceptsReplacementDocument,capability=write; operation=replace_one,Mongoeco exchange requirements and public profile evaluation,operational-metadata.json#/write/operationMetadata/replace_one/acceptsReplacementDocument,Mongoeco,org.mongoeco:mongodb@1.1.0 /write/replace_one.acceptsReplacementDocument,exchange_exact,org.mongoeco:mongodb@1.1.0 /write/replace_one.acceptsReplacementDocument; owner sha256:93bdef63c0fdf46015b81e9a3b95d6879217bb31d02bb37d2a12bbfd52200d6f#/write/operationMetadata/replace_one/acceptsReplacementDocument,tests/unit/test_cxp_exchange_catalog.py: owner-source equality and compatible cases,"tests/unit/test_cxp_exchange_catalog.py: mismatch, omission and invalid-shape cases",source and pin verified; downstream consumer adoption pending
Mongoeco,src/mongoeco/cxp/exchange/data/operational-metadata.json,93bdef63c0fdf46015b81e9a3b95d6879217bb31d02bb37d2a12bbfd52200d6f,/write/operationMetadata/replace_one/acceptsSort,typed or bound owner claim at /write/operationMetadata/replace_one/acceptsSort,capability=write; operation=replace_one,Mongoeco exchange requirements and public profile evaluation,operational-metadata.json#/write/operationMetadata/replace_one/acceptsSort,Mongoeco,org.mongoeco:mongodb@1.1.0 /write/replace_one.acceptsSort,exchange_exact,org.mongoeco:mongodb@1.1.0 /write/replace_one.acceptsSort; owner sha256:93bdef63c0fdf46015b81e9a3b95d6879217bb31d02bb37d2a12bbfd52200d6f#/write/operationMetadata/replace_one/acceptsSort,tests/unit/test_cxp_exchange_catalog.py: owner-source equality and compatible cases,"tests/unit/test_cxp_exchange_catalog.py: mismatch, omission and invalid-shape cases",source and pin verified; downstream consumer adoption pending
Mongoeco,src/mongoeco/cxp/exchange/data/operational-metadata.json,93bdef63c0fdf46015b81e9a3b95d6879217bb31d02bb37d2a12bbfd52200d6f,/write/operationMetadata/replace_one/collectionScoped,typed or bound owner claim at /write/operationMetadata/replace_one/collectionScoped,capability=write; operation=replace_one,Mongoeco exchange requirements and public profile evaluation,operational-metadata.json#/write/operationMetadata/replace_one/collectionScoped,Mongoeco,org.mongoeco:mongodb@1.1.0 /write/replace_one.collectionScoped,exchange_exact,org.mongoeco:mongodb@1.1.0 /write/replace_one.collectionScoped; owner sha256:93bdef63c0fdf46015b81e9a3b95d6879217bb31d02bb37d2a12bbfd52200d6f#/write/operationMetadata/replace_one/collectionScoped,tests/unit/test_cxp_exchange_catalog.py: owner-source equality and compatible cases,"tests/unit/test_cxp_exchange_catalog.py: mismatch, omission and invalid-shape cases",source and pin verified; downstream consumer adoption pending
Mongoeco,src/mongoeco/cxp/exchange/data/operational-metadata.json,93bdef63c0fdf46015b81e9a3b95d6879217bb31d02bb37d2a12bbfd52200d6f,/write/operationMetadata/replace_one/resultType,typed or bound owner claim at /write/operationMetadata/replace_one/resultType,capability=write; operation=replace_one,Mongoeco exchange requirements and public profile evaluation,operational-metadata.json#/write/operationMetadata/replace_one/resultType,Mongoeco,org.mongoeco:result.update_result:1,exchange_exact,org.mongoeco:result.update_result:1; owner sha256:93bdef63c0fdf46015b81e9a3b95d6879217bb31d02bb37d2a12bbfd52200d6f#/write/operationMetadata/replace_one/resultType,tests/unit/test_cxp_exchange_catalog.py: owner-source equality and compatible cases,"tests/unit/test_cxp_exchange_catalog.py: mismatch, omission and invalid-shape cases",source and pin verified; downstream consumer adoption pending
Mongoeco,src/mongoeco/cxp/exchange/data/operational-metadata.json,93bdef63c0fdf46015b81e9a3b95d6879217bb31d02bb37d2a12bbfd52200d6f,/write/operationMetadata/replace_one/supportedOptions,typed or bound owner claim at /write/operationMetadata/replace_one/supportedOptions,capability=write; operation=replace_one,Mongoeco exchange requirements and public profile evaluation,operational-metadata.json#/write/operationMetadata/replace_one/supportedOptions,Mongoeco,org.mongoeco:mongodb@1.1.0 /write/replace_one.supportedOptions,exchange_exact,org.mongoeco:mongodb@1.1.0 /write/replace_one.supportedOptions; owner sha256:93bdef63c0fdf46015b81e9a3b95d6879217bb31d02bb37d2a12bbfd52200d6f#/write/operationMetadata/replace_one/supportedOptions,tests/unit/test_cxp_exchange_catalog.py: owner-source equality and compatible cases,"tests/unit/test_cxp_exchange_catalog.py: mismatch, omission and invalid-shape cases",source and pin verified; downstream consumer adoption pending
Mongoeco,src/mongoeco/cxp/exchange/data/operational-metadata.json,93bdef63c0fdf46015b81e9a3b95d6879217bb31d02bb37d2a12bbfd52200d6f,/write/operationMetadata/replace_one/supportsExplain,typed or bound owner claim at /write/operationMetadata/replace_one/supportsExplain,capability=write; operation=replace_one,Mongoeco exchange requirements and public profile evaluation,operational-metadata.json#/write/operationMetadata/replace_one/supportsExplain,Mongoeco,org.mongoeco:mongodb@1.1.0 /write/replace_one.supportsExplain,exchange_exact,org.mongoeco:mongodb@1.1.0 /write/replace_one.supportsExplain; owner sha256:93bdef63c0fdf46015b81e9a3b95d6879217bb31d02bb37d2a12bbfd52200d6f#/write/operationMetadata/replace_one/supportsExplain,tests/unit/test_cxp_exchange_catalog.py: owner-source equality and compatible cases,"tests/unit/test_cxp_exchange_catalog.py: mismatch, omission and invalid-shape cases",source and pin verified; downstream consumer adoption pending
Mongoeco,src/mongoeco/cxp/exchange/data/operational-metadata.json,93bdef63c0fdf46015b81e9a3b95d6879217bb31d02bb37d2a12bbfd52200d6f,/write/operationMetadata/replace_one/supportsReplacementDocument,typed or bound owner claim at /write/operationMetadata/replace_one/supportsReplacementDocument,capability=write; operation=replace_one,Mongoeco exchange requirements and public profile evaluation,operational-metadata.json#/write/operationMetadata/replace_one/supportsReplacementDocument,Mongoeco,org.mongoeco:mongodb@1.1.0 /write/replace_one.supportsReplacementDocument,exchange_exact,org.mongoeco:mongodb@1.1.0 /write/replace_one.supportsReplacementDocument; owner sha256:93bdef63c0fdf46015b81e9a3b95d6879217bb31d02bb37d2a12bbfd52200d6f#/write/operationMetadata/replace_one/supportsReplacementDocument,tests/unit/test_cxp_exchange_catalog.py: owner-source equality and compatible cases,"tests/unit/test_cxp_exchange_catalog.py: mismatch, omission and invalid-shape cases",source and pin verified; downstream consumer adoption pending
Mongoeco,src/mongoeco/cxp/exchange/data/operational-metadata.json,93bdef63c0fdf46015b81e9a3b95d6879217bb31d02bb37d2a12bbfd52200d6f,/write/operationMetadata/replace_one/supportsSession,typed or bound owner claim at /write/operationMetadata/replace_one/supportsSession,capability=write; operation=replace_one,Mongoeco exchange requirements and public profile evaluation,operational-metadata.json#/write/operationMetadata/replace_one/supportsSession,Mongoeco,org.mongoeco:mongodb@1.1.0 /write/replace_one.supportsSession,exchange_exact,org.mongoeco:mongodb@1.1.0 /write/replace_one.supportsSession; owner sha256:93bdef63c0fdf46015b81e9a3b95d6879217bb31d02bb37d2a12bbfd52200d6f#/write/operationMetadata/replace_one/supportsSession,tests/unit/test_cxp_exchange_catalog.py: owner-source equality and compatible cases,"tests/unit/test_cxp_exchange_catalog.py: mismatch, omission and invalid-shape cases",source and pin verified; downstream consumer adoption pending
Mongoeco,src/mongoeco/cxp/exchange/data/operational-metadata.json,93bdef63c0fdf46015b81e9a3b95d6879217bb31d02bb37d2a12bbfd52200d6f,/write/operationMetadata/replace_one/supportsUpsert,typed or bound owner claim at /write/operationMetadata/replace_one/supportsUpsert,capability=write; operation=replace_one,Mongoeco exchange requirements and public profile evaluation,operational-metadata.json#/write/operationMetadata/replace_one/supportsUpsert,Mongoeco,org.mongoeco:mongodb@1.1.0 /write/replace_one.supportsUpsert,exchange_exact,org.mongoeco:mongodb@1.1.0 /write/replace_one.supportsUpsert; owner sha256:93bdef63c0fdf46015b81e9a3b95d6879217bb31d02bb37d2a12bbfd52200d6f#/write/operationMetadata/replace_one/supportsUpsert,tests/unit/test_cxp_exchange_catalog.py: owner-source equality and compatible cases,"tests/unit/test_cxp_exchange_catalog.py: mismatch, omission and invalid-shape cases",source and pin verified; downstream consumer adoption pending
Mongoeco,src/mongoeco/cxp/exchange/data/operational-metadata.json,93bdef63c0fdf46015b81e9a3b95d6879217bb31d02bb37d2a12bbfd52200d6f,/write/operationMetadata/replace_one/unsupportedOptions,typed or bound owner claim at /write/operationMetadata/replace_one/unsupportedOptions,capability=write; operation=replace_one,Mongoeco exchange requirements and public profile evaluation,operational-metadata.json#/write/operationMetadata/replace_one/unsupportedOptions,Mongoeco,org.mongoeco:mongodb@1.1.0 /write/replace_one.unsupportedOptions,exchange_exact,org.mongoeco:mongodb@1.1.0 /write/replace_one.unsupportedOptions; owner sha256:93bdef63c0fdf46015b81e9a3b95d6879217bb31d02bb37d2a12bbfd52200d6f#/write/operationMetadata/replace_one/unsupportedOptions,tests/unit/test_cxp_exchange_catalog.py: owner-source equality and compatible cases,"tests/unit/test_cxp_exchange_catalog.py: mismatch, omission and invalid-shape cases",source and pin verified; downstream consumer adoption pending
Mongoeco,src/mongoeco/cxp/exchange/data/operational-metadata.json,93bdef63c0fdf46015b81e9a3b95d6879217bb31d02bb37d2a12bbfd52200d6f,/write/operationMetadata/update_many/acceptedNoopOptions,typed or bound owner claim at /write/operationMetadata/update_many/acceptedNoopOptions,capability=write; operation=update_many,Mongoeco exchange requirements and public profile evaluation,operational-metadata.json#/write/operationMetadata/update_many/acceptedNoopOptions,Mongoeco,org.mongoeco:mongodb@1.1.0 /write/update_many.acceptedNoopOptions,exchange_exact,org.mongoeco:mongodb@1.1.0 /write/update_many.acceptedNoopOptions; owner sha256:93bdef63c0fdf46015b81e9a3b95d6879217bb31d02bb37d2a12bbfd52200d6f#/write/operationMetadata/update_many/acceptedNoopOptions,tests/unit/test_cxp_exchange_catalog.py: owner-source equality and compatible cases,"tests/unit/test_cxp_exchange_catalog.py: mismatch, omission and invalid-shape cases",source and pin verified; downstream consumer adoption pending
Mongoeco,src/mongoeco/cxp/exchange/data/operational-metadata.json,93bdef63c0fdf46015b81e9a3b95d6879217bb31d02bb37d2a12bbfd52200d6f,/write/operationMetadata/update_many/acceptsArrayFilters,typed or bound owner claim at /write/operationMetadata/update_many/acceptsArrayFilters,capability=write; operation=update_many,Mongoeco exchange requirements and public profile evaluation,operational-metadata.json#/write/operationMetadata/update_many/acceptsArrayFilters,Mongoeco,org.mongoeco:mongodb@1.1.0 /write/update_many.acceptsArrayFilters,exchange_exact,org.mongoeco:mongodb@1.1.0 /write/update_many.acceptsArrayFilters; owner sha256:93bdef63c0fdf46015b81e9a3b95d6879217bb31d02bb37d2a12bbfd52200d6f#/write/operationMetadata/update_many/acceptsArrayFilters,tests/unit/test_cxp_exchange_catalog.py: owner-source equality and compatible cases,"tests/unit/test_cxp_exchange_catalog.py: mismatch, omission and invalid-shape cases",source and pin verified; downstream consumer adoption pending
Mongoeco,src/mongoeco/cxp/exchange/data/operational-metadata.json,93bdef63c0fdf46015b81e9a3b95d6879217bb31d02bb37d2a12bbfd52200d6f,/write/operationMetadata/update_many/acceptsCollation,typed or bound owner claim at /write/operationMetadata/update_many/acceptsCollation,capability=write; operation=update_many,Mongoeco exchange requirements and public profile evaluation,operational-metadata.json#/write/operationMetadata/update_many/acceptsCollation,Mongoeco,org.mongoeco:mongodb@1.1.0 /write/update_many.acceptsCollation,exchange_exact,org.mongoeco:mongodb@1.1.0 /write/update_many.acceptsCollation; owner sha256:93bdef63c0fdf46015b81e9a3b95d6879217bb31d02bb37d2a12bbfd52200d6f#/write/operationMetadata/update_many/acceptsCollation,tests/unit/test_cxp_exchange_catalog.py: owner-source equality and compatible cases,"tests/unit/test_cxp_exchange_catalog.py: mismatch, omission and invalid-shape cases",source and pin verified; downstream consumer adoption pending
Mongoeco,src/mongoeco/cxp/exchange/data/operational-metadata.json,93bdef63c0fdf46015b81e9a3b95d6879217bb31d02bb37d2a12bbfd52200d6f,/write/operationMetadata/update_many/acceptsComment,typed or bound owner claim at /write/operationMetadata/update_many/acceptsComment,capability=write; operation=update_many,Mongoeco exchange requirements and public profile evaluation,operational-metadata.json#/write/operationMetadata/update_many/acceptsComment,Mongoeco,org.mongoeco:mongodb@1.1.0 /write/update_many.acceptsComment,exchange_exact,org.mongoeco:mongodb@1.1.0 /write/update_many.acceptsComment; owner sha256:93bdef63c0fdf46015b81e9a3b95d6879217bb31d02bb37d2a12bbfd52200d6f#/write/operationMetadata/update_many/acceptsComment,tests/unit/test_cxp_exchange_catalog.py: owner-source equality and compatible cases,"tests/unit/test_cxp_exchange_catalog.py: mismatch, omission and invalid-shape cases",source and pin verified; downstream consumer adoption pending
Mongoeco,src/mongoeco/cxp/exchange/data/operational-metadata.json,93bdef63c0fdf46015b81e9a3b95d6879217bb31d02bb37d2a12bbfd52200d6f,/write/operationMetadata/update_many/acceptsFilter,typed or bound owner claim at /write/operationMetadata/update_many/acceptsFilter,capability=write; operation=update_many,Mongoeco exchange requirements and public profile evaluation,operational-metadata.json#/write/operationMetadata/update_many/acceptsFilter,Mongoeco,org.mongoeco:mongodb@1.1.0 /write/update_many.acceptsFilter,exchange_exact,org.mongoeco:mongodb@1.1.0 /write/update_many.acceptsFilter; owner sha256:93bdef63c0fdf46015b81e9a3b95d6879217bb31d02bb37d2a12bbfd52200d6f#/write/operationMetadata/update_many/acceptsFilter,tests/unit/test_cxp_exchange_catalog.py: owner-source equality and compatible cases,"tests/unit/test_cxp_exchange_catalog.py: mismatch, omission and invalid-shape cases",source and pin verified; downstream consumer adoption pending
Mongoeco,src/mongoeco/cxp/exchange/data/operational-metadata.json,93bdef63c0fdf46015b81e9a3b95d6879217bb31d02bb37d2a12bbfd52200d6f,/write/operationMetadata/update_many/acceptsHint,typed or bound owner claim at /write/operationMetadata/update_many/acceptsHint,capability=write; operation=update_many,Mongoeco exchange requirements and public profile evaluation,operational-metadata.json#/write/operationMetadata/update_many/acceptsHint,Mongoeco,org.mongoeco:mongodb@1.1.0 /write/update_many.acceptsHint,exchange_exact,org.mongoeco:mongodb@1.1.0 /write/update_many.acceptsHint; owner sha256:93bdef63c0fdf46015b81e9a3b95d6879217bb31d02bb37d2a12bbfd52200d6f#/write/operationMetadata/update_many/acceptsHint,tests/unit/test_cxp_exchange_catalog.py: owner-source equality and compatible cases,"tests/unit/test_cxp_exchange_catalog.py: mismatch, omission and invalid-shape cases",source and pin verified; downstream consumer adoption pending
Mongoeco,src/mongoeco/cxp/exchange/data/operational-metadata.json,93bdef63c0fdf46015b81e9a3b95d6879217bb31d02bb37d2a12bbfd52200d6f,/write/operationMetadata/update_many/acceptsLet,typed or bound owner claim at /write/operationMetadata/update_many/acceptsLet,capability=write; operation=update_many,Mongoeco exchange requirements and public profile evaluation,operational-metadata.json#/write/operationMetadata/update_many/acceptsLet,Mongoeco,org.mongoeco:mongodb@1.1.0 /write/update_many.acceptsLet,exchange_exact,org.mongoeco:mongodb@1.1.0 /write/update_many.acceptsLet; owner sha256:93bdef63c0fdf46015b81e9a3b95d6879217bb31d02bb37d2a12bbfd52200d6f#/write/operationMetadata/update_many/acceptsLet,tests/unit/test_cxp_exchange_catalog.py: owner-source equality and compatible cases,"tests/unit/test_cxp_exchange_catalog.py: mismatch, omission and invalid-shape cases",source and pin verified; downstream consumer adoption pending
Mongoeco,src/mongoeco/cxp/exchange/data/operational-metadata.json,93bdef63c0fdf46015b81e9a3b95d6879217bb31d02bb37d2a12bbfd52200d6f,/write/operationMetadata/update_many/acceptsSort,typed or bound owner claim at /write/operationMetadata/update_many/acceptsSort,capability=write; operation=update_many,Mongoeco exchange requirements and public profile evaluation,operational-metadata.json#/write/operationMetadata/update_many/acceptsSort,Mongoeco,org.mongoeco:mongodb@1.1.0 /write/update_many.acceptsSort,exchange_exact,org.mongoeco:mongodb@1.1.0 /write/update_many.acceptsSort; owner sha256:93bdef63c0fdf46015b81e9a3b95d6879217bb31d02bb37d2a12bbfd52200d6f#/write/operationMetadata/update_many/acceptsSort,tests/unit/test_cxp_exchange_catalog.py: owner-source equality and compatible cases,"tests/unit/test_cxp_exchange_catalog.py: mismatch, omission and invalid-shape cases",source and pin verified; downstream consumer adoption pending
Mongoeco,src/mongoeco/cxp/exchange/data/operational-metadata.json,93bdef63c0fdf46015b81e9a3b95d6879217bb31d02bb37d2a12bbfd52200d6f,/write/operationMetadata/update_many/acceptsUpdateDocument,typed or bound owner claim at /write/operationMetadata/update_many/acceptsUpdateDocument,capability=write; operation=update_many,Mongoeco exchange requirements and public profile evaluation,operational-metadata.json#/write/operationMetadata/update_many/acceptsUpdateDocument,Mongoeco,org.mongoeco:mongodb@1.1.0 /write/update_many.acceptsUpdateDocument,exchange_exact,org.mongoeco:mongodb@1.1.0 /write/update_many.acceptsUpdateDocument; owner sha256:93bdef63c0fdf46015b81e9a3b95d6879217bb31d02bb37d2a12bbfd52200d6f#/write/operationMetadata/update_many/acceptsUpdateDocument,tests/unit/test_cxp_exchange_catalog.py: owner-source equality and compatible cases,"tests/unit/test_cxp_exchange_catalog.py: mismatch, omission and invalid-shape cases",source and pin verified; downstream consumer adoption pending
Mongoeco,src/mongoeco/cxp/exchange/data/operational-metadata.json,93bdef63c0fdf46015b81e9a3b95d6879217bb31d02bb37d2a12bbfd52200d6f,/write/operationMetadata/update_many/collectionScoped,typed or bound owner claim at /write/operationMetadata/update_many/collectionScoped,capability=write; operation=update_many,Mongoeco exchange requirements and public profile evaluation,operational-metadata.json#/write/operationMetadata/update_many/collectionScoped,Mongoeco,org.mongoeco:mongodb@1.1.0 /write/update_many.collectionScoped,exchange_exact,org.mongoeco:mongodb@1.1.0 /write/update_many.collectionScoped; owner sha256:93bdef63c0fdf46015b81e9a3b95d6879217bb31d02bb37d2a12bbfd52200d6f#/write/operationMetadata/update_many/collectionScoped,tests/unit/test_cxp_exchange_catalog.py: owner-source equality and compatible cases,"tests/unit/test_cxp_exchange_catalog.py: mismatch, omission and invalid-shape cases",source and pin verified; downstream consumer adoption pending
Mongoeco,src/mongoeco/cxp/exchange/data/operational-metadata.json,93bdef63c0fdf46015b81e9a3b95d6879217bb31d02bb37d2a12bbfd52200d6f,/write/operationMetadata/update_many/resultType,typed or bound owner claim at /write/operationMetadata/update_many/resultType,capability=write; operation=update_many,Mongoeco exchange requirements and public profile evaluation,operational-metadata.json#/write/operationMetadata/update_many/resultType,Mongoeco,org.mongoeco:result.update_result:1,exchange_exact,org.mongoeco:result.update_result:1; owner sha256:93bdef63c0fdf46015b81e9a3b95d6879217bb31d02bb37d2a12bbfd52200d6f#/write/operationMetadata/update_many/resultType,tests/unit/test_cxp_exchange_catalog.py: owner-source equality and compatible cases,"tests/unit/test_cxp_exchange_catalog.py: mismatch, omission and invalid-shape cases",source and pin verified; downstream consumer adoption pending
Mongoeco,src/mongoeco/cxp/exchange/data/operational-metadata.json,93bdef63c0fdf46015b81e9a3b95d6879217bb31d02bb37d2a12bbfd52200d6f,/write/operationMetadata/update_many/supportedOptions,typed or bound owner claim at /write/operationMetadata/update_many/supportedOptions,capability=write; operation=update_many,Mongoeco exchange requirements and public profile evaluation,operational-metadata.json#/write/operationMetadata/update_many/supportedOptions,Mongoeco,org.mongoeco:mongodb@1.1.0 /write/update_many.supportedOptions,exchange_exact,org.mongoeco:mongodb@1.1.0 /write/update_many.supportedOptions; owner sha256:93bdef63c0fdf46015b81e9a3b95d6879217bb31d02bb37d2a12bbfd52200d6f#/write/operationMetadata/update_many/supportedOptions,tests/unit/test_cxp_exchange_catalog.py: owner-source equality and compatible cases,"tests/unit/test_cxp_exchange_catalog.py: mismatch, omission and invalid-shape cases",source and pin verified; downstream consumer adoption pending
Mongoeco,src/mongoeco/cxp/exchange/data/operational-metadata.json,93bdef63c0fdf46015b81e9a3b95d6879217bb31d02bb37d2a12bbfd52200d6f,/write/operationMetadata/update_many/supportedUpdateOperators,typed or bound owner claim at /write/operationMetadata/update_many/supportedUpdateOperators,capability=write; operation=update_many,Mongoeco exchange requirements and public profile evaluation,operational-metadata.json#/write/operationMetadata/update_many/supportedUpdateOperators,Mongoeco,org.mongoeco:mongodb@1.1.0 /write/update_many.supportedUpdateOperators,exchange_exact,org.mongoeco:mongodb@1.1.0 /write/update_many.supportedUpdateOperators; owner sha256:93bdef63c0fdf46015b81e9a3b95d6879217bb31d02bb37d2a12bbfd52200d6f#/write/operationMetadata/update_many/supportedUpdateOperators,tests/unit/test_cxp_exchange_catalog.py: owner-source equality and compatible cases,"tests/unit/test_cxp_exchange_catalog.py: mismatch, omission and invalid-shape cases",source and pin verified; downstream consumer adoption pending
Mongoeco,src/mongoeco/cxp/exchange/data/operational-metadata.json,93bdef63c0fdf46015b81e9a3b95d6879217bb31d02bb37d2a12bbfd52200d6f,/write/operationMetadata/update_many/supportsExplain,typed or bound owner claim at /write/operationMetadata/update_many/supportsExplain,capability=write; operation=update_many,Mongoeco exchange requirements and public profile evaluation,operational-metadata.json#/write/operationMetadata/update_many/supportsExplain,Mongoeco,org.mongoeco:mongodb@1.1.0 /write/update_many.supportsExplain,exchange_exact,org.mongoeco:mongodb@1.1.0 /write/update_many.supportsExplain; owner sha256:93bdef63c0fdf46015b81e9a3b95d6879217bb31d02bb37d2a12bbfd52200d6f#/write/operationMetadata/update_many/supportsExplain,tests/unit/test_cxp_exchange_catalog.py: owner-source equality and compatible cases,"tests/unit/test_cxp_exchange_catalog.py: mismatch, omission and invalid-shape cases",source and pin verified; downstream consumer adoption pending
Mongoeco,src/mongoeco/cxp/exchange/data/operational-metadata.json,93bdef63c0fdf46015b81e9a3b95d6879217bb31d02bb37d2a12bbfd52200d6f,/write/operationMetadata/update_many/supportsPipelineUpdate,typed or bound owner claim at /write/operationMetadata/update_many/supportsPipelineUpdate,capability=write; operation=update_many,Mongoeco exchange requirements and public profile evaluation,operational-metadata.json#/write/operationMetadata/update_many/supportsPipelineUpdate,Mongoeco,org.mongoeco:mongodb@1.1.0 /write/update_many.supportsPipelineUpdate,exchange_exact,org.mongoeco:mongodb@1.1.0 /write/update_many.supportsPipelineUpdate; owner sha256:93bdef63c0fdf46015b81e9a3b95d6879217bb31d02bb37d2a12bbfd52200d6f#/write/operationMetadata/update_many/supportsPipelineUpdate,tests/unit/test_cxp_exchange_catalog.py: owner-source equality and compatible cases,"tests/unit/test_cxp_exchange_catalog.py: mismatch, omission and invalid-shape cases",source and pin verified; downstream consumer adoption pending
Mongoeco,src/mongoeco/cxp/exchange/data/operational-metadata.json,93bdef63c0fdf46015b81e9a3b95d6879217bb31d02bb37d2a12bbfd52200d6f,/write/operationMetadata/update_many/supportsSession,typed or bound owner claim at /write/operationMetadata/update_many/supportsSession,capability=write; operation=update_many,Mongoeco exchange requirements and public profile evaluation,operational-metadata.json#/write/operationMetadata/update_many/supportsSession,Mongoeco,org.mongoeco:mongodb@1.1.0 /write/update_many.supportsSession,exchange_exact,org.mongoeco:mongodb@1.1.0 /write/update_many.supportsSession; owner sha256:93bdef63c0fdf46015b81e9a3b95d6879217bb31d02bb37d2a12bbfd52200d6f#/write/operationMetadata/update_many/supportsSession,tests/unit/test_cxp_exchange_catalog.py: owner-source equality and compatible cases,"tests/unit/test_cxp_exchange_catalog.py: mismatch, omission and invalid-shape cases",source and pin verified; downstream consumer adoption pending
Mongoeco,src/mongoeco/cxp/exchange/data/operational-metadata.json,93bdef63c0fdf46015b81e9a3b95d6879217bb31d02bb37d2a12bbfd52200d6f,/write/operationMetadata/update_many/supportsUpsert,typed or bound owner claim at /write/operationMetadata/update_many/supportsUpsert,capability=write; operation=update_many,Mongoeco exchange requirements and public profile evaluation,operational-metadata.json#/write/operationMetadata/update_many/supportsUpsert,Mongoeco,org.mongoeco:mongodb@1.1.0 /write/update_many.supportsUpsert,exchange_exact,org.mongoeco:mongodb@1.1.0 /write/update_many.supportsUpsert; owner sha256:93bdef63c0fdf46015b81e9a3b95d6879217bb31d02bb37d2a12bbfd52200d6f#/write/operationMetadata/update_many/supportsUpsert,tests/unit/test_cxp_exchange_catalog.py: owner-source equality and compatible cases,"tests/unit/test_cxp_exchange_catalog.py: mismatch, omission and invalid-shape cases",source and pin verified; downstream consumer adoption pending
Mongoeco,src/mongoeco/cxp/exchange/data/operational-metadata.json,93bdef63c0fdf46015b81e9a3b95d6879217bb31d02bb37d2a12bbfd52200d6f,/write/operationMetadata/update_many/unsupportedOptions,typed or bound owner claim at /write/operationMetadata/update_many/unsupportedOptions,capability=write; operation=update_many,Mongoeco exchange requirements and public profile evaluation,operational-metadata.json#/write/operationMetadata/update_many/unsupportedOptions,Mongoeco,org.mongoeco:mongodb@1.1.0 /write/update_many.unsupportedOptions,exchange_exact,org.mongoeco:mongodb@1.1.0 /write/update_many.unsupportedOptions; owner sha256:93bdef63c0fdf46015b81e9a3b95d6879217bb31d02bb37d2a12bbfd52200d6f#/write/operationMetadata/update_many/unsupportedOptions,tests/unit/test_cxp_exchange_catalog.py: owner-source equality and compatible cases,"tests/unit/test_cxp_exchange_catalog.py: mismatch, omission and invalid-shape cases",source and pin verified; downstream consumer adoption pending
Mongoeco,src/mongoeco/cxp/exchange/data/operational-metadata.json,93bdef63c0fdf46015b81e9a3b95d6879217bb31d02bb37d2a12bbfd52200d6f,/write/operationMetadata/update_one/acceptedNoopOptions,typed or bound owner claim at /write/operationMetadata/update_one/acceptedNoopOptions,capability=write; operation=update_one,Mongoeco exchange requirements and public profile evaluation,operational-metadata.json#/write/operationMetadata/update_one/acceptedNoopOptions,Mongoeco,org.mongoeco:mongodb@1.1.0 /write/update_one.acceptedNoopOptions,exchange_exact,org.mongoeco:mongodb@1.1.0 /write/update_one.acceptedNoopOptions; owner sha256:93bdef63c0fdf46015b81e9a3b95d6879217bb31d02bb37d2a12bbfd52200d6f#/write/operationMetadata/update_one/acceptedNoopOptions,tests/unit/test_cxp_exchange_catalog.py: owner-source equality and compatible cases,"tests/unit/test_cxp_exchange_catalog.py: mismatch, omission and invalid-shape cases",source and pin verified; downstream consumer adoption pending
Mongoeco,src/mongoeco/cxp/exchange/data/operational-metadata.json,93bdef63c0fdf46015b81e9a3b95d6879217bb31d02bb37d2a12bbfd52200d6f,/write/operationMetadata/update_one/acceptsArrayFilters,typed or bound owner claim at /write/operationMetadata/update_one/acceptsArrayFilters,capability=write; operation=update_one,Mongoeco exchange requirements and public profile evaluation,operational-metadata.json#/write/operationMetadata/update_one/acceptsArrayFilters,Mongoeco,org.mongoeco:mongodb@1.1.0 /write/update_one.acceptsArrayFilters,exchange_exact,org.mongoeco:mongodb@1.1.0 /write/update_one.acceptsArrayFilters; owner sha256:93bdef63c0fdf46015b81e9a3b95d6879217bb31d02bb37d2a12bbfd52200d6f#/write/operationMetadata/update_one/acceptsArrayFilters,tests/unit/test_cxp_exchange_catalog.py: owner-source equality and compatible cases,"tests/unit/test_cxp_exchange_catalog.py: mismatch, omission and invalid-shape cases",source and pin verified; downstream consumer adoption pending
Mongoeco,src/mongoeco/cxp/exchange/data/operational-metadata.json,93bdef63c0fdf46015b81e9a3b95d6879217bb31d02bb37d2a12bbfd52200d6f,/write/operationMetadata/update_one/acceptsCollation,typed or bound owner claim at /write/operationMetadata/update_one/acceptsCollation,capability=write; operation=update_one,Mongoeco exchange requirements and public profile evaluation,operational-metadata.json#/write/operationMetadata/update_one/acceptsCollation,Mongoeco,org.mongoeco:mongodb@1.1.0 /write/update_one.acceptsCollation,exchange_exact,org.mongoeco:mongodb@1.1.0 /write/update_one.acceptsCollation; owner sha256:93bdef63c0fdf46015b81e9a3b95d6879217bb31d02bb37d2a12bbfd52200d6f#/write/operationMetadata/update_one/acceptsCollation,tests/unit/test_cxp_exchange_catalog.py: owner-source equality and compatible cases,"tests/unit/test_cxp_exchange_catalog.py: mismatch, omission and invalid-shape cases",source and pin verified; downstream consumer adoption pending
Mongoeco,src/mongoeco/cxp/exchange/data/operational-metadata.json,93bdef63c0fdf46015b81e9a3b95d6879217bb31d02bb37d2a12bbfd52200d6f,/write/operationMetadata/update_one/acceptsComment,typed or bound owner claim at /write/operationMetadata/update_one/acceptsComment,capability=write; operation=update_one,Mongoeco exchange requirements and public profile evaluation,operational-metadata.json#/write/operationMetadata/update_one/acceptsComment,Mongoeco,org.mongoeco:mongodb@1.1.0 /write/update_one.acceptsComment,exchange_exact,org.mongoeco:mongodb@1.1.0 /write/update_one.acceptsComment; owner sha256:93bdef63c0fdf46015b81e9a3b95d6879217bb31d02bb37d2a12bbfd52200d6f#/write/operationMetadata/update_one/acceptsComment,tests/unit/test_cxp_exchange_catalog.py: owner-source equality and compatible cases,"tests/unit/test_cxp_exchange_catalog.py: mismatch, omission and invalid-shape cases",source and pin verified; downstream consumer adoption pending
Mongoeco,src/mongoeco/cxp/exchange/data/operational-metadata.json,93bdef63c0fdf46015b81e9a3b95d6879217bb31d02bb37d2a12bbfd52200d6f,/write/operationMetadata/update_one/acceptsFilter,typed or bound owner claim at /write/operationMetadata/update_one/acceptsFilter,capability=write; operation=update_one,Mongoeco exchange requirements and public profile evaluation,operational-metadata.json#/write/operationMetadata/update_one/acceptsFilter,Mongoeco,org.mongoeco:mongodb@1.1.0 /write/update_one.acceptsFilter,exchange_exact,org.mongoeco:mongodb@1.1.0 /write/update_one.acceptsFilter; owner sha256:93bdef63c0fdf46015b81e9a3b95d6879217bb31d02bb37d2a12bbfd52200d6f#/write/operationMetadata/update_one/acceptsFilter,tests/unit/test_cxp_exchange_catalog.py: owner-source equality and compatible cases,"tests/unit/test_cxp_exchange_catalog.py: mismatch, omission and invalid-shape cases",source and pin verified; downstream consumer adoption pending
Mongoeco,src/mongoeco/cxp/exchange/data/operational-metadata.json,93bdef63c0fdf46015b81e9a3b95d6879217bb31d02bb37d2a12bbfd52200d6f,/write/operationMetadata/update_one/acceptsHint,typed or bound owner claim at /write/operationMetadata/update_one/acceptsHint,capability=write; operation=update_one,Mongoeco exchange requirements and public profile evaluation,operational-metadata.json#/write/operationMetadata/update_one/acceptsHint,Mongoeco,org.mongoeco:mongodb@1.1.0 /write/update_one.acceptsHint,exchange_exact,org.mongoeco:mongodb@1.1.0 /write/update_one.acceptsHint; owner sha256:93bdef63c0fdf46015b81e9a3b95d6879217bb31d02bb37d2a12bbfd52200d6f#/write/operationMetadata/update_one/acceptsHint,tests/unit/test_cxp_exchange_catalog.py: owner-source equality and compatible cases,"tests/unit/test_cxp_exchange_catalog.py: mismatch, omission and invalid-shape cases",source and pin verified; downstream consumer adoption pending
Mongoeco,src/mongoeco/cxp/exchange/data/operational-metadata.json,93bdef63c0fdf46015b81e9a3b95d6879217bb31d02bb37d2a12bbfd52200d6f,/write/operationMetadata/update_one/acceptsLet,typed or bound owner claim at /write/operationMetadata/update_one/acceptsLet,capability=write; operation=update_one,Mongoeco exchange requirements and public profile evaluation,operational-metadata.json#/write/operationMetadata/update_one/acceptsLet,Mongoeco,org.mongoeco:mongodb@1.1.0 /write/update_one.acceptsLet,exchange_exact,org.mongoeco:mongodb@1.1.0 /write/update_one.acceptsLet; owner sha256:93bdef63c0fdf46015b81e9a3b95d6879217bb31d02bb37d2a12bbfd52200d6f#/write/operationMetadata/update_one/acceptsLet,tests/unit/test_cxp_exchange_catalog.py: owner-source equality and compatible cases,"tests/unit/test_cxp_exchange_catalog.py: mismatch, omission and invalid-shape cases",source and pin verified; downstream consumer adoption pending
Mongoeco,src/mongoeco/cxp/exchange/data/operational-metadata.json,93bdef63c0fdf46015b81e9a3b95d6879217bb31d02bb37d2a12bbfd52200d6f,/write/operationMetadata/update_one/acceptsSort,typed or bound owner claim at /write/operationMetadata/update_one/acceptsSort,capability=write; operation=update_one,Mongoeco exchange requirements and public profile evaluation,operational-metadata.json#/write/operationMetadata/update_one/acceptsSort,Mongoeco,org.mongoeco:mongodb@1.1.0 /write/update_one.acceptsSort,exchange_exact,org.mongoeco:mongodb@1.1.0 /write/update_one.acceptsSort; owner sha256:93bdef63c0fdf46015b81e9a3b95d6879217bb31d02bb37d2a12bbfd52200d6f#/write/operationMetadata/update_one/acceptsSort,tests/unit/test_cxp_exchange_catalog.py: owner-source equality and compatible cases,"tests/unit/test_cxp_exchange_catalog.py: mismatch, omission and invalid-shape cases",source and pin verified; downstream consumer adoption pending
Mongoeco,src/mongoeco/cxp/exchange/data/operational-metadata.json,93bdef63c0fdf46015b81e9a3b95d6879217bb31d02bb37d2a12bbfd52200d6f,/write/operationMetadata/update_one/acceptsUpdateDocument,typed or bound owner claim at /write/operationMetadata/update_one/acceptsUpdateDocument,capability=write; operation=update_one,Mongoeco exchange requirements and public profile evaluation,operational-metadata.json#/write/operationMetadata/update_one/acceptsUpdateDocument,Mongoeco,org.mongoeco:mongodb@1.1.0 /write/update_one.acceptsUpdateDocument,exchange_exact,org.mongoeco:mongodb@1.1.0 /write/update_one.acceptsUpdateDocument; owner sha256:93bdef63c0fdf46015b81e9a3b95d6879217bb31d02bb37d2a12bbfd52200d6f#/write/operationMetadata/update_one/acceptsUpdateDocument,tests/unit/test_cxp_exchange_catalog.py: owner-source equality and compatible cases,"tests/unit/test_cxp_exchange_catalog.py: mismatch, omission and invalid-shape cases",source and pin verified; downstream consumer adoption pending
Mongoeco,src/mongoeco/cxp/exchange/data/operational-metadata.json,93bdef63c0fdf46015b81e9a3b95d6879217bb31d02bb37d2a12bbfd52200d6f,/write/operationMetadata/update_one/collectionScoped,typed or bound owner claim at /write/operationMetadata/update_one/collectionScoped,capability=write; operation=update_one,Mongoeco exchange requirements and public profile evaluation,operational-metadata.json#/write/operationMetadata/update_one/collectionScoped,Mongoeco,org.mongoeco:mongodb@1.1.0 /write/update_one.collectionScoped,exchange_exact,org.mongoeco:mongodb@1.1.0 /write/update_one.collectionScoped; owner sha256:93bdef63c0fdf46015b81e9a3b95d6879217bb31d02bb37d2a12bbfd52200d6f#/write/operationMetadata/update_one/collectionScoped,tests/unit/test_cxp_exchange_catalog.py: owner-source equality and compatible cases,"tests/unit/test_cxp_exchange_catalog.py: mismatch, omission and invalid-shape cases",source and pin verified; downstream consumer adoption pending
Mongoeco,src/mongoeco/cxp/exchange/data/operational-metadata.json,93bdef63c0fdf46015b81e9a3b95d6879217bb31d02bb37d2a12bbfd52200d6f,/write/operationMetadata/update_one/resultType,typed or bound owner claim at /write/operationMetadata/update_one/resultType,capability=write; operation=update_one,Mongoeco exchange requirements and public profile evaluation,operational-metadata.json#/write/operationMetadata/update_one/resultType,Mongoeco,org.mongoeco:result.update_result:1,exchange_exact,org.mongoeco:result.update_result:1; owner sha256:93bdef63c0fdf46015b81e9a3b95d6879217bb31d02bb37d2a12bbfd52200d6f#/write/operationMetadata/update_one/resultType,tests/unit/test_cxp_exchange_catalog.py: owner-source equality and compatible cases,"tests/unit/test_cxp_exchange_catalog.py: mismatch, omission and invalid-shape cases",source and pin verified; downstream consumer adoption pending
Mongoeco,src/mongoeco/cxp/exchange/data/operational-metadata.json,93bdef63c0fdf46015b81e9a3b95d6879217bb31d02bb37d2a12bbfd52200d6f,/write/operationMetadata/update_one/supportedOptions,typed or bound owner claim at /write/operationMetadata/update_one/supportedOptions,capability=write; operation=update_one,Mongoeco exchange requirements and public profile evaluation,operational-metadata.json#/write/operationMetadata/update_one/supportedOptions,Mongoeco,org.mongoeco:mongodb@1.1.0 /write/update_one.supportedOptions,exchange_exact,org.mongoeco:mongodb@1.1.0 /write/update_one.supportedOptions; owner sha256:93bdef63c0fdf46015b81e9a3b95d6879217bb31d02bb37d2a12bbfd52200d6f#/write/operationMetadata/update_one/supportedOptions,tests/unit/test_cxp_exchange_catalog.py: owner-source equality and compatible cases,"tests/unit/test_cxp_exchange_catalog.py: mismatch, omission and invalid-shape cases",source and pin verified; downstream consumer adoption pending
Mongoeco,src/mongoeco/cxp/exchange/data/operational-metadata.json,93bdef63c0fdf46015b81e9a3b95d6879217bb31d02bb37d2a12bbfd52200d6f,/write/operationMetadata/update_one/supportedUpdateOperators,typed or bound owner claim at /write/operationMetadata/update_one/supportedUpdateOperators,capability=write; operation=update_one,Mongoeco exchange requirements and public profile evaluation,operational-metadata.json#/write/operationMetadata/update_one/supportedUpdateOperators,Mongoeco,org.mongoeco:mongodb@1.1.0 /write/update_one.supportedUpdateOperators,exchange_exact,org.mongoeco:mongodb@1.1.0 /write/update_one.supportedUpdateOperators; owner sha256:93bdef63c0fdf46015b81e9a3b95d6879217bb31d02bb37d2a12bbfd52200d6f#/write/operationMetadata/update_one/supportedUpdateOperators,tests/unit/test_cxp_exchange_catalog.py: owner-source equality and compatible cases,"tests/unit/test_cxp_exchange_catalog.py: mismatch, omission and invalid-shape cases",source and pin verified; downstream consumer adoption pending
Mongoeco,src/mongoeco/cxp/exchange/data/operational-metadata.json,93bdef63c0fdf46015b81e9a3b95d6879217bb31d02bb37d2a12bbfd52200d6f,/write/operationMetadata/update_one/supportsExplain,typed or bound owner claim at /write/operationMetadata/update_one/supportsExplain,capability=write; operation=update_one,Mongoeco exchange requirements and public profile evaluation,operational-metadata.json#/write/operationMetadata/update_one/supportsExplain,Mongoeco,org.mongoeco:mongodb@1.1.0 /write/update_one.supportsExplain,exchange_exact,org.mongoeco:mongodb@1.1.0 /write/update_one.supportsExplain; owner sha256:93bdef63c0fdf46015b81e9a3b95d6879217bb31d02bb37d2a12bbfd52200d6f#/write/operationMetadata/update_one/supportsExplain,tests/unit/test_cxp_exchange_catalog.py: owner-source equality and compatible cases,"tests/unit/test_cxp_exchange_catalog.py: mismatch, omission and invalid-shape cases",source and pin verified; downstream consumer adoption pending
Mongoeco,src/mongoeco/cxp/exchange/data/operational-metadata.json,93bdef63c0fdf46015b81e9a3b95d6879217bb31d02bb37d2a12bbfd52200d6f,/write/operationMetadata/update_one/supportsPipelineUpdate,typed or bound owner claim at /write/operationMetadata/update_one/supportsPipelineUpdate,capability=write; operation=update_one,Mongoeco exchange requirements and public profile evaluation,operational-metadata.json#/write/operationMetadata/update_one/supportsPipelineUpdate,Mongoeco,org.mongoeco:mongodb@1.1.0 /write/update_one.supportsPipelineUpdate,exchange_exact,org.mongoeco:mongodb@1.1.0 /write/update_one.supportsPipelineUpdate; owner sha256:93bdef63c0fdf46015b81e9a3b95d6879217bb31d02bb37d2a12bbfd52200d6f#/write/operationMetadata/update_one/supportsPipelineUpdate,tests/unit/test_cxp_exchange_catalog.py: owner-source equality and compatible cases,"tests/unit/test_cxp_exchange_catalog.py: mismatch, omission and invalid-shape cases",source and pin verified; downstream consumer adoption pending
Mongoeco,src/mongoeco/cxp/exchange/data/operational-metadata.json,93bdef63c0fdf46015b81e9a3b95d6879217bb31d02bb37d2a12bbfd52200d6f,/write/operationMetadata/update_one/supportsSession,typed or bound owner claim at /write/operationMetadata/update_one/supportsSession,capability=write; operation=update_one,Mongoeco exchange requirements and public profile evaluation,operational-metadata.json#/write/operationMetadata/update_one/supportsSession,Mongoeco,org.mongoeco:mongodb@1.1.0 /write/update_one.supportsSession,exchange_exact,org.mongoeco:mongodb@1.1.0 /write/update_one.supportsSession; owner sha256:93bdef63c0fdf46015b81e9a3b95d6879217bb31d02bb37d2a12bbfd52200d6f#/write/operationMetadata/update_one/supportsSession,tests/unit/test_cxp_exchange_catalog.py: owner-source equality and compatible cases,"tests/unit/test_cxp_exchange_catalog.py: mismatch, omission and invalid-shape cases",source and pin verified; downstream consumer adoption pending
Mongoeco,src/mongoeco/cxp/exchange/data/operational-metadata.json,93bdef63c0fdf46015b81e9a3b95d6879217bb31d02bb37d2a12bbfd52200d6f,/write/operationMetadata/update_one/supportsUpsert,typed or bound owner claim at /write/operationMetadata/update_one/supportsUpsert,capability=write; operation=update_one,Mongoeco exchange requirements and public profile evaluation,operational-metadata.json#/write/operationMetadata/update_one/supportsUpsert,Mongoeco,org.mongoeco:mongodb@1.1.0 /write/update_one.supportsUpsert,exchange_exact,org.mongoeco:mongodb@1.1.0 /write/update_one.supportsUpsert; owner sha256:93bdef63c0fdf46015b81e9a3b95d6879217bb31d02bb37d2a12bbfd52200d6f#/write/operationMetadata/update_one/supportsUpsert,tests/unit/test_cxp_exchange_catalog.py: owner-source equality and compatible cases,"tests/unit/test_cxp_exchange_catalog.py: mismatch, omission and invalid-shape cases",source and pin verified; downstream consumer adoption pending
Mongoeco,src/mongoeco/cxp/exchange/data/operational-metadata.json,93bdef63c0fdf46015b81e9a3b95d6879217bb31d02bb37d2a12bbfd52200d6f,/write/operationMetadata/update_one/unsupportedOptions,typed or bound owner claim at /write/operationMetadata/update_one/unsupportedOptions,capability=write; operation=update_one,Mongoeco exchange requirements and public profile evaluation,operational-metadata.json#/write/operationMetadata/update_one/unsupportedOptions,Mongoeco,org.mongoeco:mongodb@1.1.0 /write/update_one.unsupportedOptions,exchange_exact,org.mongoeco:mongodb@1.1.0 /write/update_one.unsupportedOptions; owner sha256:93bdef63c0fdf46015b81e9a3b95d6879217bb31d02bb37d2a12bbfd52200d6f#/write/operationMetadata/update_one/unsupportedOptions,tests/unit/test_cxp_exchange_catalog.py: owner-source equality and compatible cases,"tests/unit/test_cxp_exchange_catalog.py: mismatch, omission and invalid-shape cases",source and pin verified; downstream consumer adoption pending
Mongoeco,src/mongoeco/cxp/exchange/data/operational-metadata.json,93bdef63c0fdf46015b81e9a3b95d6879217bb31d02bb37d2a12bbfd52200d6f,/write/supportsPipelineUpdate,typed or bound owner claim at /write/supportsPipelineUpdate,capability=write; operation=none,Mongoeco exchange requirements and public profile evaluation,operational-metadata.json#/write/supportsPipelineUpdate,Mongoeco,org.mongoeco:mongodb@1.1.0 /write/supportsPipelineUpdate,exchange_exact,org.mongoeco:mongodb@1.1.0 /write/supportsPipelineUpdate; owner sha256:93bdef63c0fdf46015b81e9a3b95d6879217bb31d02bb37d2a12bbfd52200d6f#/write/supportsPipelineUpdate,tests/unit/test_cxp_exchange_catalog.py: owner-source equality and compatible cases,"tests/unit/test_cxp_exchange_catalog.py: mismatch, omission and invalid-shape cases",source and pin verified; downstream consumer adoption pending
Mongoeco,src/mongoeco/cxp/exchange/data/operational-metadata.json,93bdef63c0fdf46015b81e9a3b95d6879217bb31d02bb37d2a12bbfd52200d6f,/write/sync,typed or bound owner claim at /write/sync,capability=write; operation=none,Mongoeco exchange requirements and public profile evaluation,operational-metadata.json#/write/sync,Mongoeco,org.mongoeco:mongodb@1.1.0 /write/sync,exchange_exact,org.mongoeco:mongodb@1.1.0 /write/sync; owner sha256:93bdef63c0fdf46015b81e9a3b95d6879217bb31d02bb37d2a12bbfd52200d6f#/write/sync,tests/unit/test_cxp_exchange_catalog.py: owner-source equality and compatible cases,"tests/unit/test_cxp_exchange_catalog.py: mismatch, omission and invalid-shape cases",source and pin verified; downstream consumer adoption pending
Mongoeco,src/mongoeco/cxp/exchange/data/operational-metadata.json,93bdef63c0fdf46015b81e9a3b95d6879217bb31d02bb37d2a12bbfd52200d6f,/write/updateOperators,typed or bound owner claim at /write/updateOperators,capability=write; operation=none,Mongoeco exchange requirements and public profile evaluation,operational-metadata.json#/write/updateOperators,Mongoeco,org.mongoeco:mongodb@1.1.0 /write/updateOperators,exchange_exact,org.mongoeco:mongodb@1.1.0 /write/updateOperators; owner sha256:93bdef63c0fdf46015b81e9a3b95d6879217bb31d02bb37d2a12bbfd52200d6f#/write/updateOperators,tests/unit/test_cxp_exchange_catalog.py: owner-source equality and compatible cases,"tests/unit/test_cxp_exchange_catalog.py: mismatch, omission and invalid-shape cases",source and pin verified; downstream consumer adoption pending
