2026-10-08T17:22:45.9762638Z Current runner version: '2.337.0'
2026-10-08T17:22:45.9781383Z ##[group]Runner Image Provisioner
2026-10-08T17:22:45.9782112Z Hosted Compute Agent
2026-10-08T17:22:45.9782618Z Version: 20261002.596
2026-10-08T17:22:45.9783172Z Commit: c3d12f3313a95f25162a1503be624f3b0617f8c0
2026-10-08T17:22:45.9783730Z Build Date: 2026-10-02T22:28:27Z
2026-10-08T17:22:45.9784476Z Worker ID: {1fd73d12-eb4a-48d6-9d10-3252ee3dc74c}
2026-10-08T17:22:45.9785061Z Region: centralus
2026-10-08T17:22:45.9785499Z Cloud: Azure
2026-10-08T17:22:45.9785921Z ##[endgroup]
2026-10-08T17:22:45.9787455Z ##[group]Operating System
2026-10-08T17:22:45.9787981Z Ubuntu
2026-10-08T17:22:45.9788391Z 24.04.5
2026-10-08T17:22:45.9788799Z LTS
2026-10-08T17:22:45.9789208Z ##[endgroup]
2026-10-08T17:22:45.9789629Z ##[group]Runner Image
2026-10-08T17:22:45.9790073Z Image: ubuntu-24.04
2026-10-08T17:22:45.9790524Z Version: 20261004.327.1
2026-10-08T17:22:45.9791558Z Included Software: https://github.com/actions/runner-images/blob/ubuntu24/20261004.327/images/ubuntu/Ubuntu2404-Readme.md
2026-10-08T17:22:45.9792764Z Image Release: https://github.com/actions/runner-images/releases/tag/ubuntu24%2F20261004.327
2026-10-08T17:22:45.9793491Z ##[endgroup]
2026-10-08T17:22:45.9794458Z ##[group]GITHUB_TOKEN Permissions
2026-10-08T17:22:45.9796329Z Contents: read
2026-10-08T17:22:45.9797001Z Metadata: read
2026-10-08T17:22:45.9797439Z Packages: read
2026-10-08T17:22:45.9797908Z ##[endgroup]
2026-10-08T17:22:45.9799517Z Secret source: Actions
2026-10-08T17:22:45.9800212Z Cache mode: write
2026-10-08T17:22:45.9800961Z Prepare workflow directory
2026-10-08T17:22:46.0134287Z Prepare all required actions
2026-10-08T17:22:46.0173757Z Getting action download info
2026-10-08T17:22:46.2873776Z Download action repository 'actions/checkout@fbc6f3992d24b796d5a048ff273f7fcc4a7b6c09' (SHA:fbc6f3992d24b796d5a048ff273f7fcc4a7b6c09)
2026-10-08T17:22:46.3494255Z Download action repository 'actions/setup-python@ece7cb06caefa5fff74198d8649806c4678c61a1' (SHA:ece7cb06caefa5fff74198d8649806c4678c61a1)
2026-10-08T17:22:46.4350799Z Download action repository 'actions/download-artifact@634f93cb2916e3fdff6788551b99b062d0335ce0' (SHA:634f93cb2916e3fdff6788551b99b062d0335ce0)
2026-10-08T17:22:47.0384097Z Complete job name: Test (Python 3.14)
2026-10-08T17:22:47.1030794Z ##[group]Run actions/checkout@fbc6f3992d24b796d5a048ff273f7fcc4a7b6c09
2026-10-08T17:22:47.1031685Z with:
2026-10-08T17:22:47.1032169Z   fetch-depth: 0
2026-10-08T17:22:47.1032653Z   repository: menudoproblema/mongoeco
2026-10-08T17:22:47.1036188Z   token: ***
2026-10-08T17:22:47.1036990Z   ssh-strict: true
2026-10-08T17:22:47.1037450Z   ssh-user: git
2026-10-08T17:22:47.1037927Z   persist-credentials: true
2026-10-08T17:22:47.1038421Z   clean: true
2026-10-08T17:22:47.1038881Z   sparse-checkout-cone-mode: true
2026-10-08T17:22:47.1039434Z   fetch-tags: false
2026-10-08T17:22:47.1039890Z   show-progress: true
2026-10-08T17:22:47.1040352Z   lfs: false
2026-10-08T17:22:47.1040796Z   submodules: false
2026-10-08T17:22:47.1041283Z   set-safe-directory: true
2026-10-08T17:22:47.1041860Z   allow-unsafe-pr-checkout: false
2026-10-08T17:22:47.1042555Z env:
2026-10-08T17:22:47.1043003Z   MONGOECO_TEST_INSTALLED_ARTIFACT: 1
2026-10-08T17:22:47.1043545Z ##[endgroup]
2026-10-08T17:22:47.1878165Z Syncing repository: menudoproblema/mongoeco
2026-10-08T17:22:47.1880690Z ##[group]Getting Git version info
2026-10-08T17:22:47.1881712Z Working directory is '/home/runner/work/mongoeco/mongoeco'
2026-10-08T17:22:47.1883233Z [command]/usr/bin/git version
2026-10-08T17:22:47.1918142Z git version 2.55.0
2026-10-08T17:22:47.1932903Z ##[endgroup]
2026-10-08T17:22:47.1941784Z Temporarily overriding HOME='/home/runner/work/_temp/4c3a911b-62c1-4ec8-be86-83591dd1446a' before making global git config changes
2026-10-08T17:22:47.1943756Z Adding repository directory to the temporary git global config as a safe directory
2026-10-08T17:22:47.1945168Z [command]/usr/bin/git config --global --add safe.directory /home/runner/work/mongoeco/mongoeco
2026-10-08T17:22:47.1984169Z Deleting the contents of '/home/runner/work/mongoeco/mongoeco'
2026-10-08T17:22:47.1987435Z ##[group]Initializing the repository
2026-10-08T17:22:47.1989501Z [command]/usr/bin/git init /home/runner/work/mongoeco/mongoeco
2026-10-08T17:22:47.2083908Z hint: Using 'master' as the name for the initial branch. This default branch name
2026-10-08T17:22:47.2085605Z hint: will change to "main" in Git 3.0. To configure the initial branch name
2026-10-08T17:22:47.2087739Z hint: to use in all of your new repositories, which will suppress this warning,
2026-10-08T17:22:47.2088954Z hint: call:
2026-10-08T17:22:47.2090205Z hint:
2026-10-08T17:22:47.2091117Z hint: 	git config --global init.defaultBranch <name>
2026-10-08T17:22:47.2092175Z hint:
2026-10-08T17:22:47.2094367Z hint: Names commonly chosen instead of 'master' are 'main', 'trunk' and
2026-10-08T17:22:47.2095821Z hint: 'development'. The just-created branch can be renamed via this command:
2026-10-08T17:22:47.2097801Z hint:
2026-10-08T17:22:47.2098931Z hint: 	git branch -m <name>
2026-10-08T17:22:47.2099803Z hint:
2026-10-08T17:22:47.2101156Z hint: Disable this message with "git config set advice.defaultBranchName false"
2026-10-08T17:22:47.2102721Z Initialized empty Git repository in /home/runner/work/mongoeco/mongoeco/.git/
2026-10-08T17:22:47.2105894Z [command]/usr/bin/git remote add origin https://github.com/menudoproblema/mongoeco
2026-10-08T17:22:47.2135158Z ##[endgroup]
2026-10-08T17:22:47.2136305Z ##[group]Disabling automatic garbage collection
2026-10-08T17:22:47.2138412Z [command]/usr/bin/git config --local gc.auto 0
2026-10-08T17:22:47.2187525Z ##[endgroup]
2026-10-08T17:22:47.2188934Z ##[group]Setting up auth
2026-10-08T17:22:47.2190122Z [command]/usr/bin/git config --local --name-only --get-regexp core\.sshCommand
2026-10-08T17:22:47.2204824Z [command]/usr/bin/git submodule foreach --recursive sh -c "git config --local --name-only --get-regexp 'core\.sshCommand' && git config --local --unset-all 'core.sshCommand' || :"
2026-10-08T17:22:47.2490782Z [command]/usr/bin/git config --local --name-only --get-regexp http\.https\:\/\/github\.com\/\.extraheader
2026-10-08T17:22:47.2514223Z [command]/usr/bin/git submodule foreach --recursive sh -c "git config --local --name-only --get-regexp 'http\.https\:\/\/github\.com\/\.extraheader' && git config --local --unset-all 'http.https://github.com/.extraheader' || :"
2026-10-08T17:22:47.2652787Z [command]/usr/bin/git config --local --name-only --get-regexp ^includeIf\.gitdir:
2026-10-08T17:22:47.2674199Z [command]/usr/bin/git submodule foreach --recursive git config --local --show-origin --name-only --get-regexp remote.origin.url
2026-10-08T17:22:47.2809851Z [command]/usr/bin/git config --local http.https://github.com/.extraheader AUTHORIZATION: basic ***
2026-10-08T17:22:47.2845600Z ##[endgroup]
2026-10-08T17:22:47.2847645Z ##[group]Fetching the repository
2026-10-08T17:22:47.2853342Z [command]/usr/bin/git -c protocol.version=2 fetch --prune --no-recurse-submodules origin +refs/heads/*:refs/remotes/origin/* +refs/tags/*:refs/tags/*
2026-10-08T17:22:48.8017385Z From https://github.com/menudoproblema/mongoeco
2026-10-08T17:22:48.8018222Z  * [new branch]      main       -> origin/main
2026-10-08T17:22:48.8018735Z  * [new tag]         v3.1.0     -> v3.1.0
2026-10-08T17:22:48.8019223Z  * [new tag]         v3.2.0     -> v3.2.0
2026-10-08T17:22:48.8019561Z  * [new tag]         v3.3.0     -> v3.3.0
2026-10-08T17:22:48.8019944Z  * [new tag]         v3.5.0     -> v3.5.0
2026-10-08T17:22:48.8020733Z  * [new tag]         v3.5.1     -> v3.5.1
2026-10-08T17:22:48.8021227Z  * [new tag]         v3.6.0     -> v3.6.0
2026-10-08T17:22:48.8021876Z  * [new tag]         v4.0.0     -> v4.0.0
2026-10-08T17:22:48.8022404Z  * [new tag]         v4.1.0     -> v4.1.0
2026-10-08T17:22:48.8022972Z  * [new tag]         v4.1.1     -> v4.1.1
2026-10-08T17:22:48.8023520Z  * [new tag]         v4.2.0     -> v4.2.0
2026-10-08T17:22:48.8024047Z  * [new tag]         v4.2.1     -> v4.2.1
2026-10-08T17:22:48.8024639Z  * [new tag]         v4.3.0     -> v4.3.0
2026-10-08T17:22:48.8025579Z  * [new tag]         v4.4.0     -> v4.4.0
2026-10-08T17:22:48.8026287Z  * [new tag]         v4.5.0     -> v4.5.0
2026-10-08T17:22:48.8026982Z  * [new tag]         v4.6.0     -> v4.6.0
2026-10-08T17:22:48.8027427Z  * [new tag]         v4.6.1     -> v4.6.1
2026-10-08T17:22:48.8027866Z  * [new tag]         v4.7.0     -> v4.7.0
2026-10-08T17:22:48.8028260Z  * [new tag]         v4.8.0     -> v4.8.0
2026-10-08T17:22:48.8028699Z  * [new tag]         v4.8.1     -> v4.8.1
2026-10-08T17:22:48.8029114Z  * [new tag]         v4.9.0     -> v4.9.0
2026-10-08T17:22:48.8030760Z [command]/usr/bin/git tag --list v4.9.0
2026-10-08T17:22:48.8052235Z v4.9.0
2026-10-08T17:22:48.8058523Z [command]/usr/bin/git rev-parse refs/tags/v4.9.0
2026-10-08T17:22:48.8075801Z dbe2eea4b2d5c1efb1634e9dec678b5e41156378
2026-10-08T17:22:48.8082452Z [command]/usr/bin/git -c protocol.version=2 fetch --no-tags --prune --no-recurse-submodules origin +7612872b5052c25de223825cd881445cc6f106f1:refs/tags/v4.9.0
2026-10-08T17:22:48.8123869Z From https://github.com/menudoproblema/mongoeco
2026-10-08T17:22:48.8124418Z  t [tag update]      7612872b5052c25de223825cd881445cc6f106f1 -> v4.9.0
2026-10-08T17:22:48.8125723Z ##[endgroup]
2026-10-08T17:22:48.8126408Z ##[group]Determining the checkout info
2026-10-08T17:22:48.8127108Z ##[endgroup]
2026-10-08T17:22:48.8130111Z [command]/usr/bin/git sparse-checkout disable
2026-10-08T17:22:48.8167923Z [command]/usr/bin/git config --local --unset-all extensions.worktreeConfig
2026-10-08T17:22:48.8191741Z ##[group]Checking out the ref
2026-10-08T17:22:48.8195229Z [command]/usr/bin/git checkout --progress --force refs/tags/v4.9.0
2026-10-08T17:22:48.8952494Z Note: switching to 'refs/tags/v4.9.0'.
2026-10-08T17:22:48.8952828Z 
2026-10-08T17:22:48.8953218Z You are in 'detached HEAD' state. You can look around, make experimental
2026-10-08T17:22:48.8953847Z changes and commit them, and you can discard any commits you make in this
2026-10-08T17:22:48.8954437Z state without impacting any branches by switching back to a branch.
2026-10-08T17:22:48.8954868Z 
2026-10-08T17:22:48.8955143Z If you want to create a new branch to retain commits you create, you may
2026-10-08T17:22:48.8955736Z do so (now or later) by using -c with the switch command. Example:
2026-10-08T17:22:48.8956216Z 
2026-10-08T17:22:48.8956634Z   git switch -c <new-branch-name>
2026-10-08T17:22:48.8956873Z 
2026-10-08T17:22:48.8957066Z Or undo this operation with:
2026-10-08T17:22:48.8957337Z 
2026-10-08T17:22:48.8957459Z   git switch -
2026-10-08T17:22:48.8957682Z 
2026-10-08T17:22:48.8957955Z Turn off this advice by setting config variable advice.detachedHead to false
2026-10-08T17:22:48.8958332Z 
2026-10-08T17:22:48.8958626Z HEAD is now at 7612872 docs(release): record 4.9.0 pipeline recovery evidence
2026-10-08T17:22:48.8969044Z ##[endgroup]
2026-10-08T17:22:48.8995795Z [command]/usr/bin/git log -1 --format=%H
2026-10-08T17:22:48.9012304Z 7612872b5052c25de223825cd881445cc6f106f1
2026-10-08T17:22:48.9216303Z ##[group]Run actions/setup-python@ece7cb06caefa5fff74198d8649806c4678c61a1
2026-10-08T17:22:48.9216918Z with:
2026-10-08T17:22:48.9217170Z   python-version: 3.14
2026-10-08T17:22:48.9217479Z   check-latest: false
2026-10-08T17:22:48.9219227Z   token: ***
2026-10-08T17:22:48.9219482Z   update-environment: true
2026-10-08T17:22:48.9219768Z   allow-prereleases: false
2026-10-08T17:22:48.9220034Z   freethreaded: false
2026-10-08T17:22:48.9220266Z env:
2026-10-08T17:22:48.9220728Z   MONGOECO_TEST_INSTALLED_ARTIFACT: 1
2026-10-08T17:22:48.9221018Z ##[endgroup]
2026-10-08T17:22:49.0131518Z ##[group]Installed versions
2026-10-08T17:22:49.0196557Z Successfully set up CPython (3.14.8)
2026-10-08T17:22:49.0197442Z ##[endgroup]
2026-10-08T17:22:49.0314173Z ##[group]Run actions/download-artifact@634f93cb2916e3fdff6788551b99b062d0335ce0
2026-10-08T17:22:49.0314862Z with:
2026-10-08T17:22:49.0315236Z   name: release-distributions
2026-10-08T17:22:49.0315663Z   path: dist
2026-10-08T17:22:49.0316014Z   merge-multiple: false
2026-10-08T17:22:49.0316393Z   repository: menudoproblema/mongoeco
2026-10-08T17:22:49.0317631Z   run-id: 37816027502
2026-10-08T17:22:49.0317967Z env:
2026-10-08T17:22:49.0318295Z   MONGOECO_TEST_INSTALLED_ARTIFACT: 1
2026-10-08T17:22:49.0318785Z   pythonLocation: /opt/hostedtoolcache/Python/3.14.8/x64
2026-10-08T17:22:49.0319367Z   PKG_CONFIG_PATH: /opt/hostedtoolcache/Python/3.14.8/x64/lib/pkgconfig
2026-10-08T17:22:49.0319969Z   Python_ROOT_DIR: /opt/hostedtoolcache/Python/3.14.8/x64
2026-10-08T17:22:49.0320541Z   Python2_ROOT_DIR: /opt/hostedtoolcache/Python/3.14.8/x64
2026-10-08T17:22:49.0321060Z   Python3_ROOT_DIR: /opt/hostedtoolcache/Python/3.14.8/x64
2026-10-08T17:22:49.0321734Z   LD_LIBRARY_PATH: /opt/hostedtoolcache/Python/3.14.8/x64/lib
2026-10-08T17:22:49.0322170Z ##[endgroup]
2026-10-08T17:22:49.1399806Z Downloading single artifact
2026-10-08T17:22:49.1532183Z (node:2105) [DEP0040] DeprecationWarning: The `punycode` module is deprecated. Please use a userland alternative instead.
2026-10-08T17:22:49.1533210Z (Use `node --trace-deprecation ...` to show where the warning was created)
2026-10-08T17:22:49.3144388Z Preparing to download the following artifacts:
2026-10-08T17:22:49.3145298Z - release-distributions (ID: 11567516104, Size: 1436805, Expected Digest: sha256:52b0bbac34c5a96f948c287b8e4187d3d41e847637f9d8403c0021d1d85ae178)
2026-10-08T17:22:49.5328795Z Redirecting to blob download url: https://productionresultssa7.blob.core.windows.net/actions-results/0cb35956-abcd-8e7e-9fb9-157378bde759/workflow-job-run-1f6210f5-8a60-513c-be3c-85b941cabca3/artifacts/f26d0cb0ba1e9fd789de20f0f4bd6c7d894c964a0a5d8c868c48e73d7fa69c46.zip
2026-10-08T17:22:49.5330001Z Starting download of artifact to: /home/runner/work/mongoeco/mongoeco/dist
2026-10-08T17:22:49.6999871Z (node:2105) [DEP0005] DeprecationWarning: Buffer() is deprecated due to security and usability issues. Please use the Buffer.alloc(), Buffer.allocUnsafe(), or Buffer.from() methods instead.
2026-10-08T17:22:49.9433793Z SHA256 digest of downloaded artifact is 52b0bbac34c5a96f948c287b8e4187d3d41e847637f9d8403c0021d1d85ae178
2026-10-08T17:22:49.9434586Z Artifact download completed successfully.
2026-10-08T17:22:49.9434970Z Total of 1 artifact(s) downloaded
2026-10-08T17:22:49.9438467Z Download artifact has finished successfully
2026-10-08T17:22:49.9541617Z ##[group]Run actions/download-artifact@634f93cb2916e3fdff6788551b99b062d0335ce0
2026-10-08T17:22:49.9541989Z with:
2026-10-08T17:22:49.9542222Z   name: release-distribution-manifest
2026-10-08T17:22:49.9542505Z   path: artifact-manifest
2026-10-08T17:22:49.9542775Z   merge-multiple: false
2026-10-08T17:22:49.9543035Z   repository: menudoproblema/mongoeco
2026-10-08T17:22:49.9543297Z   run-id: 37816027502
2026-10-08T17:22:49.9543513Z env:
2026-10-08T17:22:49.9543762Z   MONGOECO_TEST_INSTALLED_ARTIFACT: 1
2026-10-08T17:22:49.9544057Z   pythonLocation: /opt/hostedtoolcache/Python/3.14.8/x64
2026-10-08T17:22:49.9544434Z   PKG_CONFIG_PATH: /opt/hostedtoolcache/Python/3.14.8/x64/lib/pkgconfig
2026-10-08T17:22:49.9544801Z   Python_ROOT_DIR: /opt/hostedtoolcache/Python/3.14.8/x64
2026-10-08T17:22:49.9545149Z   Python2_ROOT_DIR: /opt/hostedtoolcache/Python/3.14.8/x64
2026-10-08T17:22:49.9545861Z   Python3_ROOT_DIR: /opt/hostedtoolcache/Python/3.14.8/x64
2026-10-08T17:22:49.9546292Z   LD_LIBRARY_PATH: /opt/hostedtoolcache/Python/3.14.8/x64/lib
2026-10-08T17:22:49.9546804Z ##[endgroup]
2026-10-08T17:22:50.0564397Z Downloading single artifact
2026-10-08T17:22:50.0665755Z (node:2117) [DEP0040] DeprecationWarning: The `punycode` module is deprecated. Please use a userland alternative instead.
2026-10-08T17:22:50.0666334Z (Use `node --trace-deprecation ...` to show where the warning was created)
2026-10-08T17:22:50.2570987Z Preparing to download the following artifacts:
2026-10-08T17:22:50.2571610Z - release-distribution-manifest (ID: 11567018007, Size: 275, Expected Digest: sha256:ab71320222a46ee295dd0dead8dec4d1ef47d922053647e57d0bd3e92093c99b)
2026-10-08T17:22:50.4476700Z Redirecting to blob download url: https://productionresultssa7.blob.core.windows.net/actions-results/0cb35956-abcd-8e7e-9fb9-157378bde759/workflow-job-run-1f6210f5-8a60-513c-be3c-85b941cabca3/artifacts/5506a40141b9dcd509f88698d50c81d9076d24b6031975733f9bfd771562cafe.zip
2026-10-08T17:22:50.4478426Z Starting download of artifact to: /home/runner/work/mongoeco/mongoeco/artifact-manifest
2026-10-08T17:22:50.5992186Z (node:2117) [DEP0005] DeprecationWarning: Buffer() is deprecated due to security and usability issues. Please use the Buffer.alloc(), Buffer.allocUnsafe(), or Buffer.from() methods instead.
2026-10-08T17:22:50.6034296Z SHA256 digest of downloaded artifact is ab71320222a46ee295dd0dead8dec4d1ef47d922053647e57d0bd3e92093c99b
2026-10-08T17:22:50.6035005Z Artifact download completed successfully.
2026-10-08T17:22:50.6035441Z Total of 1 artifact(s) downloaded
2026-10-08T17:22:50.6038941Z Download artifact has finished successfully
2026-10-08T17:22:50.6135311Z ##[group]Run sha256sum -c artifact-manifest/SHA256SUMS
2026-10-08T17:22:50.6135791Z [36;1msha256sum -c artifact-manifest/SHA256SUMS[0m
2026-10-08T17:22:50.6136206Z [36;1mWHEEL="$(find dist -name 'mongoeco-*.whl' -print -quit)"[0m
2026-10-08T17:22:50.6136971Z [36;1mpython -m pip install coverage hypothesis jsonschema mypy pytest pytest-cov ruff[0m
2026-10-08T17:22:50.6137405Z [36;1mpython -m pip install "${WHEEL}[wire]"[0m
2026-10-08T17:22:50.6137715Z [36;1mpython -m pip install -r benchmarks/requirements.txt[0m
2026-10-08T17:22:50.6303985Z shell: /usr/bin/bash -e {0}
2026-10-08T17:22:50.6304339Z env:
2026-10-08T17:22:50.6304595Z   MONGOECO_TEST_INSTALLED_ARTIFACT: 1
2026-10-08T17:22:50.6304935Z   pythonLocation: /opt/hostedtoolcache/Python/3.14.8/x64
2026-10-08T17:22:50.6305305Z   PKG_CONFIG_PATH: /opt/hostedtoolcache/Python/3.14.8/x64/lib/pkgconfig
2026-10-08T17:22:50.6305706Z   Python_ROOT_DIR: /opt/hostedtoolcache/Python/3.14.8/x64
2026-10-08T17:22:50.6306140Z   Python2_ROOT_DIR: /opt/hostedtoolcache/Python/3.14.8/x64
2026-10-08T17:22:50.6306864Z   Python3_ROOT_DIR: /opt/hostedtoolcache/Python/3.14.8/x64
2026-10-08T17:22:50.6307303Z   LD_LIBRARY_PATH: /opt/hostedtoolcache/Python/3.14.8/x64/lib
2026-10-08T17:22:50.6307727Z   PIP_CONSTRAINT: /home/runner/work/mongoeco/mongoeco/requirements/ci-constraints.txt
2026-10-08T17:22:50.6308135Z ##[endgroup]
2026-10-08T17:22:50.6398680Z dist/mongoeco-4.9.0-py3-none-any.whl: OK
2026-10-08T17:22:50.6402634Z dist/mongoeco-4.9.0.tar.gz: OK
2026-10-08T17:22:53.2473415Z Collecting coverage
2026-10-08T17:22:53.3105912Z   Downloading coverage-7.15.4-cp314-cp314-manylinux1_x86_64.manylinux_2_28_x86_64.manylinux_2_5_x86_64.whl.metadata (8.6 kB)
2026-10-08T17:22:53.4967440Z Collecting hypothesis
2026-10-08T17:22:53.5106640Z   Downloading hypothesis-6.165.9-cp314-cp314-manylinux_2_17_x86_64.manylinux2014_x86_64.whl.metadata (5.7 kB)
2026-10-08T17:22:53.5356854Z Collecting jsonschema
2026-10-08T17:22:53.5454956Z   Downloading jsonschema-4.26.0-py3-none-any.whl.metadata (7.6 kB)
2026-10-08T17:22:53.6142419Z Collecting mypy
2026-10-08T17:22:53.6242463Z   Downloading mypy-2.3.1-cp314-cp314-manylinux2014_x86_64.manylinux_2_17_x86_64.manylinux_2_28_x86_64.whl.metadata (2.4 kB)
2026-10-08T17:22:53.6662064Z Collecting pytest
2026-10-08T17:22:53.6759839Z   Downloading pytest-9.1.1-py3-none-any.whl.metadata (7.6 kB)
2026-10-08T17:22:53.6950959Z Collecting pytest-cov
2026-10-08T17:22:53.7048732Z   Downloading pytest_cov-7.1.0-py3-none-any.whl.metadata (32 kB)
2026-10-08T17:22:53.9038075Z Collecting ruff
2026-10-08T17:22:53.9138250Z   Downloading ruff-0.16.2-py3-none-manylinux_2_17_x86_64.manylinux2014_x86_64.whl.metadata (26 kB)
2026-10-08T17:22:53.9314344Z Collecting sortedcontainers<3.0.0,>=2.1.0 (from hypothesis)
2026-10-08T17:22:53.9412217Z   Downloading sortedcontainers-2.4.0-py2.py3-none-any.whl.metadata (10 kB)
2026-10-08T17:22:53.9595433Z Collecting attrs>=22.2.0 (from jsonschema)
2026-10-08T17:22:53.9695140Z   Downloading attrs-26.1.0-py3-none-any.whl.metadata (8.8 kB)
2026-10-08T17:22:53.9857124Z Collecting jsonschema-specifications>=2023.03.6 (from jsonschema)
2026-10-08T17:22:53.9955384Z   Downloading jsonschema_specifications-2025.9.1-py3-none-any.whl.metadata (2.9 kB)
2026-10-08T17:22:54.0172577Z Collecting referencing>=0.28.4 (from jsonschema)
2026-10-08T17:22:54.0271135Z   Downloading referencing-0.37.0-py3-none-any.whl.metadata (2.8 kB)
2026-10-08T17:22:54.2205211Z Collecting rpds-py>=0.25.0 (from jsonschema)
2026-10-08T17:22:54.2304359Z   Downloading rpds_py-2026.6.3-cp314-cp314-manylinux_2_17_x86_64.manylinux2014_x86_64.whl.metadata (4.1 kB)
2026-10-08T17:22:54.2487899Z Collecting typing_extensions>=4.6.0 (from mypy)
2026-10-08T17:22:54.2587051Z   Downloading typing_extensions-4.16.0-py3-none-any.whl.metadata (3.3 kB)
2026-10-08T17:22:54.2740620Z Collecting mypy_extensions>=1.0.0 (from mypy)
2026-10-08T17:22:54.2839704Z   Downloading mypy_extensions-1.1.0-py3-none-any.whl.metadata (1.1 kB)
2026-10-08T17:22:54.3004888Z Collecting pathspec>=1.0.0 (from mypy)
2026-10-08T17:22:54.3103758Z   Downloading pathspec-1.1.1-py3-none-any.whl.metadata (14 kB)
2026-10-08T17:22:54.3997040Z Collecting librt>=0.13.0 (from mypy)
2026-10-08T17:22:54.4096790Z   Downloading librt-0.15.0-cp314-cp314-manylinux2014_x86_64.manylinux_2_17_x86_64.manylinux_2_28_x86_64.whl.metadata (1.3 kB)
2026-10-08T17:22:54.4468493Z Collecting ast-serialize<1.0.0,>=0.6.0 (from mypy)
2026-10-08T17:22:54.4570403Z   Downloading ast_serialize-0.8.0-cp39-abi3-manylinux_2_17_x86_64.manylinux2014_x86_64.whl.metadata (1.4 kB)
2026-10-08T17:22:54.4725637Z Collecting iniconfig>=1.0.1 (from pytest)
2026-10-08T17:22:54.4824842Z   Downloading iniconfig-2.3.0-py3-none-any.whl.metadata (2.5 kB)
2026-10-08T17:22:54.4999934Z Collecting packaging>=22 (from pytest)
2026-10-08T17:22:54.5102967Z   Downloading packaging-26.3-py3-none-any.whl.metadata (3.5 kB)
2026-10-08T17:22:54.5307449Z Collecting pluggy<2,>=1.5 (from pytest)
2026-10-08T17:22:54.5407201Z   Downloading pluggy-1.6.0-py3-none-any.whl.metadata (4.8 kB)
2026-10-08T17:22:54.5597882Z Collecting pygments>=2.7.2 (from pytest)
2026-10-08T17:22:54.5697302Z   Downloading pygments-2.20.0-py3-none-any.whl.metadata (2.5 kB)
2026-10-08T17:22:54.5947398Z Downloading coverage-7.15.4-cp314-cp314-manylinux1_x86_64.manylinux_2_28_x86_64.manylinux_2_5_x86_64.whl (256 kB)
2026-10-08T17:22:54.6265403Z Downloading hypothesis-6.165.9-cp314-cp314-manylinux_2_17_x86_64.manylinux2014_x86_64.whl (1.2 MB)
2026-10-08T17:22:54.6701125Z    ━━━━━━━━━━━━━━━━━━━━━━━━━━━━━━━━━━━━━━━━ 1.2/1.2 MB 35.0 MB/s  0:00:00
2026-10-08T17:22:54.6801589Z Downloading sortedcontainers-2.4.0-py2.py3-none-any.whl (29 kB)
2026-10-08T17:22:54.6919752Z Downloading jsonschema-4.26.0-py3-none-any.whl (90 kB)
2026-10-08T17:22:54.7045843Z Downloading mypy-2.3.1-cp314-cp314-manylinux2014_x86_64.manylinux_2_17_x86_64.manylinux_2_28_x86_64.whl (15.2 MB)
2026-10-08T17:22:54.9654912Z    ━━━━━━━━━━━━━━━━━━━━━━━━━━━━━━━━━━━━━━━━ 15.2/15.2 MB 58.3 MB/s  0:00:00
2026-10-08T17:22:54.9757908Z Downloading ast_serialize-0.8.0-cp39-abi3-manylinux_2_17_x86_64.manylinux2014_x86_64.whl (1.3 MB)
2026-10-08T17:22:54.9860534Z    ━━━━━━━━━━━━━━━━━━━━━━━━━━━━━━━━━━━━━━━━ 1.3/1.3 MB 119.8 MB/s  0:00:00
2026-10-08T17:22:54.9960114Z Downloading pytest-9.1.1-py3-none-any.whl (386 kB)
2026-10-08T17:22:55.0110172Z Downloading pluggy-1.6.0-py3-none-any.whl (20 kB)
2026-10-08T17:22:55.0231683Z Downloading pytest_cov-7.1.0-py3-none-any.whl (22 kB)
2026-10-08T17:22:55.0349587Z Downloading ruff-0.16.2-py3-none-manylinux_2_17_x86_64.manylinux2014_x86_64.whl (11.5 MB)
2026-10-08T17:22:55.1877249Z    ━━━━━━━━━━━━━━━━━━━━━━━━━━━━━━━━━━━━━━━━ 11.5/11.5 MB 75.0 MB/s  0:00:00
2026-10-08T17:22:55.1976152Z Downloading attrs-26.1.0-py3-none-any.whl (67 kB)
2026-10-08T17:22:55.2099964Z Downloading iniconfig-2.3.0-py3-none-any.whl (7.5 kB)
2026-10-08T17:22:55.2218190Z Downloading jsonschema_specifications-2025.9.1-py3-none-any.whl (18 kB)
2026-10-08T17:22:55.2337196Z Downloading librt-0.15.0-cp314-cp314-manylinux2014_x86_64.manylinux_2_17_x86_64.manylinux_2_28_x86_64.whl (523 kB)
2026-10-08T17:22:55.2478103Z Downloading mypy_extensions-1.1.0-py3-none-any.whl (5.0 kB)
2026-10-08T17:22:55.2597668Z Downloading packaging-26.3-py3-none-any.whl (129 kB)
2026-10-08T17:22:55.2718569Z Downloading pathspec-1.1.1-py3-none-any.whl (57 kB)
2026-10-08T17:22:55.2915541Z Downloading pygments-2.20.0-py3-none-any.whl (1.2 MB)
2026-10-08T17:22:55.2992115Z    ━━━━━━━━━━━━━━━━━━━━━━━━━━━━━━━━━━━━━━━━ 1.2/1.2 MB 165.1 MB/s  0:00:00
2026-10-08T17:22:55.3091423Z Downloading referencing-0.37.0-py3-none-any.whl (26 kB)
2026-10-08T17:22:55.3210710Z Downloading rpds_py-2026.6.3-cp314-cp314-manylinux_2_17_x86_64.manylinux2014_x86_64.whl (367 kB)
2026-10-08T17:22:55.3351160Z Downloading typing_extensions-4.16.0-py3-none-any.whl (45 kB)
2026-10-08T17:22:55.5075051Z Installing collected packages: sortedcontainers, typing_extensions, ruff, rpds-py, pygments, pluggy, pathspec, packaging, mypy_extensions, librt, iniconfig, hypothesis, coverage, attrs, ast-serialize, referencing, pytest, mypy, pytest-cov, jsonschema-specifications, jsonschema
2026-10-08T17:22:58.3930259Z 
2026-10-08T17:22:58.3946983Z Successfully installed ast-serialize-0.8.0 attrs-26.1.0 coverage-7.15.4 hypothesis-6.165.9 iniconfig-2.3.0 jsonschema-4.26.0 jsonschema-specifications-2025.9.1 librt-0.15.0 mypy-2.3.1 mypy_extensions-1.1.0 packaging-26.3 pathspec-1.1.1 pluggy-1.6.0 pygments-2.20.0 pytest-9.1.1 pytest-cov-7.1.0 referencing-0.37.0 rpds-py-2026.6.3 ruff-0.16.2 sortedcontainers-2.4.0 typing_extensions-4.16.0
2026-10-08T17:22:58.7339856Z Processing ./dist/mongoeco-4.9.0-py3-none-any.whl (from mongoeco==4.9.0)
2026-10-08T17:22:58.8270551Z Collecting cxp<6,>=5.0.0 (from cxp[exchange]<6,>=5.0.0->mongoeco==4.9.0->mongoeco==4.9.0)
2026-10-08T17:22:58.9068783Z   Downloading cxp-5.0.0-py3-none-any.whl.metadata (4.2 kB)
2026-10-08T17:22:58.9684077Z Collecting msgspec<1,>=0.20 (from mongoeco==4.9.0->mongoeco==4.9.0)
2026-10-08T17:22:58.9808895Z   Downloading msgspec-0.21.1-cp314-cp314-manylinux2014_x86_64.manylinux_2_17_x86_64.manylinux_2_28_x86_64.whl.metadata (5.8 kB)
2026-10-08T17:22:59.0055156Z Collecting pyuca<2,>=1.2 (from mongoeco==4.9.0->mongoeco==4.9.0)
2026-10-08T17:22:59.0181801Z   Downloading pyuca-1.2-py2.py3-none-any.whl.metadata (649 bytes)
2026-10-08T17:22:59.0208230Z Requirement already satisfied: rpds-py<2027,>=0.27 in /opt/hostedtoolcache/Python/3.14.8/x64/lib/python3.14/site-packages (from mongoeco==4.9.0->mongoeco==4.9.0) (2026.6.3)
2026-10-08T17:22:59.0865375Z Collecting shapely<3,>=2.1 (from mongoeco==4.9.0->mongoeco==4.9.0)
2026-10-08T17:22:59.0990307Z   Downloading shapely-2.1.2-cp314-cp314-manylinux2014_x86_64.manylinux_2_17_x86_64.whl.metadata (6.8 kB)
2026-10-08T17:22:59.3357259Z Collecting usearch<3,>=2.23 (from mongoeco==4.9.0->mongoeco==4.9.0)
2026-10-08T17:22:59.3495214Z   Downloading usearch-2.26.0-cp314-cp314-manylinux_2_26_x86_64.manylinux_2_28_x86_64.whl.metadata (33 kB)
2026-10-08T17:22:59.5619230Z Collecting pymongo<5,>=4.9 (from mongoeco==4.9.0->mongoeco==4.9.0)
2026-10-08T17:22:59.5742952Z   Downloading pymongo-4.18.2-cp314-cp314-manylinux2014_x86_64.manylinux_2_17_x86_64.manylinux_2_28_x86_64.whl.metadata (10 kB)
2026-10-08T17:22:59.5798030Z Requirement already satisfied: jsonschema<5,>=4.23 in /opt/hostedtoolcache/Python/3.14.8/x64/lib/python3.14/site-packages (from cxp[exchange]<6,>=5.0.0->mongoeco==4.9.0->mongoeco==4.9.0) (4.26.0)
2026-10-08T17:22:59.5801693Z Requirement already satisfied: referencing<1,>=0.35 in /opt/hostedtoolcache/Python/3.14.8/x64/lib/python3.14/site-packages (from cxp[exchange]<6,>=5.0.0->mongoeco==4.9.0->mongoeco==4.9.0) (0.37.0)
2026-10-08T17:22:59.5927814Z Collecting rfc8785<1,>=0.1.4 (from cxp[exchange]<6,>=5.0.0->mongoeco==4.9.0->mongoeco==4.9.0)
2026-10-08T17:22:59.6055240Z   Downloading rfc8785-0.1.4-py3-none-any.whl.metadata (3.4 kB)
2026-10-08T17:22:59.6090042Z Requirement already satisfied: attrs>=22.2.0 in /opt/hostedtoolcache/Python/3.14.8/x64/lib/python3.14/site-packages (from jsonschema<5,>=4.23->cxp[exchange]<6,>=5.0.0->mongoeco==4.9.0->mongoeco==4.9.0) (26.1.0)
2026-10-08T17:22:59.6092909Z Requirement already satisfied: jsonschema-specifications>=2023.03.6 in /opt/hostedtoolcache/Python/3.14.8/x64/lib/python3.14/site-packages (from jsonschema<5,>=4.23->cxp[exchange]<6,>=5.0.0->mongoeco==4.9.0->mongoeco==4.9.0) (2025.9.1)
2026-10-08T17:22:59.6241901Z Collecting dnspython<3.0.0,>=2.7.0 (from pymongo<5,>=4.9->mongoeco==4.9.0->mongoeco==4.9.0)
2026-10-08T17:22:59.6366249Z   Downloading dnspython-2.8.0-py3-none-any.whl.metadata (5.7 kB)
2026-10-08T17:22:59.7661770Z Collecting numpy>=1.21 (from shapely<3,>=2.1->mongoeco==4.9.0->mongoeco==4.9.0)
2026-10-08T17:22:59.7799727Z   Downloading numpy-2.5.2-cp314-cp314-manylinux_2_27_x86_64.manylinux_2_28_x86_64.whl.metadata (6.6 kB)
2026-10-08T17:22:59.8022240Z Collecting tqdm (from usearch<3,>=2.23->mongoeco==4.9.0->mongoeco==4.9.0)
2026-10-08T17:22:59.8146928Z   Downloading tqdm-4.70.0-py3-none-any.whl.metadata (57 kB)
2026-10-08T17:22:59.8862963Z Collecting numkong (from usearch<3,>=2.23->mongoeco==4.9.0->mongoeco==4.9.0)
2026-10-08T17:22:59.8994973Z   Downloading numkong-7.8.0-cp314-cp314-manylinux_2_28_x86_64.whl.metadata (86 kB)
2026-10-08T17:22:59.9301727Z Downloading cxp-5.0.0-py3-none-any.whl (58 kB)
2026-10-08T17:22:59.9456870Z Downloading msgspec-0.21.1-cp314-cp314-manylinux2014_x86_64.manylinux_2_17_x86_64.manylinux_2_28_x86_64.whl (224 kB)
2026-10-08T17:22:59.9723579Z Downloading pymongo-4.18.2-cp314-cp314-manylinux2014_x86_64.manylinux_2_17_x86_64.manylinux_2_28_x86_64.whl (1.0 MB)
2026-10-08T17:23:00.0024720Z    ━━━━━━━━━━━━━━━━━━━━━━━━━━━━━━━━━━━━━━━━ 1.0/1.0 MB 30.5 MB/s  0:00:00
2026-10-08T17:23:00.0149045Z Downloading dnspython-2.8.0-py3-none-any.whl (331 kB)
2026-10-08T17:23:00.0327236Z Downloading pyuca-1.2-py2.py3-none-any.whl (1.5 MB)
2026-10-08T17:23:00.0515187Z    ━━━━━━━━━━━━━━━━━━━━━━━━━━━━━━━━━━━━━━━━ 1.5/1.5 MB 72.2 MB/s  0:00:00
2026-10-08T17:23:00.0639697Z Downloading rfc8785-0.1.4-py3-none-any.whl (9.2 kB)
2026-10-08T17:23:00.0781182Z Downloading shapely-2.1.2-cp314-cp314-manylinux2014_x86_64.manylinux_2_17_x86_64.whl (3.1 MB)
2026-10-08T17:23:00.1041838Z    ━━━━━━━━━━━━━━━━━━━━━━━━━━━━━━━━━━━━━━━━ 3.1/3.1 MB 114.8 MB/s  0:00:00
2026-10-08T17:23:00.1184552Z Downloading usearch-2.26.0-cp314-cp314-manylinux_2_26_x86_64.manylinux_2_28_x86_64.whl (2.4 MB)
2026-10-08T17:23:00.1411709Z    ━━━━━━━━━━━━━━━━━━━━━━━━━━━━━━━━━━━━━━━━ 2.4/2.4 MB 123.0 MB/s  0:00:00
2026-10-08T17:23:00.1534844Z Downloading numpy-2.5.2-cp314-cp314-manylinux_2_27_x86_64.manylinux_2_28_x86_64.whl (16.7 MB)
2026-10-08T17:23:00.3049930Z    ━━━━━━━━━━━━━━━━━━━━━━━━━━━━━━━━━━━━━━━━ 16.7/16.7 MB 109.8 MB/s  0:00:00
2026-10-08T17:23:00.3181828Z Downloading numkong-7.8.0-cp314-cp314-manylinux_2_28_x86_64.whl (10.5 MB)
2026-10-08T17:23:00.3944650Z    ━━━━━━━━━━━━━━━━━━━━━━━━━━━━━━━━━━━━━━━━ 10.5/10.5 MB 136.8 MB/s  0:00:00
2026-10-08T17:23:00.4069071Z Downloading tqdm-4.70.0-py3-none-any.whl (80 kB)
2026-10-08T17:23:00.4945496Z Installing collected packages: pyuca, tqdm, rfc8785, numpy, numkong, msgspec, dnspython, usearch, shapely, pymongo, cxp, mongoeco
2026-10-08T17:23:03.6072521Z 
2026-10-08T17:23:03.6094121Z Successfully installed cxp-5.0.0 dnspython-2.8.0 mongoeco-4.9.0 msgspec-0.21.1 numkong-7.8.0 numpy-2.5.2 pymongo-4.18.2 pyuca-1.2 rfc8785-0.1.4 shapely-2.1.2 tqdm-4.70.0 usearch-2.26.0
2026-10-08T17:23:04.0496727Z Collecting psutil>=5.9.0 (from -r benchmarks/requirements.txt (line 1))
2026-10-08T17:23:04.1260442Z   Downloading psutil-7.2.2-cp36-abi3-manylinux2010_x86_64.manylinux_2_12_x86_64.manylinux_2_28_x86_64.whl.metadata (22 kB)
2026-10-08T17:23:04.1526077Z Collecting mongomock>=4.1.2 (from -r benchmarks/requirements.txt (line 2))
2026-10-08T17:23:04.1631494Z   Downloading mongomock-4.3.0-py2.py3-none-any.whl.metadata (12 kB)
2026-10-08T17:23:04.1830699Z Collecting tabulate>=0.9.0 (from -r benchmarks/requirements.txt (line 3))
2026-10-08T17:23:04.1927997Z   Downloading tabulate-0.10.0-py3-none-any.whl.metadata (40 kB)
2026-10-08T17:23:04.2033235Z Requirement already satisfied: packaging in /opt/hostedtoolcache/Python/3.14.8/x64/lib/python3.14/site-packages (from mongomock>=4.1.2->-r benchmarks/requirements.txt (line 2)) (26.3)
2026-10-08T17:23:04.2305143Z Collecting pytz (from mongomock>=4.1.2->-r benchmarks/requirements.txt (line 2))
2026-10-08T17:23:04.2402442Z   Downloading pytz-2026.3.post1-py2.py3-none-any.whl.metadata (22 kB)
2026-10-08T17:23:04.2588834Z Collecting sentinels (from mongomock>=4.1.2->-r benchmarks/requirements.txt (line 2))
2026-10-08T17:23:04.2686788Z   Downloading sentinels-1.1.1-py3-none-any.whl.metadata (3.0 kB)
2026-10-08T17:23:04.2815917Z Downloading psutil-7.2.2-cp36-abi3-manylinux2010_x86_64.manylinux_2_12_x86_64.manylinux_2_28_x86_64.whl (155 kB)
2026-10-08T17:23:04.3037217Z Downloading mongomock-4.3.0-py2.py3-none-any.whl (64 kB)
2026-10-08T17:23:04.3236377Z Downloading tabulate-0.10.0-py3-none-any.whl (39 kB)
2026-10-08T17:23:04.3351571Z Downloading pytz-2026.3.post1-py2.py3-none-any.whl (508 kB)
2026-10-08T17:23:04.3646111Z Downloading sentinels-1.1.1-py3-none-any.whl (3.7 kB)
2026-10-08T17:23:04.4101606Z Installing collected packages: pytz, tabulate, sentinels, psutil, mongomock
2026-10-08T17:23:04.5610797Z 
2026-10-08T17:23:04.5632130Z Successfully installed mongomock-4.3.0 psutil-7.2.2 pytz-2026.3.post1 sentinels-1.1.1 tabulate-0.10.0
2026-10-08T17:23:04.6260993Z ##[group]Run python - <<'PY'
2026-10-08T17:23:04.6261297Z [36;1mpython - <<'PY'[0m
2026-10-08T17:23:04.6261616Z [36;1mfrom pathlib import Path[0m
2026-10-08T17:23:04.6261876Z [36;1mimport mongoeco[0m
2026-10-08T17:23:04.6262116Z [36;1m[0m
2026-10-08T17:23:04.6262391Z [36;1mmodule_path = Path(mongoeco.__file__).resolve()[0m
2026-10-08T17:23:04.6262753Z [36;1massert 'site-packages' in module_path.parts, module_path[0m
2026-10-08T17:23:04.6263108Z [36;1mprint(module_path)[0m
2026-10-08T17:23:04.6263327Z [36;1mPY[0m
2026-10-08T17:23:04.6296016Z shell: /usr/bin/bash -e {0}
2026-10-08T17:23:04.6296349Z env:
2026-10-08T17:23:04.6296780Z   MONGOECO_TEST_INSTALLED_ARTIFACT: 1
2026-10-08T17:23:04.6297116Z   pythonLocation: /opt/hostedtoolcache/Python/3.14.8/x64
2026-10-08T17:23:04.6297483Z   PKG_CONFIG_PATH: /opt/hostedtoolcache/Python/3.14.8/x64/lib/pkgconfig
2026-10-08T17:23:04.6297896Z   Python_ROOT_DIR: /opt/hostedtoolcache/Python/3.14.8/x64
2026-10-08T17:23:04.6298346Z   Python2_ROOT_DIR: /opt/hostedtoolcache/Python/3.14.8/x64
2026-10-08T17:23:04.6298759Z   Python3_ROOT_DIR: /opt/hostedtoolcache/Python/3.14.8/x64
2026-10-08T17:23:04.6299145Z   LD_LIBRARY_PATH: /opt/hostedtoolcache/Python/3.14.8/x64/lib
2026-10-08T17:23:04.6299447Z ##[endgroup]
2026-10-08T17:23:04.6518350Z /opt/hostedtoolcache/Python/3.14.8/x64/lib/python3.14/site-packages/mongoeco/__init__.py
2026-10-08T17:23:04.6574695Z ##[group]Run python scripts/check_public_typing.py
2026-10-08T17:23:04.6575073Z [36;1mpython scripts/check_public_typing.py[0m
2026-10-08T17:23:04.6600960Z shell: /usr/bin/bash -e {0}
2026-10-08T17:23:04.6601236Z env:
2026-10-08T17:23:04.6601486Z   MONGOECO_TEST_INSTALLED_ARTIFACT: 1
2026-10-08T17:23:04.6601812Z   pythonLocation: /opt/hostedtoolcache/Python/3.14.8/x64
2026-10-08T17:23:04.6602170Z   PKG_CONFIG_PATH: /opt/hostedtoolcache/Python/3.14.8/x64/lib/pkgconfig
2026-10-08T17:23:04.6602532Z   Python_ROOT_DIR: /opt/hostedtoolcache/Python/3.14.8/x64
2026-10-08T17:23:04.6602896Z   Python2_ROOT_DIR: /opt/hostedtoolcache/Python/3.14.8/x64
2026-10-08T17:23:04.6603238Z   Python3_ROOT_DIR: /opt/hostedtoolcache/Python/3.14.8/x64
2026-10-08T17:23:04.6603582Z   LD_LIBRARY_PATH: /opt/hostedtoolcache/Python/3.14.8/x64/lib
2026-10-08T17:23:04.6603867Z ##[endgroup]
2026-10-08T17:23:14.7133899Z public typing contract passed: positive=1, negative-errors=14
2026-10-08T17:23:14.7222853Z ##[group]Run python scripts/smoke_external_engine.py
2026-10-08T17:23:14.7223455Z [36;1mpython scripts/smoke_external_engine.py[0m
2026-10-08T17:23:14.7262897Z shell: /usr/bin/bash -e {0}
2026-10-08T17:23:14.7263283Z env:
2026-10-08T17:23:14.7263525Z   MONGOECO_TEST_INSTALLED_ARTIFACT: 1
2026-10-08T17:23:14.7263904Z   pythonLocation: /opt/hostedtoolcache/Python/3.14.8/x64
2026-10-08T17:23:14.7264290Z   PKG_CONFIG_PATH: /opt/hostedtoolcache/Python/3.14.8/x64/lib/pkgconfig
2026-10-08T17:23:14.7264653Z   Python_ROOT_DIR: /opt/hostedtoolcache/Python/3.14.8/x64
2026-10-08T17:23:14.7265168Z   Python2_ROOT_DIR: /opt/hostedtoolcache/Python/3.14.8/x64
2026-10-08T17:23:14.7265523Z   Python3_ROOT_DIR: /opt/hostedtoolcache/Python/3.14.8/x64
2026-10-08T17:23:14.7265899Z   LD_LIBRARY_PATH: /opt/hostedtoolcache/Python/3.14.8/x64/lib
2026-10-08T17:23:14.7266198Z ##[endgroup]
2026-10-08T17:23:15.1695787Z PASS external-canary [spi-v2] passed=5, failed=0, error=0, not-applicable=5
2026-10-08T17:23:15.2215704Z ##[group]Run python scripts/update_public_api_manifest.py --check
2026-10-08T17:23:15.2216196Z [36;1mpython scripts/update_public_api_manifest.py --check[0m
2026-10-08T17:23:15.2248810Z shell: /usr/bin/bash -e {0}
2026-10-08T17:23:15.2249097Z env:
2026-10-08T17:23:15.2249414Z   MONGOECO_TEST_INSTALLED_ARTIFACT: 1
2026-10-08T17:23:15.2249740Z   pythonLocation: /opt/hostedtoolcache/Python/3.14.8/x64
2026-10-08T17:23:15.2250101Z   PKG_CONFIG_PATH: /opt/hostedtoolcache/Python/3.14.8/x64/lib/pkgconfig
2026-10-08T17:23:15.2250515Z   Python_ROOT_DIR: /opt/hostedtoolcache/Python/3.14.8/x64
2026-10-08T17:23:15.2250874Z   Python2_ROOT_DIR: /opt/hostedtoolcache/Python/3.14.8/x64
2026-10-08T17:23:15.2251260Z   Python3_ROOT_DIR: /opt/hostedtoolcache/Python/3.14.8/x64
2026-10-08T17:23:15.2251596Z   LD_LIBRARY_PATH: /opt/hostedtoolcache/Python/3.14.8/x64/lib
2026-10-08T17:23:15.2251893Z ##[endgroup]
2026-10-08T17:23:15.6969793Z public API manifest is current
2026-10-08T17:23:15.7701828Z ##[group]Run python -m unittest discover -s tests -p 'test*.py'
2026-10-08T17:23:15.7702225Z [36;1mpython -m unittest discover -s tests -p 'test*.py'[0m
2026-10-08T17:23:15.7734282Z shell: /usr/bin/bash -e {0}
2026-10-08T17:23:15.7734550Z env:
2026-10-08T17:23:15.7734840Z   MONGOECO_TEST_INSTALLED_ARTIFACT: 1
2026-10-08T17:23:15.7735158Z   pythonLocation: /opt/hostedtoolcache/Python/3.14.8/x64
2026-10-08T17:23:15.7735517Z   PKG_CONFIG_PATH: /opt/hostedtoolcache/Python/3.14.8/x64/lib/pkgconfig
2026-10-08T17:23:15.7735869Z   Python_ROOT_DIR: /opt/hostedtoolcache/Python/3.14.8/x64
2026-10-08T17:23:15.7736208Z   Python2_ROOT_DIR: /opt/hostedtoolcache/Python/3.14.8/x64
2026-10-08T17:23:15.7736757Z   Python3_ROOT_DIR: /opt/hostedtoolcache/Python/3.14.8/x64
2026-10-08T17:23:15.7737064Z   LD_LIBRARY_PATH: /opt/hostedtoolcache/Python/3.14.8/x64/lib
2026-10-08T17:23:15.7737369Z ##[endgroup]
2026-10-08T17:23:18.1229521Z ................................Executing <Task pending name='Task-663' coro=<AsyncAggregationSemanticContextTests.test_routes_share_semantics_and_validation() running at /home/runner/work/mongoeco/mongoeco/tests/integration/api/test_aggregation_semantic_context.py:372> wait_for=<Future pending cb=[shield.<locals>._outer_done_callback() at /opt/hostedtoolcache/Python/3.14.8/x64/lib/python3.14/asyncio/tasks.py:1010, Task.task_wakeup()] created at /opt/hostedtoolcache/Python/3.14.8/x64/lib/python3.14/asyncio/base_events.py:460> cb=[_run_until_complete_cb() at /opt/hostedtoolcache/Python/3.14.8/x64/lib/python3.14/asyncio/base_events.py:181] created at /opt/hostedtoolcache/Python/3.14.8/x64/lib/python3.14/asyncio/runners.py:110> took 0.100 seconds
2026-10-08T17:23:19.4498040Z .......Executing <Task pending name='Task-1610' coro=<AsyncApiIntegrationTests.test_aggregate_explain_reports_pipeline_pushdown_summary() running at /home/runner/work/mongoeco/mongoeco/tests/integration/api/test_async_api.py:3197> wait_for=<Future pending cb=[shield.<locals>._outer_done_callback() at /opt/hostedtoolcache/Python/3.14.8/x64/lib/python3.14/asyncio/tasks.py:1010, Task.task_wakeup()] created at /opt/hostedtoolcache/Python/3.14.8/x64/lib/python3.14/asyncio/base_events.py:460> cb=[_run_until_complete_cb() at /opt/hostedtoolcache/Python/3.14.8/x64/lib/python3.14/asyncio/base_events.py:181] created at /opt/hostedtoolcache/Python/3.14.8/x64/lib/python3.14/asyncio/runners.py:110> took 0.382 seconds
2026-10-08T17:23:19.5718060Z Executing <Task pending name='Task-1610' coro=<AsyncApiIntegrationTests.test_aggregate_explain_reports_pipeline_pushdown_summary() running at /home/runner/work/mongoeco/mongoeco/tests/integration/api/test_async_api.py:3197> wait_for=<Future pending cb=[shield.<locals>._outer_done_callback() at /opt/hostedtoolcache/Python/3.14.8/x64/lib/python3.14/asyncio/tasks.py:1010, Task.task_wakeup()] created at /opt/hostedtoolcache/Python/3.14.8/x64/lib/python3.14/asyncio/base_events.py:460> cb=[_run_until_complete_cb() at /opt/hostedtoolcache/Python/3.14.8/x64/lib/python3.14/asyncio/base_events.py:181] created at /opt/hostedtoolcache/Python/3.14.8/x64/lib/python3.14/asyncio/runners.py:110> took 0.112 seconds
2026-10-08T17:23:23.0391695Z ....Executing <Task pending name='Task-1636' coro=<AsyncApiIntegrationTests.test_aggregate_search_executes_text_search_and_rejects_invalid_runtime() running at /home/runner/work/mongoeco/mongoeco/tests/integration/api/test_async_api.py:239> wait_for=<Future pending cb=[shield.<locals>._outer_done_callback() at /opt/hostedtoolcache/Python/3.14.8/x64/lib/python3.14/asyncio/tasks.py:1010, Task.task_wakeup()] created at /opt/hostedtoolcache/Python/3.14.8/x64/lib/python3.14/asyncio/base_events.py:460> cb=[_run_until_complete_cb() at /opt/hostedtoolcache/Python/3.14.8/x64/lib/python3.14/asyncio/base_events.py:181] created at /opt/hostedtoolcache/Python/3.14.8/x64/lib/python3.14/asyncio/runners.py:110> took 3.431 seconds
2026-10-08T17:23:23.1727594Z Executing <Task pending name='Task-1636' coro=<AsyncApiIntegrationTests.test_aggregate_search_executes_text_search_and_rejects_invalid_runtime() running at /home/runner/work/mongoeco/mongoeco/tests/integration/api/test_async_api.py:484> wait_for=<Future pending cb=[shield.<locals>._outer_done_callback() at /opt/hostedtoolcache/Python/3.14.8/x64/lib/python3.14/asyncio/tasks.py:1010, Task.task_wakeup()] created at /opt/hostedtoolcache/Python/3.14.8/x64/lib/python3.14/asyncio/base_events.py:460> cb=[_run_until_complete_cb() at /opt/hostedtoolcache/Python/3.14.8/x64/lib/python3.14/asyncio/base_events.py:181] created at /opt/hostedtoolcache/Python/3.14.8/x64/lib/python3.14/asyncio/runners.py:110> took 0.111 seconds
2026-10-08T17:23:23.2872218Z Executing <Task pending name='Task-1636' coro=<AsyncApiIntegrationTests.test_aggregate_search_executes_text_search_and_rejects_invalid_runtime() running at /home/runner/work/mongoeco/mongoeco/tests/integration/api/test_async_api.py:542> wait_for=<Future pending cb=[shield.<locals>._outer_done_callback() at /opt/hostedtoolcache/Python/3.14.8/x64/lib/python3.14/asyncio/tasks.py:1010, Task.task_wakeup()] created at /opt/hostedtoolcache/Python/3.14.8/x64/lib/python3.14/asyncio/base_events.py:460> cb=[_run_until_complete_cb() at /opt/hostedtoolcache/Python/3.14.8/x64/lib/python3.14/asyncio/base_events.py:181] created at /opt/hostedtoolcache/Python/3.14.8/x64/lib/python3.14/asyncio/runners.py:110> took 0.112 seconds
2026-10-08T17:23:23.4009420Z Executing <Task pending name='Task-1636' coro=<AsyncApiIntegrationTests.test_aggregate_search_executes_text_search_and_rejects_invalid_runtime() running at /home/runner/work/mongoeco/mongoeco/tests/integration/api/test_async_api.py:606> wait_for=<Future pending cb=[shield.<locals>._outer_done_callback() at /opt/hostedtoolcache/Python/3.14.8/x64/lib/python3.14/asyncio/tasks.py:1010, Task.task_wakeup()] created at /opt/hostedtoolcache/Python/3.14.8/x64/lib/python3.14/asyncio/base_events.py:460> cb=[_run_until_complete_cb() at /opt/hostedtoolcache/Python/3.14.8/x64/lib/python3.14/asyncio/base_events.py:181] created at /opt/hostedtoolcache/Python/3.14.8/x64/lib/python3.14/asyncio/runners.py:110> took 0.111 seconds
2026-10-08T17:23:23.5159118Z Executing <Task pending name='Task-1636' coro=<AsyncApiIntegrationTests.test_aggregate_search_executes_text_search_and_rejects_invalid_runtime() running at /home/runner/work/mongoeco/mongoeco/tests/integration/api/test_async_api.py:657> wait_for=<Future pending cb=[shield.<locals>._outer_done_callback() at /opt/hostedtoolcache/Python/3.14.8/x64/lib/python3.14/asyncio/tasks.py:1010, Task.task_wakeup()] created at /opt/hostedtoolcache/Python/3.14.8/x64/lib/python3.14/asyncio/base_events.py:460> cb=[_run_until_complete_cb() at /opt/hostedtoolcache/Python/3.14.8/x64/lib/python3.14/asyncio/base_events.py:181] created at /opt/hostedtoolcache/Python/3.14.8/x64/lib/python3.14/asyncio/runners.py:110> took 0.112 seconds
2026-10-08T17:23:23.6314920Z Executing <Task pending name='Task-1636' coro=<AsyncApiIntegrationTests.test_aggregate_search_executes_text_search_and_rejects_invalid_runtime() running at /home/runner/work/mongoeco/mongoeco/tests/integration/api/test_async_api.py:703> wait_for=<Future pending cb=[shield.<locals>._outer_done_callback() at /opt/hostedtoolcache/Python/3.14.8/x64/lib/python3.14/asyncio/tasks.py:1010, Task.task_wakeup()] created at /opt/hostedtoolcache/Python/3.14.8/x64/lib/python3.14/asyncio/base_events.py:460> cb=[_run_until_complete_cb() at /opt/hostedtoolcache/Python/3.14.8/x64/lib/python3.14/asyncio/base_events.py:181] created at /opt/hostedtoolcache/Python/3.14.8/x64/lib/python3.14/asyncio/runners.py:110> took 0.112 seconds
2026-10-08T17:23:23.7509370Z Executing <Task pending name='Task-1636' coro=<AsyncApiIntegrationTests.test_aggregate_search_executes_text_search_and_rejects_invalid_runtime() running at /home/runner/work/mongoeco/mongoeco/tests/integration/api/test_async_api.py:771> wait_for=<Future pending cb=[shield.<locals>._outer_done_callback() at /opt/hostedtoolcache/Python/3.14.8/x64/lib/python3.14/asyncio/tasks.py:1010, Task.task_wakeup()] created at /opt/hostedtoolcache/Python/3.14.8/x64/lib/python3.14/asyncio/base_events.py:460> cb=[_run_until_complete_cb() at /opt/hostedtoolcache/Python/3.14.8/x64/lib/python3.14/asyncio/base_events.py:181] created at /opt/hostedtoolcache/Python/3.14.8/x64/lib/python3.14/asyncio/runners.py:110> took 0.113 seconds
2026-10-08T17:23:23.8640434Z Executing <Task pending name='Task-1636' coro=<AsyncApiIntegrationTests.test_aggregate_search_executes_text_search_and_rejects_invalid_runtime() running at /home/runner/work/mongoeco/mongoeco/tests/integration/api/test_async_api.py:784> wait_for=<Future pending cb=[shield.<locals>._outer_done_callback() at /opt/hostedtoolcache/Python/3.14.8/x64/lib/python3.14/asyncio/tasks.py:1010, Task.task_wakeup()] created at /opt/hostedtoolcache/Python/3.14.8/x64/lib/python3.14/asyncio/base_events.py:460> cb=[_run_until_complete_cb() at /opt/hostedtoolcache/Python/3.14.8/x64/lib/python3.14/asyncio/base_events.py:181] created at /opt/hostedtoolcache/Python/3.14.8/x64/lib/python3.14/asyncio/runners.py:110> took 0.112 seconds
2026-10-08T17:23:23.9777752Z Executing <Task pending name='Task-1636' coro=<AsyncApiIntegrationTests.test_aggregate_search_executes_text_search_and_rejects_invalid_runtime() running at /home/runner/work/mongoeco/mongoeco/tests/integration/api/test_async_api.py:805> wait_for=<Future pending cb=[shield.<locals>._outer_done_callback() at /opt/hostedtoolcache/Python/3.14.8/x64/lib/python3.14/asyncio/tasks.py:1010, Task.task_wakeup()] created at /opt/hostedtoolcache/Python/3.14.8/x64/lib/python3.14/asyncio/base_events.py:460> cb=[_run_until_complete_cb() at /opt/hostedtoolcache/Python/3.14.8/x64/lib/python3.14/asyncio/base_events.py:181] created at /opt/hostedtoolcache/Python/3.14.8/x64/lib/python3.14/asyncio/runners.py:110> took 0.112 seconds
2026-10-08T17:23:24.0927078Z Executing <Task pending name='Task-1636' coro=<AsyncApiIntegrationTests.test_aggregate_search_executes_text_search_and_rejects_invalid_runtime() running at /home/runner/work/mongoeco/mongoeco/tests/integration/api/test_async_api.py:845> wait_for=<Future pending cb=[shield.<locals>._outer_done_callback() at /opt/hostedtoolcache/Python/3.14.8/x64/lib/python3.14/asyncio/tasks.py:1010, Task.task_wakeup()] created at /opt/hostedtoolcache/Python/3.14.8/x64/lib/python3.14/asyncio/base_events.py:460> cb=[_run_until_complete_cb() at /opt/hostedtoolcache/Python/3.14.8/x64/lib/python3.14/asyncio/base_events.py:181] created at /opt/hostedtoolcache/Python/3.14.8/x64/lib/python3.14/asyncio/runners.py:110> took 0.112 seconds
2026-10-08T17:23:24.2083200Z Executing <Task pending name='Task-1636' coro=<AsyncApiIntegrationTests.test_aggregate_search_executes_text_search_and_rejects_invalid_runtime() running at /home/runner/work/mongoeco/mongoeco/tests/integration/api/test_async_api.py:883> wait_for=<Future pending cb=[shield.<locals>._outer_done_callback() at /opt/hostedtoolcache/Python/3.14.8/x64/lib/python3.14/asyncio/tasks.py:1010, Task.task_wakeup()] created at /opt/hostedtoolcache/Python/3.14.8/x64/lib/python3.14/asyncio/base_events.py:460> cb=[_run_until_complete_cb() at /opt/hostedtoolcache/Python/3.14.8/x64/lib/python3.14/asyncio/base_events.py:181] created at /opt/hostedtoolcache/Python/3.14.8/x64/lib/python3.14/asyncio/runners.py:110> took 0.115 seconds
2026-10-08T17:23:24.3333082Z Executing <Task pending name='Task-1636' coro=<AsyncApiIntegrationTests.test_aggregate_search_executes_text_search_and_rejects_invalid_runtime() running at /home/runner/work/mongoeco/mongoeco/tests/integration/api/test_async_api.py:1034> wait_for=<Future pending cb=[shield.<locals>._outer_done_callback() at /opt/hostedtoolcache/Python/3.14.8/x64/lib/python3.14/asyncio/tasks.py:1010, Task.task_wakeup()] created at /opt/hostedtoolcache/Python/3.14.8/x64/lib/python3.14/asyncio/base_events.py:460> cb=[_run_until_complete_cb() at /opt/hostedtoolcache/Python/3.14.8/x64/lib/python3.14/asyncio/base_events.py:181] created at /opt/hostedtoolcache/Python/3.14.8/x64/lib/python3.14/asyncio/runners.py:110> took 0.112 seconds
2026-10-08T17:23:24.4593641Z Executing <Task pending name='Task-1636' coro=<AsyncApiIntegrationTests.test_aggregate_search_executes_text_search_and_rejects_invalid_runtime() running at /home/runner/work/mongoeco/mongoeco/tests/integration/api/test_async_api.py:1370> wait_for=<Future pending cb=[shield.<locals>._outer_done_callback() at /opt/hostedtoolcache/Python/3.14.8/x64/lib/python3.14/asyncio/tasks.py:1010, Task.task_wakeup()] created at /opt/hostedtoolcache/Python/3.14.8/x64/lib/python3.14/asyncio/base_events.py:460> cb=[_run_until_complete_cb() at /opt/hostedtoolcache/Python/3.14.8/x64/lib/python3.14/asyncio/base_events.py:181] created at /opt/hostedtoolcache/Python/3.14.8/x64/lib/python3.14/asyncio/runners.py:110> took 0.112 seconds
2026-10-08T17:23:24.5735037Z Executing <Task pending name='Task-1636' coro=<AsyncApiIntegrationTests.test_aggregate_search_executes_text_search_and_rejects_invalid_runtime() running at /home/runner/work/mongoeco/mongoeco/tests/integration/api/test_async_api.py:1417> wait_for=<Future pending cb=[shield.<locals>._outer_done_callback() at /opt/hostedtoolcache/Python/3.14.8/x64/lib/python3.14/asyncio/tasks.py:1010, Task.task_wakeup()] created at /opt/hostedtoolcache/Python/3.14.8/x64/lib/python3.14/asyncio/base_events.py:460> cb=[_run_until_complete_cb() at /opt/hostedtoolcache/Python/3.14.8/x64/lib/python3.14/asyncio/base_events.py:181] created at /opt/hostedtoolcache/Python/3.14.8/x64/lib/python3.14/asyncio/runners.py:110> took 0.112 seconds
2026-10-08T17:23:24.6899168Z Executing <Task pending name='Task-1636' coro=<AsyncApiIntegrationTests.test_aggregate_search_executes_text_search_and_rejects_invalid_runtime() running at /home/runner/work/mongoeco/mongoeco/tests/integration/api/test_async_api.py:1578> wait_for=<Future pending cb=[shield.<locals>._outer_done_callback() at /opt/hostedtoolcache/Python/3.14.8/x64/lib/python3.14/asyncio/tasks.py:1010, Task.task_wakeup()] created at /opt/hostedtoolcache/Python/3.14.8/x64/lib/python3.14/asyncio/base_events.py:460> cb=[_run_until_complete_cb() at /opt/hostedtoolcache/Python/3.14.8/x64/lib/python3.14/asyncio/base_events.py:181] created at /opt/hostedtoolcache/Python/3.14.8/x64/lib/python3.14/asyncio/runners.py:110> took 0.113 seconds
2026-10-08T17:23:24.8574278Z Executing <Task pending name='Task-1636' coro=<AsyncApiIntegrationTests.test_aggregate_search_executes_text_search_and_rejects_invalid_runtime() running at /home/runner/work/mongoeco/mongoeco/tests/integration/api/test_async_api.py:1625> wait_for=<Future pending cb=[shield.<locals>._outer_done_callback() at /opt/hostedtoolcache/Python/3.14.8/x64/lib/python3.14/asyncio/tasks.py:1010, Task.task_wakeup()] created at /opt/hostedtoolcache/Python/3.14.8/x64/lib/python3.14/asyncio/base_events.py:460> cb=[_run_until_complete_cb() at /opt/hostedtoolcache/Python/3.14.8/x64/lib/python3.14/asyncio/base_events.py:181] created at /opt/hostedtoolcache/Python/3.14.8/x64/lib/python3.14/asyncio/runners.py:110> took 0.165 seconds
2026-10-08T17:23:24.9768984Z Executing <Task pending name='Task-1636' coro=<AsyncApiIntegrationTests.test_aggregate_search_executes_text_search_and_rejects_invalid_runtime() running at /home/runner/work/mongoeco/mongoeco/tests/integration/api/test_async_api.py:1709> wait_for=<Future pending cb=[shield.<locals>._outer_done_callback() at /opt/hostedtoolcache/Python/3.14.8/x64/lib/python3.14/asyncio/tasks.py:1010, Task.task_wakeup()] created at /opt/hostedtoolcache/Python/3.14.8/x64/lib/python3.14/asyncio/base_events.py:460> cb=[_run_until_complete_cb() at /opt/hostedtoolcache/Python/3.14.8/x64/lib/python3.14/asyncio/base_events.py:181] created at /opt/hostedtoolcache/Python/3.14.8/x64/lib/python3.14/asyncio/runners.py:110> took 0.114 seconds
2026-10-08T17:23:25.0960125Z Executing <Task pending name='Task-1636' coro=<AsyncApiIntegrationTests.test_aggregate_search_executes_text_search_and_rejects_invalid_runtime() running at /home/runner/work/mongoeco/mongoeco/tests/integration/api/test_async_api.py:1811> wait_for=<Future pending cb=[shield.<locals>._outer_done_callback() at /opt/hostedtoolcache/Python/3.14.8/x64/lib/python3.14/asyncio/tasks.py:1010, Task.task_wakeup()] created at /opt/hostedtoolcache/Python/3.14.8/x64/lib/python3.14/asyncio/base_events.py:460> cb=[_run_until_complete_cb() at /opt/hostedtoolcache/Python/3.14.8/x64/lib/python3.14/asyncio/base_events.py:181] created at /opt/hostedtoolcache/Python/3.14.8/x64/lib/python3.14/asyncio/runners.py:110> took 0.114 seconds
2026-10-08T17:23:25.2147342Z Executing <Task pending name='Task-1636' coro=<AsyncApiIntegrationTests.test_aggregate_search_executes_text_search_and_rejects_invalid_runtime() running at /home/runner/work/mongoeco/mongoeco/tests/integration/api/test_async_api.py:1910> wait_for=<Future pending cb=[shield.<locals>._outer_done_callback() at /opt/hostedtoolcache/Python/3.14.8/x64/lib/python3.14/asyncio/tasks.py:1010, Task.task_wakeup()] created at /opt/hostedtoolcache/Python/3.14.8/x64/lib/python3.14/asyncio/base_events.py:460> cb=[_run_until_complete_cb() at /opt/hostedtoolcache/Python/3.14.8/x64/lib/python3.14/asyncio/base_events.py:181] created at /opt/hostedtoolcache/Python/3.14.8/x64/lib/python3.14/asyncio/runners.py:110> took 0.114 seconds
2026-10-08T17:23:25.3324677Z Executing <Task pending name='Task-1636' coro=<AsyncApiIntegrationTests.test_aggregate_search_executes_text_search_and_rejects_invalid_runtime() running at /home/runner/work/mongoeco/mongoeco/tests/integration/api/test_async_api.py:2009> wait_for=<Future pending cb=[shield.<locals>._outer_done_callback() at /opt/hostedtoolcache/Python/3.14.8/x64/lib/python3.14/asyncio/tasks.py:1010, Task.task_wakeup()] created at /opt/hostedtoolcache/Python/3.14.8/x64/lib/python3.14/asyncio/base_events.py:460> cb=[_run_until_complete_cb() at /opt/hostedtoolcache/Python/3.14.8/x64/lib/python3.14/asyncio/base_events.py:181] created at /opt/hostedtoolcache/Python/3.14.8/x64/lib/python3.14/asyncio/runners.py:110> took 0.113 seconds
2026-10-08T17:23:25.4495586Z Executing <Task pending name='Task-1636' coro=<AsyncApiIntegrationTests.test_aggregate_search_executes_text_search_and_rejects_invalid_runtime() running at /home/runner/work/mongoeco/mongoeco/tests/integration/api/test_async_api.py:2074> wait_for=<Future pending cb=[shield.<locals>._outer_done_callback() at /opt/hostedtoolcache/Python/3.14.8/x64/lib/python3.14/asyncio/tasks.py:1010, Task.task_wakeup()] created at /opt/hostedtoolcache/Python/3.14.8/x64/lib/python3.14/asyncio/base_events.py:460> cb=[_run_until_complete_cb() at /opt/hostedtoolcache/Python/3.14.8/x64/lib/python3.14/asyncio/base_events.py:181] created at /opt/hostedtoolcache/Python/3.14.8/x64/lib/python3.14/asyncio/runners.py:110> took 0.114 seconds
2026-10-08T17:23:25.5663434Z Executing <Task pending name='Task-1636' coro=<AsyncApiIntegrationTests.test_aggregate_search_executes_text_search_and_rejects_invalid_runtime() running at /home/runner/work/mongoeco/mongoeco/tests/integration/api/test_async_api.py:2153> wait_for=<Future pending cb=[shield.<locals>._outer_done_callback() at /opt/hostedtoolcache/Python/3.14.8/x64/lib/python3.14/asyncio/tasks.py:1010, Task.task_wakeup()] created at /opt/hostedtoolcache/Python/3.14.8/x64/lib/python3.14/asyncio/base_events.py:460> cb=[_run_until_complete_cb() at /opt/hostedtoolcache/Python/3.14.8/x64/lib/python3.14/asyncio/base_events.py:181] created at /opt/hostedtoolcache/Python/3.14.8/x64/lib/python3.14/asyncio/runners.py:110> took 0.112 seconds
2026-10-08T17:23:25.6818344Z Executing <Task pending name='Task-1636' coro=<AsyncApiIntegrationTests.test_aggregate_search_executes_text_search_and_rejects_invalid_runtime() running at /home/runner/work/mongoeco/mongoeco/tests/integration/api/test_async_api.py:2170> wait_for=<Future pending cb=[shield.<locals>._outer_done_callback() at /opt/hostedtoolcache/Python/3.14.8/x64/lib/python3.14/asyncio/tasks.py:1010, Task.task_wakeup()] created at /opt/hostedtoolcache/Python/3.14.8/x64/lib/python3.14/asyncio/base_events.py:460> cb=[_run_until_complete_cb() at /opt/hostedtoolcache/Python/3.14.8/x64/lib/python3.14/asyncio/base_events.py:181] created at /opt/hostedtoolcache/Python/3.14.8/x64/lib/python3.14/asyncio/runners.py:110> took 0.113 seconds
2026-10-08T17:23:25.9113447Z Executing <Task pending name='Task-1636' coro=<AsyncApiIntegrationTests.test_aggregate_search_executes_text_search_and_rejects_invalid_runtime() running at /home/runner/work/mongoeco/mongoeco/tests/integration/api/test_async_api.py:2227> wait_for=<Future pending cb=[shield.<locals>._outer_done_callback() at /opt/hostedtoolcache/Python/3.14.8/x64/lib/python3.14/asyncio/tasks.py:1010, Task.task_wakeup()] created at /opt/hostedtoolcache/Python/3.14.8/x64/lib/python3.14/asyncio/base_events.py:460> cb=[_run_until_complete_cb() at /opt/hostedtoolcache/Python/3.14.8/x64/lib/python3.14/asyncio/base_events.py:181] created at /opt/hostedtoolcache/Python/3.14.8/x64/lib/python3.14/asyncio/runners.py:110> took 0.227 seconds
2026-10-08T17:23:26.0271254Z Executing <Task pending name='Task-1636' coro=<AsyncApiIntegrationTests.test_aggregate_search_executes_text_search_and_rejects_invalid_runtime() running at /home/runner/work/mongoeco/mongoeco/tests/integration/api/test_async_api.py:2272> wait_for=<Future pending cb=[shield.<locals>._outer_done_callback() at /opt/hostedtoolcache/Python/3.14.8/x64/lib/python3.14/asyncio/tasks.py:1010, Task.task_wakeup()] created at /opt/hostedtoolcache/Python/3.14.8/x64/lib/python3.14/asyncio/base_events.py:460> cb=[_run_until_complete_cb() at /opt/hostedtoolcache/Python/3.14.8/x64/lib/python3.14/asyncio/base_events.py:181] created at /opt/hostedtoolcache/Python/3.14.8/x64/lib/python3.14/asyncio/runners.py:110> took 0.115 seconds
2026-10-08T17:23:26.1408947Z Executing <Task pending name='Task-1636' coro=<AsyncApiIntegrationTests.test_aggregate_search_executes_text_search_and_rejects_invalid_runtime() running at /home/runner/work/mongoeco/mongoeco/tests/integration/api/test_async_api.py:2294> wait_for=<Future pending cb=[shield.<locals>._outer_done_callback() at /opt/hostedtoolcache/Python/3.14.8/x64/lib/python3.14/asyncio/tasks.py:1010, Task.task_wakeup()] created at /opt/hostedtoolcache/Python/3.14.8/x64/lib/python3.14/asyncio/base_events.py:460> cb=[_run_until_complete_cb() at /opt/hostedtoolcache/Python/3.14.8/x64/lib/python3.14/asyncio/base_events.py:181] created at /opt/hostedtoolcache/Python/3.14.8/x64/lib/python3.14/asyncio/runners.py:110> took 0.113 seconds
2026-10-08T17:23:26.2548890Z Executing <Task pending name='Task-1636' coro=<AsyncApiIntegrationTests.test_aggregate_search_executes_text_search_and_rejects_invalid_runtime() running at /home/runner/work/mongoeco/mongoeco/tests/integration/api/test_async_api.py:2315> wait_for=<Future pending cb=[shield.<locals>._outer_done_callback() at /opt/hostedtoolcache/Python/3.14.8/x64/lib/python3.14/asyncio/tasks.py:1010, Task.task_wakeup()] created at /opt/hostedtoolcache/Python/3.14.8/x64/lib/python3.14/asyncio/base_events.py:460> cb=[_run_until_complete_cb() at /opt/hostedtoolcache/Python/3.14.8/x64/lib/python3.14/asyncio/base_events.py:181] created at /opt/hostedtoolcache/Python/3.14.8/x64/lib/python3.14/asyncio/runners.py:110> took 0.112 seconds
2026-10-08T17:23:26.3690136Z Executing <Task pending name='Task-1636' coro=<AsyncApiIntegrationTests.test_aggregate_search_executes_text_search_and_rejects_invalid_runtime() running at /home/runner/work/mongoeco/mongoeco/tests/integration/api/test_async_api.py:2347> wait_for=<Future pending cb=[shield.<locals>._outer_done_callback() at /opt/hostedtoolcache/Python/3.14.8/x64/lib/python3.14/asyncio/tasks.py:1010, Task.task_wakeup()] created at /opt/hostedtoolcache/Python/3.14.8/x64/lib/python3.14/asyncio/base_events.py:460> cb=[_run_until_complete_cb() at /opt/hostedtoolcache/Python/3.14.8/x64/lib/python3.14/asyncio/base_events.py:181] created at /opt/hostedtoolcache/Python/3.14.8/x64/lib/python3.14/asyncio/runners.py:110> took 0.113 seconds
2026-10-08T17:23:26.4843612Z Executing <Task pending name='Task-1636' coro=<AsyncApiIntegrationTests.test_aggregate_search_executes_text_search_and_rejects_invalid_runtime() running at /home/runner/work/mongoeco/mongoeco/tests/integration/api/test_async_api.py:2387> wait_for=<Future pending cb=[shield.<locals>._outer_done_callback() at /opt/hostedtoolcache/Python/3.14.8/x64/lib/python3.14/asyncio/tasks.py:1010, Task.task_wakeup()] created at /opt/hostedtoolcache/Python/3.14.8/x64/lib/python3.14/asyncio/base_events.py:460> cb=[_run_until_complete_cb() at /opt/hostedtoolcache/Python/3.14.8/x64/lib/python3.14/asyncio/base_events.py:181] created at /opt/hostedtoolcache/Python/3.14.8/x64/lib/python3.14/asyncio/runners.py:110> took 0.112 seconds
2026-10-08T17:23:26.6010001Z Executing <Task pending name='Task-1636' coro=<AsyncApiIntegrationTests.test_aggregate_search_executes_text_search_and_rejects_invalid_runtime() running at /home/runner/work/mongoeco/mongoeco/tests/integration/api/test_async_api.py:2469> wait_for=<Future pending cb=[shield.<locals>._outer_done_callback() at /opt/hostedtoolcache/Python/3.14.8/x64/lib/python3.14/asyncio/tasks.py:1010, Task.task_wakeup()] created at /opt/hostedtoolcache/Python/3.14.8/x64/lib/python3.14/asyncio/base_events.py:460> cb=[_run_until_complete_cb() at /opt/hostedtoolcache/Python/3.14.8/x64/lib/python3.14/asyncio/base_events.py:181] created at /opt/hostedtoolcache/Python/3.14.8/x64/lib/python3.14/asyncio/runners.py:110> took 0.111 seconds
2026-10-08T17:23:27.9096399Z ..............................................................................................Executing <Task pending name='Task-2353' coro=<AsyncApiIntegrationTests.test_collection_supports_multi_field_local_text_indexes() running at /home/runner/work/mongoeco/mongoeco/tests/integration/api/test_async_api.py:10912> wait_for=<Future pending cb=[shield.<locals>._outer_done_callback() at /opt/hostedtoolcache/Python/3.14.8/x64/lib/python3.14/asyncio/tasks.py:1010, Task.task_wakeup()] created at /opt/hostedtoolcache/Python/3.14.8/x64/lib/python3.14/asyncio/base_events.py:460> cb=[_run_until_complete_cb() at /opt/hostedtoolcache/Python/3.14.8/x64/lib/python3.14/asyncio/base_events.py:181] created at /opt/hostedtoolcache/Python/3.14.8/x64/lib/python3.14/asyncio/runners.py:110> took 0.115 seconds
2026-10-08T17:23:28.0317041Z Executing <Task pending name='Task-2353' coro=<AsyncApiIntegrationTests.test_collection_supports_multi_field_local_text_indexes() running at /home/runner/work/mongoeco/mongoeco/tests/integration/api/test_async_api.py:10912> wait_for=<Future pending cb=[shield.<locals>._outer_done_callback() at /opt/hostedtoolcache/Python/3.14.8/x64/lib/python3.14/asyncio/tasks.py:1010, Task.task_wakeup()] created at /opt/hostedtoolcache/Python/3.14.8/x64/lib/python3.14/asyncio/base_events.py:460> cb=[_run_until_complete_cb() at /opt/hostedtoolcache/Python/3.14.8/x64/lib/python3.14/asyncio/base_events.py:181] created at /opt/hostedtoolcache/Python/3.14.8/x64/lib/python3.14/asyncio/runners.py:110> took 0.112 seconds
2026-10-08T17:23:28.1492161Z .Executing <Task pending name='Task-2360' coro=<AsyncApiIntegrationTests.test_collection_supports_text_and_geo_special_index_key_types() running at /home/runner/work/mongoeco/mongoeco/tests/integration/api/test_async_api.py:10879> wait_for=<Future pending cb=[shield.<locals>._outer_done_callback() at /opt/hostedtoolcache/Python/3.14.8/x64/lib/python3.14/asyncio/tasks.py:1010, Task.task_wakeup()] created at /opt/hostedtoolcache/Python/3.14.8/x64/lib/python3.14/asyncio/base_events.py:460> cb=[_run_until_complete_cb() at /opt/hostedtoolcache/Python/3.14.8/x64/lib/python3.14/asyncio/base_events.py:181] created at /opt/hostedtoolcache/Python/3.14.8/x64/lib/python3.14/asyncio/runners.py:110> took 0.115 seconds
2026-10-08T17:23:28.2753783Z Executing <Task pending name='Task-2360' coro=<AsyncApiIntegrationTests.test_collection_supports_text_and_geo_special_index_key_types() running at /home/runner/work/mongoeco/mongoeco/tests/integration/api/test_async_api.py:10879> wait_for=<Future pending cb=[shield.<locals>._outer_done_callback() at /opt/hostedtoolcache/Python/3.14.8/x64/lib/python3.14/asyncio/tasks.py:1010, Task.task_wakeup()] created at /opt/hostedtoolcache/Python/3.14.8/x64/lib/python3.14/asyncio/base_events.py:460> cb=[_run_until_complete_cb() at /opt/hostedtoolcache/Python/3.14.8/x64/lib/python3.14/asyncio/base_events.py:181] created at /opt/hostedtoolcache/Python/3.14.8/x64/lib/python3.14/asyncio/runners.py:110> took 0.113 seconds
2026-10-08T17:23:28.3926087Z .Executing <Task pending name='Task-2373' coro=<AsyncApiIntegrationTests.test_collection_text_index_supports_weights_and_language_metadata() running at /home/runner/work/mongoeco/mongoeco/tests/integration/api/test_async_api.py:10978> wait_for=<Future pending cb=[shield.<locals>._outer_done_callback() at /opt/hostedtoolcache/Python/3.14.8/x64/lib/python3.14/asyncio/tasks.py:1010, Task.task_wakeup()] created at /opt/hostedtoolcache/Python/3.14.8/x64/lib/python3.14/asyncio/base_events.py:460> cb=[_run_until_complete_cb() at /opt/hostedtoolcache/Python/3.14.8/x64/lib/python3.14/asyncio/base_events.py:181] created at /opt/hostedtoolcache/Python/3.14.8/x64/lib/python3.14/asyncio/runners.py:110> took 0.113 seconds
2026-10-08T17:23:28.5163556Z Executing <Task pending name='Task-2373' coro=<AsyncApiIntegrationTests.test_collection_text_index_supports_weights_and_language_metadata() running at /home/runner/work/mongoeco/mongoeco/tests/integration/api/test_async_api.py:10978> wait_for=<Future pending cb=[shield.<locals>._outer_done_callback() at /opt/hostedtoolcache/Python/3.14.8/x64/lib/python3.14/asyncio/tasks.py:1010, Task.task_wakeup()] created at /opt/hostedtoolcache/Python/3.14.8/x64/lib/python3.14/asyncio/base_events.py:460> cb=[_run_until_complete_cb() at /opt/hostedtoolcache/Python/3.14.8/x64/lib/python3.14/asyncio/base_events.py:181] created at /opt/hostedtoolcache/Python/3.14.8/x64/lib/python3.14/asyncio/runners.py:110> took 0.112 seconds
2026-10-08T17:23:28.6339985Z .Executing <Task pending name='Task-2380' coro=<AsyncApiIntegrationTests.test_collection_text_query_hint_selects_text_index_and_rejects_non_text_hint() running at /home/runner/work/mongoeco/mongoeco/tests/integration/api/test_async_api.py:11205> wait_for=<Future pending cb=[shield.<locals>._outer_done_callback() at /opt/hostedtoolcache/Python/3.14.8/x64/lib/python3.14/asyncio/tasks.py:1010, Task.task_wakeup()] created at /opt/hostedtoolcache/Python/3.14.8/x64/lib/python3.14/asyncio/base_events.py:460> cb=[_run_until_complete_cb() at /opt/hostedtoolcache/Python/3.14.8/x64/lib/python3.14/asyncio/base_events.py:181] created at /opt/hostedtoolcache/Python/3.14.8/x64/lib/python3.14/asyncio/runners.py:110> took 0.113 seconds
2026-10-08T17:23:28.7649868Z Executing <Task pending name='Task-2380' coro=<AsyncApiIntegrationTests.test_collection_text_query_hint_selects_text_index_and_rejects_non_text_hint() running at /home/runner/work/mongoeco/mongoeco/tests/integration/api/test_async_api.py:11205> wait_for=<Future pending cb=[shield.<locals>._outer_done_callback() at /opt/hostedtoolcache/Python/3.14.8/x64/lib/python3.14/asyncio/tasks.py:1010, Task.task_wakeup()] created at /opt/hostedtoolcache/Python/3.14.8/x64/lib/python3.14/asyncio/base_events.py:460> cb=[_run_until_complete_cb() at /opt/hostedtoolcache/Python/3.14.8/x64/lib/python3.14/asyncio/base_events.py:181] created at /opt/hostedtoolcache/Python/3.14.8/x64/lib/python3.14/asyncio/runners.py:110> took 0.113 seconds
2026-10-08T17:23:28.8816308Z .Executing <Task pending name='Task-2399' coro=<AsyncApiIntegrationTests.test_collection_text_query_supports_phrase_and_exclusion_semantics() running at /home/runner/work/mongoeco/mongoeco/tests/integration/api/test_async_api.py:11051> wait_for=<Future pending cb=[shield.<locals>._outer_done_callback() at /opt/hostedtoolcache/Python/3.14.8/x64/lib/python3.14/asyncio/tasks.py:1010, Task.task_wakeup()] created at /opt/hostedtoolcache/Python/3.14.8/x64/lib/python3.14/asyncio/base_events.py:460> cb=[_run_until_complete_cb() at /opt/hostedtoolcache/Python/3.14.8/x64/lib/python3.14/asyncio/base_events.py:181] created at /opt/hostedtoolcache/Python/3.14.8/x64/lib/python3.14/asyncio/runners.py:110> took 0.113 seconds
2026-10-08T17:23:29.0053406Z Executing <Task pending name='Task-2399' coro=<AsyncApiIntegrationTests.test_collection_text_query_supports_phrase_and_exclusion_semantics() running at /home/runner/work/mongoeco/mongoeco/tests/integration/api/test_async_api.py:11051> wait_for=<Future pending cb=[shield.<locals>._outer_done_callback() at /opt/hostedtoolcache/Python/3.14.8/x64/lib/python3.14/asyncio/tasks.py:1010, Task.task_wakeup()] created at /opt/hostedtoolcache/Python/3.14.8/x64/lib/python3.14/asyncio/base_events.py:460> cb=[_run_until_complete_cb() at /opt/hostedtoolcache/Python/3.14.8/x64/lib/python3.14/asyncio/base_events.py:181] created at /opt/hostedtoolcache/Python/3.14.8/x64/lib/python3.14/asyncio/runners.py:110> took 0.112 seconds
2026-10-08T17:23:29.6307014Z ..........................Executing <Task pending name='Task-2567' coro=<AsyncApiIntegrationTests.test_database_command_supports_explain_for_count_distinct_and_find_and_modify() running at /home/runner/work/mongoeco/mongoeco/tests/integration/api/test_async_api.py:5099> wait_for=<Future pending cb=[shield.<locals>._outer_done_callback() at /opt/hostedtoolcache/Python/3.14.8/x64/lib/python3.14/asyncio/tasks.py:1010, Task.task_wakeup()] created at /opt/hostedtoolcache/Python/3.14.8/x64/lib/python3.14/asyncio/base_events.py:460> cb=[_run_until_complete_cb() at /opt/hostedtoolcache/Python/3.14.8/x64/lib/python3.14/asyncio/base_events.py:181] created at /opt/hostedtoolcache/Python/3.14.8/x64/lib/python3.14/asyncio/runners.py:110> took 0.337 seconds
2026-10-08T17:23:29.7525970Z Executing <Task pending name='Task-2567' coro=<AsyncApiIntegrationTests.test_database_command_supports_explain_for_count_distinct_and_find_and_modify() running at /home/runner/work/mongoeco/mongoeco/tests/integration/api/test_async_api.py:5099> wait_for=<Future pending cb=[shield.<locals>._outer_done_callback() at /opt/hostedtoolcache/Python/3.14.8/x64/lib/python3.14/asyncio/tasks.py:1010, Task.task_wakeup()] created at /opt/hostedtoolcache/Python/3.14.8/x64/lib/python3.14/asyncio/base_events.py:460> cb=[_run_until_complete_cb() at /opt/hostedtoolcache/Python/3.14.8/x64/lib/python3.14/asyncio/base_events.py:181] created at /opt/hostedtoolcache/Python/3.14.8/x64/lib/python3.14/asyncio/runners.py:110> took 0.112 seconds
2026-10-08T17:23:29.8660062Z Executing <Task pending name='Task-2567' coro=<AsyncApiIntegrationTests.test_database_command_supports_explain_for_count_distinct_and_find_and_modify() running at /home/runner/work/mongoeco/mongoeco/tests/integration/api/test_async_api.py:5099> wait_for=<Future pending cb=[shield.<locals>._outer_done_callback() at /opt/hostedtoolcache/Python/3.14.8/x64/lib/python3.14/asyncio/tasks.py:1010, Task.task_wakeup()] created at /opt/hostedtoolcache/Python/3.14.8/x64/lib/python3.14/asyncio/base_events.py:460> cb=[_run_until_complete_cb() at /opt/hostedtoolcache/Python/3.14.8/x64/lib/python3.14/asyncio/base_events.py:181] created at /opt/hostedtoolcache/Python/3.14.8/x64/lib/python3.14/asyncio/runners.py:110> took 0.111 seconds
2026-10-08T17:23:29.9801782Z Executing <Task pending name='Task-2567' coro=<AsyncApiIntegrationTests.test_database_command_supports_explain_for_count_distinct_and_find_and_modify() running at /home/runner/work/mongoeco/mongoeco/tests/integration/api/test_async_api.py:5099> wait_for=<Future pending cb=[shield.<locals>._outer_done_callback() at /opt/hostedtoolcache/Python/3.14.8/x64/lib/python3.14/asyncio/tasks.py:1010, Task.task_wakeup()] created at /opt/hostedtoolcache/Python/3.14.8/x64/lib/python3.14/asyncio/base_events.py:460> cb=[_run_until_complete_cb() at /opt/hostedtoolcache/Python/3.14.8/x64/lib/python3.14/asyncio/base_events.py:181] created at /opt/hostedtoolcache/Python/3.14.8/x64/lib/python3.14/asyncio/runners.py:110> took 0.111 seconds
2026-10-08T17:23:30.2069045Z .Executing <Task pending name='Task-2572' coro=<AsyncApiIntegrationTests.test_database_command_supports_explain_for_find_and_aggregate() running at /home/runner/work/mongoeco/mongoeco/tests/integration/api/test_async_api.py:5081> wait_for=<Future pending cb=[shield.<locals>._outer_done_callback() at /opt/hostedtoolcache/Python/3.14.8/x64/lib/python3.14/asyncio/tasks.py:1010, Task.task_wakeup()] created at /opt/hostedtoolcache/Python/3.14.8/x64/lib/python3.14/asyncio/base_events.py:460> cb=[_run_until_complete_cb() at /opt/hostedtoolcache/Python/3.14.8/x64/lib/python3.14/asyncio/base_events.py:181] created at /opt/hostedtoolcache/Python/3.14.8/x64/lib/python3.14/asyncio/runners.py:110> took 0.224 seconds
2026-10-08T17:23:30.3291912Z Executing <Task pending name='Task-2572' coro=<AsyncApiIntegrationTests.test_database_command_supports_explain_for_find_and_aggregate() running at /home/runner/work/mongoeco/mongoeco/tests/integration/api/test_async_api.py:5081> wait_for=<Future pending cb=[shield.<locals>._outer_done_callback() at /opt/hostedtoolcache/Python/3.14.8/x64/lib/python3.14/asyncio/tasks.py:1010, Task.task_wakeup()] created at /opt/hostedtoolcache/Python/3.14.8/x64/lib/python3.14/asyncio/base_events.py:460> cb=[_run_until_complete_cb() at /opt/hostedtoolcache/Python/3.14.8/x64/lib/python3.14/asyncio/base_events.py:181] created at /opt/hostedtoolcache/Python/3.14.8/x64/lib/python3.14/asyncio/runners.py:110> took 0.112 seconds
2026-10-08T17:23:30.4432516Z Executing <Task pending name='Task-2572' coro=<AsyncApiIntegrationTests.test_database_command_supports_explain_for_find_and_aggregate() running at /home/runner/work/mongoeco/mongoeco/tests/integration/api/test_async_api.py:5081> wait_for=<Future pending cb=[shield.<locals>._outer_done_callback() at /opt/hostedtoolcache/Python/3.14.8/x64/lib/python3.14/asyncio/tasks.py:1010, Task.task_wakeup()] created at /opt/hostedtoolcache/Python/3.14.8/x64/lib/python3.14/asyncio/base_events.py:460> cb=[_run_until_complete_cb() at /opt/hostedtoolcache/Python/3.14.8/x64/lib/python3.14/asyncio/base_events.py:181] created at /opt/hostedtoolcache/Python/3.14.8/x64/lib/python3.14/asyncio/runners.py:110> took 0.111 seconds
2026-10-08T17:23:30.6700269Z .Executing <Task pending name='Task-2577' coro=<AsyncApiIntegrationTests.test_database_command_supports_explain_for_update_and_delete() running at /home/runner/work/mongoeco/mongoeco/tests/integration/api/test_async_api.py:5090> wait_for=<Future pending cb=[shield.<locals>._outer_done_callback() at /opt/hostedtoolcache/Python/3.14.8/x64/lib/python3.14/asyncio/tasks.py:1010, Task.task_wakeup()] created at /opt/hostedtoolcache/Python/3.14.8/x64/lib/python3.14/asyncio/base_events.py:460> cb=[_run_until_complete_cb() at /opt/hostedtoolcache/Python/3.14.8/x64/lib/python3.14/asyncio/base_events.py:181] created at /opt/hostedtoolcache/Python/3.14.8/x64/lib/python3.14/asyncio/runners.py:110> took 0.224 seconds
2026-10-08T17:23:30.7925031Z Executing <Task pending name='Task-2577' coro=<AsyncApiIntegrationTests.test_database_command_supports_explain_for_update_and_delete() running at /home/runner/work/mongoeco/mongoeco/tests/integration/api/test_async_api.py:5090> wait_for=<Future pending cb=[shield.<locals>._outer_done_callback() at /opt/hostedtoolcache/Python/3.14.8/x64/lib/python3.14/asyncio/tasks.py:1010, Task.task_wakeup()] created at /opt/hostedtoolcache/Python/3.14.8/x64/lib/python3.14/asyncio/base_events.py:460> cb=[_run_until_complete_cb() at /opt/hostedtoolcache/Python/3.14.8/x64/lib/python3.14/asyncio/base_events.py:181] created at /opt/hostedtoolcache/Python/3.14.8/x64/lib/python3.14/asyncio/runners.py:110> took 0.113 seconds
2026-10-08T17:23:30.9053450Z Executing <Task pending name='Task-2577' coro=<AsyncApiIntegrationTests.test_database_command_supports_explain_for_update_and_delete() running at /home/runner/work/mongoeco/mongoeco/tests/integration/api/test_async_api.py:5090> wait_for=<Future pending cb=[shield.<locals>._outer_done_callback() at /opt/hostedtoolcache/Python/3.14.8/x64/lib/python3.14/asyncio/tasks.py:1010, Task.task_wakeup()] created at /opt/hostedtoolcache/Python/3.14.8/x64/lib/python3.14/asyncio/base_events.py:460> cb=[_run_until_complete_cb() at /opt/hostedtoolcache/Python/3.14.8/x64/lib/python3.14/asyncio/base_events.py:181] created at /opt/hostedtoolcache/Python/3.14.8/x64/lib/python3.14/asyncio/runners.py:110> took 0.111 seconds
2026-10-08T17:23:31.5565505Z .............................................Executing <Task pending name='Task-2905' coro=<AsyncApiIntegrationTests.test_find_with_comment_and_max_time_updates_session_state_and_explain() running at /home/runner/work/mongoeco/mongoeco/tests/integration/api/test_async_api.py:10631> wait_for=<Future pending cb=[shield.<locals>._outer_done_callback() at /opt/hostedtoolcache/Python/3.14.8/x64/lib/python3.14/asyncio/tasks.py:1010, Task.task_wakeup()] created at /opt/hostedtoolcache/Python/3.14.8/x64/lib/python3.14/asyncio/base_events.py:460> cb=[_run_until_complete_cb() at /opt/hostedtoolcache/Python/3.14.8/x64/lib/python3.14/asyncio/base_events.py:181] created at /opt/hostedtoolcache/Python/3.14.8/x64/lib/python3.14/asyncio/runners.py:110> took 0.113 seconds
2026-10-08T17:23:31.6770147Z Executing <Task pending name='Task-2905' coro=<AsyncApiIntegrationTests.test_find_with_comment_and_max_time_updates_session_state_and_explain() running at /home/runner/work/mongoeco/mongoeco/tests/integration/api/test_async_api.py:10631> wait_for=<Future pending cb=[shield.<locals>._outer_done_callback() at /opt/hostedtoolcache/Python/3.14.8/x64/lib/python3.14/asyncio/tasks.py:1010, Task.task_wakeup()] created at /opt/hostedtoolcache/Python/3.14.8/x64/lib/python3.14/asyncio/base_events.py:460> cb=[_run_until_complete_cb() at /opt/hostedtoolcache/Python/3.14.8/x64/lib/python3.14/asyncio/base_events.py:181] created at /opt/hostedtoolcache/Python/3.14.8/x64/lib/python3.14/asyncio/runners.py:110> took 0.113 seconds
2026-10-08T17:23:31.7956733Z ...Executing <Task pending name='Task-2922' coro=<AsyncApiIntegrationTests.test_hint_requires_existing_index_and_is_reflected_in_explain() running at /home/runner/work/mongoeco/mongoeco/tests/integration/api/test_async_api.py:11747> wait_for=<Future pending cb=[shield.<locals>._outer_done_callback() at /opt/hostedtoolcache/Python/3.14.8/x64/lib/python3.14/asyncio/tasks.py:1010, Task.task_wakeup()] created at /opt/hostedtoolcache/Python/3.14.8/x64/lib/python3.14/asyncio/base_events.py:460> cb=[_run_until_complete_cb() at /opt/hostedtoolcache/Python/3.14.8/x64/lib/python3.14/asyncio/base_events.py:181] created at /opt/hostedtoolcache/Python/3.14.8/x64/lib/python3.14/asyncio/runners.py:110> took 0.113 seconds
2026-10-08T17:23:31.9191683Z Executing <Task pending name='Task-2922' coro=<AsyncApiIntegrationTests.test_hint_requires_existing_index_and_is_reflected_in_explain() running at /home/runner/work/mongoeco/mongoeco/tests/integration/api/test_async_api.py:11747> wait_for=<Future pending cb=[shield.<locals>._outer_done_callback() at /opt/hostedtoolcache/Python/3.14.8/x64/lib/python3.14/asyncio/tasks.py:1010, Task.task_wakeup()] created at /opt/hostedtoolcache/Python/3.14.8/x64/lib/python3.14/asyncio/base_events.py:460> cb=[_run_until_complete_cb() at /opt/hostedtoolcache/Python/3.14.8/x64/lib/python3.14/asyncio/base_events.py:181] created at /opt/hostedtoolcache/Python/3.14.8/x64/lib/python3.14/asyncio/runners.py:110> took 0.112 seconds
2026-10-08T17:23:32.2834192Z ..........................Executing <Task pending name='Task-3075' coro=<AsyncApiIntegrationTests.test_search_document_mapping_and_date_near_keep_parity_between_memory_and_sqlite() running at /home/runner/work/mongoeco/mongoeco/tests/integration/api/test_async_api.py:2995> wait_for=<Future pending cb=[shield.<locals>._outer_done_callback() at /opt/hostedtoolcache/Python/3.14.8/x64/lib/python3.14/asyncio/tasks.py:1010, Task.task_wakeup()] created at /opt/hostedtoolcache/Python/3.14.8/x64/lib/python3.14/asyncio/base_events.py:460> cb=[_run_until_complete_cb() at /opt/hostedtoolcache/Python/3.14.8/x64/lib/python3.14/asyncio/base_events.py:181] created at /opt/hostedtoolcache/Python/3.14.8/x64/lib/python3.14/asyncio/runners.py:110> took 0.118 seconds
2026-10-08T17:23:32.4109666Z Executing <Task pending name='Task-3075' coro=<AsyncApiIntegrationTests.test_search_document_mapping_and_date_near_keep_parity_between_memory_and_sqlite() running at /home/runner/work/mongoeco/mongoeco/tests/integration/api/test_async_api.py:3174> wait_for=<Future pending cb=[shield.<locals>._outer_done_callback() at /opt/hostedtoolcache/Python/3.14.8/x64/lib/python3.14/asyncio/tasks.py:1010, Task.task_wakeup()] created at /opt/hostedtoolcache/Python/3.14.8/x64/lib/python3.14/asyncio/base_events.py:460> cb=[_run_until_complete_cb() at /opt/hostedtoolcache/Python/3.14.8/x64/lib/python3.14/asyncio/base_events.py:181] created at /opt/hostedtoolcache/Python/3.14.8/x64/lib/python3.14/asyncio/runners.py:110> took 0.112 seconds
2026-10-08T17:23:32.5329303Z .Executing <Task pending name='Task-3080' coro=<AsyncApiIntegrationTests.test_search_embedded_documents_mapping_keeps_parity_between_memory_and_sqlite() running at /home/runner/work/mongoeco/mongoeco/tests/integration/api/test_async_api.py:2669> wait_for=<Future pending cb=[shield.<locals>._outer_done_callback() at /opt/hostedtoolcache/Python/3.14.8/x64/lib/python3.14/asyncio/tasks.py:1010, Task.task_wakeup()] created at /opt/hostedtoolcache/Python/3.14.8/x64/lib/python3.14/asyncio/base_events.py:460> cb=[_run_until_complete_cb() at /opt/hostedtoolcache/Python/3.14.8/x64/lib/python3.14/asyncio/base_events.py:181] created at /opt/hostedtoolcache/Python/3.14.8/x64/lib/python3.14/asyncio/runners.py:110> took 0.119 seconds
2026-10-08T17:23:32.6669140Z Executing <Task pending name='Task-3080' coro=<AsyncApiIntegrationTests.test_search_embedded_documents_mapping_keeps_parity_between_memory_and_sqlite() running at /home/runner/work/mongoeco/mongoeco/tests/integration/api/test_async_api.py:2669> wait_for=<Future pending cb=[shield.<locals>._outer_done_callback() at /opt/hostedtoolcache/Python/3.14.8/x64/lib/python3.14/asyncio/tasks.py:1010, Task.task_wakeup()] created at /opt/hostedtoolcache/Python/3.14.8/x64/lib/python3.14/asyncio/base_events.py:460> cb=[_run_until_complete_cb() at /opt/hostedtoolcache/Python/3.14.8/x64/lib/python3.14/asyncio/base_events.py:181] created at /opt/hostedtoolcache/Python/3.14.8/x64/lib/python3.14/asyncio/runners.py:110> took 0.112 seconds
2026-10-08T17:23:32.8654110Z ...Executing <Task pending name='Task-3095' coro=<AsyncApiIntegrationTests.test_search_phrase_slop_keeps_parity_between_memory_and_sqlite() running at /home/runner/work/mongoeco/mongoeco/tests/integration/api/test_async_api.py:2527> wait_for=<Future pending cb=[shield.<locals>._outer_done_callback() at /opt/hostedtoolcache/Python/3.14.8/x64/lib/python3.14/asyncio/tasks.py:1010, Task.task_wakeup()] created at /opt/hostedtoolcache/Python/3.14.8/x64/lib/python3.14/asyncio/base_events.py:460> cb=[_run_until_complete_cb() at /opt/hostedtoolcache/Python/3.14.8/x64/lib/python3.14/asyncio/base_events.py:181] created at /opt/hostedtoolcache/Python/3.14.8/x64/lib/python3.14/asyncio/runners.py:110> took 0.115 seconds
2026-10-08T17:23:32.9916687Z Executing <Task pending name='Task-3095' coro=<AsyncApiIntegrationTests.test_search_phrase_slop_keeps_parity_between_memory_and_sqlite() running at /home/runner/work/mongoeco/mongoeco/tests/integration/api/test_async_api.py:2527> wait_for=<Future pending cb=[shield.<locals>._outer_done_callback() at /opt/hostedtoolcache/Python/3.14.8/x64/lib/python3.14/asyncio/tasks.py:1010, Task.task_wakeup()] created at /opt/hostedtoolcache/Python/3.14.8/x64/lib/python3.14/asyncio/base_events.py:460> cb=[_run_until_complete_cb() at /opt/hostedtoolcache/Python/3.14.8/x64/lib/python3.14/asyncio/base_events.py:181] created at /opt/hostedtoolcache/Python/3.14.8/x64/lib/python3.14/asyncio/runners.py:110> took 0.112 seconds
2026-10-08T17:23:34.2060185Z ...............................................Executing <Task pending name='Task-3458' coro=<DeterministicCostContractTests.test_search_cost_contract_is_stable_across_engines_and_surfaces() running at /home/runner/work/mongoeco/mongoeco/tests/integration/api/test_deterministic_cost_contracts.py:97> wait_for=<Future pending cb=[shield.<locals>._outer_done_callback() at /opt/hostedtoolcache/Python/3.14.8/x64/lib/python3.14/asyncio/tasks.py:1010, Task.task_wakeup()] created at /opt/hostedtoolcache/Python/3.14.8/x64/lib/python3.14/asyncio/base_events.py:460> cb=[_run_until_complete_cb() at /opt/hostedtoolcache/Python/3.14.8/x64/lib/python3.14/asyncio/base_events.py:181] created at /opt/hostedtoolcache/Python/3.14.8/x64/lib/python3.14/asyncio/runners.py:110> took 0.115 seconds
2026-10-08T17:23:34.3286736Z Executing <Task pending name='Task-3458' coro=<DeterministicCostContractTests.test_search_cost_contract_is_stable_across_engines_and_surfaces() running at /home/runner/work/mongoeco/mongoeco/tests/integration/api/test_deterministic_cost_contracts.py:97> wait_for=<Future pending cb=[shield.<locals>._outer_done_callback() at /opt/hostedtoolcache/Python/3.14.8/x64/lib/python3.14/asyncio/tasks.py:1010, Task.task_wakeup()] created at /opt/hostedtoolcache/Python/3.14.8/x64/lib/python3.14/asyncio/base_events.py:460> cb=[_run_until_complete_cb() at /opt/hostedtoolcache/Python/3.14.8/x64/lib/python3.14/asyncio/base_events.py:181] created at /opt/hostedtoolcache/Python/3.14.8/x64/lib/python3.14/asyncio/runners.py:110> took 0.113 seconds
2026-10-08T17:23:34.5645869Z Executing <Task finished name='Task-3458' coro=<DeterministicCostContractTests.test_search_cost_contract_is_stable_across_engines_and_surfaces() done, defined at /home/runner/work/mongoeco/mongoeco/tests/integration/api/test_deterministic_cost_contracts.py:92> result=None created at /opt/hostedtoolcache/Python/3.14.8/x64/lib/python3.14/asyncio/runners.py:110> took 0.235 seconds
2026-10-08T17:23:34.6871529Z .Executing <Task pending name='Task-3473' coro=<DeterministicCostContractTests.test_sqlite_exact_find_owns_filter_sort_and_window() running at /home/runner/work/mongoeco/mongoeco/tests/integration/api/test_deterministic_cost_contracts.py:65> wait_for=<Future pending cb=[shield.<locals>._outer_done_callback() at /opt/hostedtoolcache/Python/3.14.8/x64/lib/python3.14/asyncio/tasks.py:1010, Task.task_wakeup()] created at /opt/hostedtoolcache/Python/3.14.8/x64/lib/python3.14/asyncio/base_events.py:460> cb=[_run_until_complete_cb() at /opt/hostedtoolcache/Python/3.14.8/x64/lib/python3.14/asyncio/base_events.py:181] created at /opt/hostedtoolcache/Python/3.14.8/x64/lib/python3.14/asyncio/runners.py:110> took 0.113 seconds
2026-10-08T17:23:35.2952013Z .................................Executing <Task pending name='Task-3759' coro=<EngineParityTests.test_database_command_list_and_explain_contracts_match_in_memory_and_sqlite() running at /home/runner/work/mongoeco/mongoeco/tests/integration/api/test_engine_parity.py:1389> wait_for=<Future pending cb=[shield.<locals>._outer_done_callback() at /opt/hostedtoolcache/Python/3.14.8/x64/lib/python3.14/asyncio/tasks.py:1010, Task.task_wakeup()] created at /opt/hostedtoolcache/Python/3.14.8/x64/lib/python3.14/asyncio/base_events.py:460> cb=[_run_until_complete_cb() at /opt/hostedtoolcache/Python/3.14.8/x64/lib/python3.14/asyncio/base_events.py:181] created at /opt/hostedtoolcache/Python/3.14.8/x64/lib/python3.14/asyncio/runners.py:110> took 0.114 seconds
2026-10-08T17:23:35.4178012Z Executing <Task pending name='Task-3759' coro=<EngineParityTests.test_database_command_list_and_explain_contracts_match_in_memory_and_sqlite() running at /home/runner/work/mongoeco/mongoeco/tests/integration/api/test_engine_parity.py:1389> wait_for=<Future pending cb=[shield.<locals>._outer_done_callback() at /opt/hostedtoolcache/Python/3.14.8/x64/lib/python3.14/asyncio/tasks.py:1010, Task.task_wakeup()] created at /opt/hostedtoolcache/Python/3.14.8/x64/lib/python3.14/asyncio/base_events.py:460> cb=[_run_until_complete_cb() at /opt/hostedtoolcache/Python/3.14.8/x64/lib/python3.14/asyncio/base_events.py:181] created at /opt/hostedtoolcache/Python/3.14.8/x64/lib/python3.14/asyncio/runners.py:110> took 0.112 seconds
2026-10-08T17:23:35.6447486Z .Executing <Task pending name='Task-3764' coro=<EngineParityTests.test_database_command_surface_matches_in_memory_and_sqlite_for_admin_subsets() running at /home/runner/work/mongoeco/mongoeco/tests/integration/api/test_engine_parity.py:2273> wait_for=<Future pending cb=[shield.<locals>._outer_done_callback() at /opt/hostedtoolcache/Python/3.14.8/x64/lib/python3.14/asyncio/tasks.py:1010, Task.task_wakeup()] created at /opt/hostedtoolcache/Python/3.14.8/x64/lib/python3.14/asyncio/base_events.py:460> cb=[_run_until_complete_cb() at /opt/hostedtoolcache/Python/3.14.8/x64/lib/python3.14/asyncio/base_events.py:181] created at /opt/hostedtoolcache/Python/3.14.8/x64/lib/python3.14/asyncio/runners.py:110> took 0.225 seconds
2026-10-08T17:23:35.8821578Z Executing <Task pending name='Task-3764' coro=<EngineParityTests.test_database_command_surface_matches_in_memory_and_sqlite_for_admin_subsets() running at /home/runner/work/mongoeco/mongoeco/tests/integration/api/test_engine_parity.py:2273> wait_for=<Future pending cb=[shield.<locals>._outer_done_callback() at /opt/hostedtoolcache/Python/3.14.8/x64/lib/python3.14/asyncio/tasks.py:1010, Task.task_wakeup()] created at /opt/hostedtoolcache/Python/3.14.8/x64/lib/python3.14/asyncio/base_events.py:460> cb=[_run_until_complete_cb() at /opt/hostedtoolcache/Python/3.14.8/x64/lib/python3.14/asyncio/base_events.py:181] created at /opt/hostedtoolcache/Python/3.14.8/x64/lib/python3.14/asyncio/runners.py:110> took 0.224 seconds
2026-10-08T17:23:37.8708916Z ........................................Executing <Task pending name='Task-4090' coro=<EngineParityTests.test_search_and_vector_search_contracts_match_in_memory_and_sqlite() running at /home/runner/work/mongoeco/mongoeco/tests/integration/api/test_engine_parity.py:1427> wait_for=<Future pending cb=[shield.<locals>._outer_done_callback() at /opt/hostedtoolcache/Python/3.14.8/x64/lib/python3.14/asyncio/tasks.py:1010, Task.task_wakeup()] created at /opt/hostedtoolcache/Python/3.14.8/x64/lib/python3.14/asyncio/base_events.py:460> cb=[_run_until_complete_cb() at /opt/hostedtoolcache/Python/3.14.8/x64/lib/python3.14/asyncio/base_events.py:181] created at /opt/hostedtoolcache/Python/3.14.8/x64/lib/python3.14/asyncio/runners.py:110> took 1.359 seconds
2026-10-08T17:23:38.0504671Z Executing <Task pending name='Task-4090' coro=<EngineParityTests.test_search_and_vector_search_contracts_match_in_memory_and_sqlite() running at /home/runner/work/mongoeco/mongoeco/tests/integration/api/test_engine_parity.py:1640> wait_for=<Future pending cb=[shield.<locals>._outer_done_callback() at /opt/hostedtoolcache/Python/3.14.8/x64/lib/python3.14/asyncio/tasks.py:1010, Task.task_wakeup()] created at /opt/hostedtoolcache/Python/3.14.8/x64/lib/python3.14/asyncio/base_events.py:460> cb=[_run_until_complete_cb() at /opt/hostedtoolcache/Python/3.14.8/x64/lib/python3.14/asyncio/base_events.py:181] created at /opt/hostedtoolcache/Python/3.14.8/x64/lib/python3.14/asyncio/runners.py:110> took 0.140 seconds
2026-10-08T17:23:38.1850546Z Executing <Task pending name='Task-4090' coro=<EngineParityTests.test_search_and_vector_search_contracts_match_in_memory_and_sqlite() running at /home/runner/work/mongoeco/mongoeco/tests/integration/api/test_engine_parity.py:1643> wait_for=<Future pending cb=[shield.<locals>._outer_done_callback() at /opt/hostedtoolcache/Python/3.14.8/x64/lib/python3.14/asyncio/tasks.py:1010, Task.task_wakeup()] created at /opt/hostedtoolcache/Python/3.14.8/x64/lib/python3.14/asyncio/base_events.py:460> cb=[_run_until_complete_cb() at /opt/hostedtoolcache/Python/3.14.8/x64/lib/python3.14/asyncio/base_events.py:181] created at /opt/hostedtoolcache/Python/3.14.8/x64/lib/python3.14/asyncio/runners.py:110> took 0.134 seconds
2026-10-08T17:23:38.3189084Z Executing <Task pending name='Task-4090' coro=<EngineParityTests.test_search_and_vector_search_contracts_match_in_memory_and_sqlite() running at /home/runner/work/mongoeco/mongoeco/tests/integration/api/test_engine_parity.py:1646> wait_for=<Future pending cb=[shield.<locals>._outer_done_callback() at /opt/hostedtoolcache/Python/3.14.8/x64/lib/python3.14/asyncio/tasks.py:1010, Task.task_wakeup()] created at /opt/hostedtoolcache/Python/3.14.8/x64/lib/python3.14/asyncio/base_events.py:460> cb=[_run_until_complete_cb() at /opt/hostedtoolcache/Python/3.14.8/x64/lib/python3.14/asyncio/base_events.py:181] created at /opt/hostedtoolcache/Python/3.14.8/x64/lib/python3.14/asyncio/runners.py:110> took 0.132 seconds
2026-10-08T17:23:38.4521323Z Executing <Task pending name='Task-4090' coro=<EngineParityTests.test_search_and_vector_search_contracts_match_in_memory_and_sqlite() running at /home/runner/work/mongoeco/mongoeco/tests/integration/api/test_engine_parity.py:1649> wait_for=<Future pending cb=[shield.<locals>._outer_done_callback() at /opt/hostedtoolcache/Python/3.14.8/x64/lib/python3.14/asyncio/tasks.py:1010, Task.task_wakeup()] created at /opt/hostedtoolcache/Python/3.14.8/x64/lib/python3.14/asyncio/base_events.py:460> cb=[_run_until_complete_cb() at /opt/hostedtoolcache/Python/3.14.8/x64/lib/python3.14/asyncio/base_events.py:181] created at /opt/hostedtoolcache/Python/3.14.8/x64/lib/python3.14/asyncio/runners.py:110> took 0.132 seconds
2026-10-08T17:23:38.5878974Z Executing <Task pending name='Task-4090' coro=<EngineParityTests.test_search_and_vector_search_contracts_match_in_memory_and_sqlite() running at /home/runner/work/mongoeco/mongoeco/tests/integration/api/test_engine_parity.py:1652> wait_for=<Future pending cb=[shield.<locals>._outer_done_callback() at /opt/hostedtoolcache/Python/3.14.8/x64/lib/python3.14/asyncio/tasks.py:1010, Task.task_wakeup()] created at /opt/hostedtoolcache/Python/3.14.8/x64/lib/python3.14/asyncio/base_events.py:460> cb=[_run_until_complete_cb() at /opt/hostedtoolcache/Python/3.14.8/x64/lib/python3.14/asyncio/base_events.py:181] created at /opt/hostedtoolcache/Python/3.14.8/x64/lib/python3.14/asyncio/runners.py:110> took 0.134 seconds
2026-10-08T17:23:38.7194724Z Executing <Task pending name='Task-4090' coro=<EngineParityTests.test_search_and_vector_search_contracts_match_in_memory_and_sqlite() running at /home/runner/work/mongoeco/mongoeco/tests/integration/api/test_engine_parity.py:1655> wait_for=<Future pending cb=[shield.<locals>._outer_done_callback() at /opt/hostedtoolcache/Python/3.14.8/x64/lib/python3.14/asyncio/tasks.py:1010, Task.task_wakeup()] created at /opt/hostedtoolcache/Python/3.14.8/x64/lib/python3.14/asyncio/base_events.py:460> cb=[_run_until_complete_cb() at /opt/hostedtoolcache/Python/3.14.8/x64/lib/python3.14/asyncio/base_events.py:181] created at /opt/hostedtoolcache/Python/3.14.8/x64/lib/python3.14/asyncio/runners.py:110> took 0.131 seconds
2026-10-08T17:23:38.8533198Z Executing <Task pending name='Task-4090' coro=<EngineParityTests.test_search_and_vector_search_contracts_match_in_memory_and_sqlite() running at /home/runner/work/mongoeco/mongoeco/tests/integration/api/test_engine_parity.py:1658> wait_for=<Future pending cb=[shield.<locals>._outer_done_callback() at /opt/hostedtoolcache/Python/3.14.8/x64/lib/python3.14/asyncio/tasks.py:1010, Task.task_wakeup()] created at /opt/hostedtoolcache/Python/3.14.8/x64/lib/python3.14/asyncio/base_events.py:460> cb=[_run_until_complete_cb() at /opt/hostedtoolcache/Python/3.14.8/x64/lib/python3.14/asyncio/base_events.py:181] created at /opt/hostedtoolcache/Python/3.14.8/x64/lib/python3.14/asyncio/runners.py:110> took 0.132 seconds
2026-10-08T17:23:38.9874626Z Executing <Task pending name='Task-4090' coro=<EngineParityTests.test_search_and_vector_search_contracts_match_in_memory_and_sqlite() running at /home/runner/work/mongoeco/mongoeco/tests/integration/api/test_engine_parity.py:1661> wait_for=<Future pending cb=[shield.<locals>._outer_done_callback() at /opt/hostedtoolcache/Python/3.14.8/x64/lib/python3.14/asyncio/tasks.py:1010, Task.task_wakeup()] created at /opt/hostedtoolcache/Python/3.14.8/x64/lib/python3.14/asyncio/base_events.py:460> cb=[_run_until_complete_cb() at /opt/hostedtoolcache/Python/3.14.8/x64/lib/python3.14/asyncio/base_events.py:181] created at /opt/hostedtoolcache/Python/3.14.8/x64/lib/python3.14/asyncio/runners.py:110> took 0.132 seconds
2026-10-08T17:23:39.1224833Z Executing <Task pending name='Task-4090' coro=<EngineParityTests.test_search_and_vector_search_contracts_match_in_memory_and_sqlite() running at /home/runner/work/mongoeco/mongoeco/tests/integration/api/test_engine_parity.py:1674> wait_for=<Future pending cb=[shield.<locals>._outer_done_callback() at /opt/hostedtoolcache/Python/3.14.8/x64/lib/python3.14/asyncio/tasks.py:1010, Task.task_wakeup()] created at /opt/hostedtoolcache/Python/3.14.8/x64/lib/python3.14/asyncio/base_events.py:460> cb=[_run_until_complete_cb() at /opt/hostedtoolcache/Python/3.14.8/x64/lib/python3.14/asyncio/base_events.py:181] created at /opt/hostedtoolcache/Python/3.14.8/x64/lib/python3.14/asyncio/runners.py:110> took 0.133 seconds
2026-10-08T17:23:39.2561518Z Executing <Task pending name='Task-4090' coro=<EngineParityTests.test_search_and_vector_search_contracts_match_in_memory_and_sqlite() running at /home/runner/work/mongoeco/mongoeco/tests/integration/api/test_engine_parity.py:1694> wait_for=<Future pending cb=[shield.<locals>._outer_done_callback() at /opt/hostedtoolcache/Python/3.14.8/x64/lib/python3.14/asyncio/tasks.py:1010, Task.task_wakeup()] created at /opt/hostedtoolcache/Python/3.14.8/x64/lib/python3.14/asyncio/base_events.py:460> cb=[_run_until_complete_cb() at /opt/hostedtoolcache/Python/3.14.8/x64/lib/python3.14/asyncio/base_events.py:181] created at /opt/hostedtoolcache/Python/3.14.8/x64/lib/python3.14/asyncio/runners.py:110> took 0.132 seconds
2026-10-08T17:23:39.3907095Z Executing <Task pending name='Task-4090' coro=<EngineParityTests.test_search_and_vector_search_contracts_match_in_memory_and_sqlite() running at /home/runner/work/mongoeco/mongoeco/tests/integration/api/test_engine_parity.py:1715> wait_for=<Future pending cb=[shield.<locals>._outer_done_callback() at /opt/hostedtoolcache/Python/3.14.8/x64/lib/python3.14/asyncio/tasks.py:1010, Task.task_wakeup()] created at /opt/hostedtoolcache/Python/3.14.8/x64/lib/python3.14/asyncio/base_events.py:460> cb=[_run_until_complete_cb() at /opt/hostedtoolcache/Python/3.14.8/x64/lib/python3.14/asyncio/base_events.py:181] created at /opt/hostedtoolcache/Python/3.14.8/x64/lib/python3.14/asyncio/runners.py:110> took 0.132 seconds
2026-10-08T17:23:39.5215628Z Executing <Task pending name='Task-4090' coro=<EngineParityTests.test_search_and_vector_search_contracts_match_in_memory_and_sqlite() running at /home/runner/work/mongoeco/mongoeco/tests/integration/api/test_engine_parity.py:1427> wait_for=<Future pending cb=[shield.<locals>._outer_done_callback() at /opt/hostedtoolcache/Python/3.14.8/x64/lib/python3.14/asyncio/tasks.py:1010, Task.task_wakeup()] created at /opt/hostedtoolcache/Python/3.14.8/x64/lib/python3.14/asyncio/base_events.py:460> cb=[_run_until_complete_cb() at /opt/hostedtoolcache/Python/3.14.8/x64/lib/python3.14/asyncio/base_events.py:181] created at /opt/hostedtoolcache/Python/3.14.8/x64/lib/python3.14/asyncio/runners.py:110> took 0.130 seconds
2026-10-08T17:23:39.9422405Z ...........Executing <Task pending name='Task-4151' coro=<EngineParityTests.test_vector_search_results_and_explain_are_repeatable_and_engine_equivalent() running at /home/runner/work/mongoeco/mongoeco/tests/integration/api/test_engine_parity.py:2053> wait_for=<Future pending cb=[shield.<locals>._outer_done_callback() at /opt/hostedtoolcache/Python/3.14.8/x64/lib/python3.14/asyncio/tasks.py:1010, Task.task_wakeup()] created at /opt/hostedtoolcache/Python/3.14.8/x64/lib/python3.14/asyncio/base_events.py:460> cb=[_run_until_complete_cb() at /opt/hostedtoolcache/Python/3.14.8/x64/lib/python3.14/asyncio/base_events.py:181] created at /opt/hostedtoolcache/Python/3.14.8/x64/lib/python3.14/asyncio/runners.py:110> took 0.266 seconds
2026-10-08T17:23:40.0865670Z Executing <Task pending name='Task-4151' coro=<EngineParityTests.test_vector_search_results_and_explain_are_repeatable_and_engine_equivalent() running at /home/runner/work/mongoeco/mongoeco/tests/integration/api/test_engine_parity.py:2134> wait_for=<Future pending cb=[shield.<locals>._outer_done_callback() at /opt/hostedtoolcache/Python/3.14.8/x64/lib/python3.14/asyncio/tasks.py:1010, Task.task_wakeup()] created at /opt/hostedtoolcache/Python/3.14.8/x64/lib/python3.14/asyncio/base_events.py:460> cb=[_run_until_complete_cb() at /opt/hostedtoolcache/Python/3.14.8/x64/lib/python3.14/asyncio/base_events.py:181] created at /opt/hostedtoolcache/Python/3.14.8/x64/lib/python3.14/asyncio/runners.py:110> took 0.132 seconds
2026-10-08T17:23:40.2184251Z Executing <Task pending name='Task-4151' coro=<EngineParityTests.test_vector_search_results_and_explain_are_repeatable_and_engine_equivalent() running at /home/runner/work/mongoeco/mongoeco/tests/integration/api/test_engine_parity.py:2053> wait_for=<Future pending cb=[shield.<locals>._outer_done_callback() at /opt/hostedtoolcache/Python/3.14.8/x64/lib/python3.14/asyncio/tasks.py:1010, Task.task_wakeup()] created at /opt/hostedtoolcache/Python/3.14.8/x64/lib/python3.14/asyncio/base_events.py:460> cb=[_run_until_complete_cb() at /opt/hostedtoolcache/Python/3.14.8/x64/lib/python3.14/asyncio/base_events.py:181] created at /opt/hostedtoolcache/Python/3.14.8/x64/lib/python3.14/asyncio/runners.py:110> took 0.131 seconds
2026-10-08T17:23:40.3551775Z .Executing <Task pending name='Task-4156' coro=<EngineParityTests.test_vector_search_tie_order_and_explain_match_in_memory_and_sqlite() running at /home/runner/work/mongoeco/mongoeco/tests/integration/api/test_engine_parity.py:1884> wait_for=<Future pending cb=[shield.<locals>._outer_done_callback() at /opt/hostedtoolcache/Python/3.14.8/x64/lib/python3.14/asyncio/tasks.py:1010, Task.task_wakeup()] created at /opt/hostedtoolcache/Python/3.14.8/x64/lib/python3.14/asyncio/base_events.py:460> cb=[_run_until_complete_cb() at /opt/hostedtoolcache/Python/3.14.8/x64/lib/python3.14/asyncio/base_events.py:181] created at /opt/hostedtoolcache/Python/3.14.8/x64/lib/python3.14/asyncio/runners.py:110> took 0.134 seconds
2026-10-08T17:23:40.4994213Z Executing <Task pending name='Task-4156' coro=<EngineParityTests.test_vector_search_tie_order_and_explain_match_in_memory_and_sqlite() running at /home/runner/work/mongoeco/mongoeco/tests/integration/api/test_engine_parity.py:1884> wait_for=<Future pending cb=[shield.<locals>._outer_done_callback() at /opt/hostedtoolcache/Python/3.14.8/x64/lib/python3.14/asyncio/tasks.py:1010, Task.task_wakeup()] created at /opt/hostedtoolcache/Python/3.14.8/x64/lib/python3.14/asyncio/base_events.py:460> cb=[_run_until_complete_cb() at /opt/hostedtoolcache/Python/3.14.8/x64/lib/python3.14/asyncio/base_events.py:181] created at /opt/hostedtoolcache/Python/3.14.8/x64/lib/python3.14/asyncio/runners.py:110> took 0.131 seconds
2026-10-08T17:23:42.2924956Z ..........................................Executing <Task pending name='Task-5006' coro=<AsyncSearchPlanningEquivalenceTests.test_optimized_and_reference_modes_are_equivalent() running at /home/runner/work/mongoeco/mongoeco/tests/integration/api/test_search_planning_equivalence.py:139> wait_for=<Future pending cb=[shield.<locals>._outer_done_callback() at /opt/hostedtoolcache/Python/3.14.8/x64/lib/python3.14/asyncio/tasks.py:1010, Task.task_wakeup()] created at /opt/hostedtoolcache/Python/3.14.8/x64/lib/python3.14/asyncio/base_events.py:460> cb=[_run_until_complete_cb() at /opt/hostedtoolcache/Python/3.14.8/x64/lib/python3.14/asyncio/base_events.py:181] created at /opt/hostedtoolcache/Python/3.14.8/x64/lib/python3.14/asyncio/runners.py:110> took 0.454 seconds
2026-10-08T17:23:42.4646304Z Executing <Task pending name='Task-5006' coro=<AsyncSearchPlanningEquivalenceTests.test_optimized_and_reference_modes_are_equivalent() running at /home/runner/work/mongoeco/mongoeco/tests/integration/api/test_search_planning_equivalence.py:238> wait_for=<Future pending cb=[shield.<locals>._outer_done_callback() at /opt/hostedtoolcache/Python/3.14.8/x64/lib/python3.14/asyncio/tasks.py:1010, Task.task_wakeup()] created at /opt/hostedtoolcache/Python/3.14.8/x64/lib/python3.14/asyncio/base_events.py:460> cb=[_run_until_complete_cb() at /opt/hostedtoolcache/Python/3.14.8/x64/lib/python3.14/asyncio/base_events.py:181] created at /opt/hostedtoolcache/Python/3.14.8/x64/lib/python3.14/asyncio/runners.py:110> took 0.114 seconds
2026-10-08T17:23:42.8029916Z Executing <Task pending name='Task-5006' coro=<AsyncSearchPlanningEquivalenceTests.test_optimized_and_reference_modes_are_equivalent() running at /home/runner/work/mongoeco/mongoeco/tests/integration/api/test_search_planning_equivalence.py:139> wait_for=<Future pending cb=[shield.<locals>._outer_done_callback() at /opt/hostedtoolcache/Python/3.14.8/x64/lib/python3.14/asyncio/tasks.py:1010, Task.task_wakeup()] created at /opt/hostedtoolcache/Python/3.14.8/x64/lib/python3.14/asyncio/base_events.py:460> cb=[_run_until_complete_cb() at /opt/hostedtoolcache/Python/3.14.8/x64/lib/python3.14/asyncio/base_events.py:181] created at /opt/hostedtoolcache/Python/3.14.8/x64/lib/python3.14/asyncio/runners.py:110> took 0.337 seconds
2026-10-08T17:23:43.7070705Z ...Executing <Task pending name='Task-5096' coro=<AsyncSearchRegressionTests.test_pending_index_never_fabricates_execution_stats() running at /home/runner/work/mongoeco/mongoeco/tests/integration/api/test_search_regressions.py:241> wait_for=<Future pending cb=[shield.<locals>._outer_done_callback() at /opt/hostedtoolcache/Python/3.14.8/x64/lib/python3.14/asyncio/tasks.py:1010, Task.task_wakeup()] created at /opt/hostedtoolcache/Python/3.14.8/x64/lib/python3.14/asyncio/base_events.py:460> cb=[_run_until_complete_cb() at /opt/hostedtoolcache/Python/3.14.8/x64/lib/python3.14/asyncio/base_events.py:181] created at /opt/hostedtoolcache/Python/3.14.8/x64/lib/python3.14/asyncio/runners.py:110> took 0.113 seconds
2026-10-08T17:23:43.8250242Z Executing <Task pending name='Task-5096' coro=<AsyncSearchRegressionTests.test_pending_index_never_fabricates_execution_stats() running at /home/runner/work/mongoeco/mongoeco/tests/integration/api/test_search_regressions.py:254> wait_for=<Future pending cb=[shield.<locals>._outer_done_callback() at /opt/hostedtoolcache/Python/3.14.8/x64/lib/python3.14/asyncio/tasks.py:1010, Task.task_wakeup()] created at /opt/hostedtoolcache/Python/3.14.8/x64/lib/python3.14/asyncio/base_events.py:460> cb=[_run_until_complete_cb() at /opt/hostedtoolcache/Python/3.14.8/x64/lib/python3.14/asyncio/base_events.py:181] created at /opt/hostedtoolcache/Python/3.14.8/x64/lib/python3.14/asyncio/runners.py:110> took 0.111 seconds
2026-10-08T17:23:43.9527098Z .Executing <Task pending name='Task-5101' coro=<AsyncSearchRegressionTests.test_search_boundaries_remain_equivalent_and_collision_free() running at /home/runner/work/mongoeco/mongoeco/tests/integration/api/test_search_regressions.py:259> wait_for=<Future pending cb=[shield.<locals>._outer_done_callback() at /opt/hostedtoolcache/Python/3.14.8/x64/lib/python3.14/asyncio/tasks.py:1010, Task.task_wakeup()] created at /opt/hostedtoolcache/Python/3.14.8/x64/lib/python3.14/asyncio/base_events.py:460> cb=[_run_until_complete_cb() at /opt/hostedtoolcache/Python/3.14.8/x64/lib/python3.14/asyncio/base_events.py:181] created at /opt/hostedtoolcache/Python/3.14.8/x64/lib/python3.14/asyncio/runners.py:110> took 0.125 seconds
2026-10-08T17:23:44.0980286Z Executing <Task pending name='Task-5101' coro=<AsyncSearchRegressionTests.test_search_boundaries_remain_equivalent_and_collision_free() running at /home/runner/work/mongoeco/mongoeco/tests/integration/api/test_search_regressions.py:331> wait_for=<Future pending cb=[shield.<locals>._outer_done_callback() at /opt/hostedtoolcache/Python/3.14.8/x64/lib/python3.14/asyncio/tasks.py:1010, Task.task_wakeup()] created at /opt/hostedtoolcache/Python/3.14.8/x64/lib/python3.14/asyncio/base_events.py:460> cb=[_run_until_complete_cb() at /opt/hostedtoolcache/Python/3.14.8/x64/lib/python3.14/asyncio/base_events.py:181] created at /opt/hostedtoolcache/Python/3.14.8/x64/lib/python3.14/asyncio/runners.py:110> took 0.119 seconds
2026-10-08T17:23:44.4858321Z .Executing <Task pending name='Task-5110' coro=<AsyncSearchRegressionTests.test_search_plan_is_shared_by_execution_and_explain() running at /home/runner/work/mongoeco/mongoeco/tests/integration/api/test_search_regressions.py:81> wait_for=<Future pending cb=[shield.<locals>._outer_done_callback() at /opt/hostedtoolcache/Python/3.14.8/x64/lib/python3.14/asyncio/tasks.py:1010, Task.task_wakeup()] created at /opt/hostedtoolcache/Python/3.14.8/x64/lib/python3.14/asyncio/base_events.py:460> cb=[_run_until_complete_cb() at /opt/hostedtoolcache/Python/3.14.8/x64/lib/python3.14/asyncio/base_events.py:181] created at /opt/hostedtoolcache/Python/3.14.8/x64/lib/python3.14/asyncio/runners.py:110> took 0.369 seconds
2026-10-08T17:23:44.7192232Z Executing <Task pending name='Task-5110' coro=<AsyncSearchRegressionTests.test_search_plan_is_shared_by_execution_and_explain() running at /home/runner/work/mongoeco/mongoeco/tests/integration/api/test_search_regressions.py:116> wait_for=<Future pending cb=[shield.<locals>._outer_done_callback() at /opt/hostedtoolcache/Python/3.14.8/x64/lib/python3.14/asyncio/tasks.py:1010, Task.task_wakeup()] created at /opt/hostedtoolcache/Python/3.14.8/x64/lib/python3.14/asyncio/base_events.py:460> cb=[_run_until_complete_cb() at /opt/hostedtoolcache/Python/3.14.8/x64/lib/python3.14/asyncio/base_events.py:181] created at /opt/hostedtoolcache/Python/3.14.8/x64/lib/python3.14/asyncio/runners.py:110> took 0.226 seconds
2026-10-08T17:23:44.8328274Z Executing <Task pending name='Task-5110' coro=<AsyncSearchRegressionTests.test_search_plan_is_shared_by_execution_and_explain() running at /home/runner/work/mongoeco/mongoeco/tests/integration/api/test_search_regressions.py:138> wait_for=<Future pending cb=[shield.<locals>._outer_done_callback() at /opt/hostedtoolcache/Python/3.14.8/x64/lib/python3.14/asyncio/tasks.py:1010, Task.task_wakeup()] created at /opt/hostedtoolcache/Python/3.14.8/x64/lib/python3.14/asyncio/base_events.py:460> cb=[_run_until_complete_cb() at /opt/hostedtoolcache/Python/3.14.8/x64/lib/python3.14/asyncio/base_events.py:181] created at /opt/hostedtoolcache/Python/3.14.8/x64/lib/python3.14/asyncio/runners.py:110> took 0.113 seconds
2026-10-08T17:23:44.9519306Z .Executing <Task pending name='Task-5115' coro=<AsyncSearchRegressionTests.test_vector_downstream_match_remains_after_top_k() running at /home/runner/work/mongoeco/mongoeco/tests/integration/api/test_search_regressions.py:396> wait_for=<Future pending cb=[shield.<locals>._outer_done_callback() at /opt/hostedtoolcache/Python/3.14.8/x64/lib/python3.14/asyncio/tasks.py:1010, Task.task_wakeup()] created at /opt/hostedtoolcache/Python/3.14.8/x64/lib/python3.14/asyncio/base_events.py:460> cb=[_run_until_complete_cb() at /opt/hostedtoolcache/Python/3.14.8/x64/lib/python3.14/asyncio/base_events.py:181] created at /opt/hostedtoolcache/Python/3.14.8/x64/lib/python3.14/asyncio/runners.py:110> took 0.115 seconds
2026-10-08T17:23:45.0739102Z Executing <Task pending name='Task-5115' coro=<AsyncSearchRegressionTests.test_vector_downstream_match_remains_after_top_k() running at /home/runner/work/mongoeco/mongoeco/tests/integration/api/test_search_regressions.py:396> wait_for=<Future pending cb=[shield.<locals>._outer_done_callback() at /opt/hostedtoolcache/Python/3.14.8/x64/lib/python3.14/asyncio/tasks.py:1010, Task.task_wakeup()] created at /opt/hostedtoolcache/Python/3.14.8/x64/lib/python3.14/asyncio/base_events.py:460> cb=[_run_until_complete_cb() at /opt/hostedtoolcache/Python/3.14.8/x64/lib/python3.14/asyncio/base_events.py:181] created at /opt/hostedtoolcache/Python/3.14.8/x64/lib/python3.14/asyncio/runners.py:110> took 0.111 seconds
2026-10-08T17:23:46.0916695Z ................Executing <Task pending name='Task-5261' coro=<AsyncSQLitePushdownEquivalenceTests.test_unprofitable_conjunct_shape_stays_on_exact_python_fallback() running at /home/runner/work/mongoeco/mongoeco/tests/integration/api/test_sqlite_pushdown_equivalence.py:27> wait_for=<Future pending cb=[shield.<locals>._outer_done_callback() at /opt/hostedtoolcache/Python/3.14.8/x64/lib/python3.14/asyncio/tasks.py:1010, Task.task_wakeup()] created at /opt/hostedtoolcache/Python/3.14.8/x64/lib/python3.14/asyncio/base_events.py:460> cb=[_run_until_complete_cb() at /opt/hostedtoolcache/Python/3.14.8/x64/lib/python3.14/asyncio/base_events.py:181] created at /opt/hostedtoolcache/Python/3.14.8/x64/lib/python3.14/asyncio/runners.py:110> took 0.111 seconds
2026-10-08T17:24:00.0055859Z ...................................................................................................................................................................................................................................................................................Executing <Task pending name='Task-8649' coro=<AsyncMongoEcoProxyServer._handle_connection() running at /opt/hostedtoolcache/Python/3.14.8/x64/lib/python3.14/site-packages/mongoeco/wire/proxy.py:116> wait_for=<Future pending cb=[Task.task_wakeup()] created at /opt/hostedtoolcache/Python/3.14.8/x64/lib/python3.14/asyncio/base_events.py:460> cb=[StreamReaderProtocol.connection_made.<locals>.callback() at /opt/hostedtoolcache/Python/3.14.8/x64/lib/python3.14/asyncio/streams.py:255] created at /opt/hostedtoolcache/Python/3.14.8/x64/lib/python3.14/asyncio/streams.py:268> took 0.112 seconds
2026-10-08T17:24:00.1327186Z .Executing <Task pending name='Task-8659' coro=<AsyncMongoEcoProxyServer._handle_connection() running at /opt/hostedtoolcache/Python/3.14.8/x64/lib/python3.14/site-packages/mongoeco/wire/proxy.py:116> wait_for=<Future pending cb=[Task.task_wakeup()] created at /opt/hostedtoolcache/Python/3.14.8/x64/lib/python3.14/asyncio/base_events.py:460> cb=[StreamReaderProtocol.connection_made.<locals>.callback() at /opt/hostedtoolcache/Python/3.14.8/x64/lib/python3.14/asyncio/streams.py:255] created at /opt/hostedtoolcache/Python/3.14.8/x64/lib/python3.14/asyncio/streams.py:268> took 0.113 seconds
2026-10-08T17:24:00.3254008Z ....................Executing <Task finished name='Task-8775' coro=<AsyncAggregationCursorTests.test_async_aggregation_cursor_explain_covers_search_fallback_and_first_empty_profile() done, defined at /home/runner/work/mongoeco/mongoeco/tests/unit/api/test_aggregation_cursor.py:1752> result=None created at /opt/hostedtoolcache/Python/3.14.8/x64/lib/python3.14/asyncio/runners.py:110> took 0.114 seconds
2026-10-08T17:24:00.4405734Z .Executing <Task finished name='Task-8780' coro=<AsyncAggregationCursorTests.test_async_aggregation_cursor_explain_includes_engine_plan_and_options() done, defined at /home/runner/work/mongoeco/mongoeco/tests/unit/api/test_aggregation_cursor.py:1659> result=None created at /opt/hostedtoolcache/Python/3.14.8/x64/lib/python3.14/asyncio/runners.py:110> took 0.114 seconds
2026-10-08T17:24:00.5560304Z .Executing <Task finished name='Task-8785' coro=<AsyncAggregationCursorTests.test_async_aggregation_cursor_explain_surfaces_deferred_reason_details() done, defined at /home/runner/work/mongoeco/mongoeco/tests/unit/api/test_aggregation_cursor.py:1824> result=None created at /opt/hostedtoolcache/Python/3.14.8/x64/lib/python3.14/asyncio/runners.py:110> took 0.115 seconds
2026-10-08T17:24:01.9098703Z .............Executing <Task finished name='Task-8848' coro=<AsyncAggregationCursorTests.test_explain_surfaces_bounded_lookup_candidate_and_runtime_fallback() done, defined at /home/runner/work/mongoeco/mongoeco/tests/unit/api/test_aggregation_cursor.py:1700> result=None created at /opt/hostedtoolcache/Python/3.14.8/x64/lib/python3.14/asyncio/runners.py:110> took 0.223 seconds
2026-10-08T17:24:02.0254845Z .Executing <Task finished name='Task-8853' coro=<AsyncAggregationCursorTests.test_group_consumes_finite_source_pages_without_materializing_input() done, defined at /home/runner/work/mongoeco/mongoeco/tests/unit/api/test_aggregation_cursor.py:1943> result=None created at /opt/hostedtoolcache/Python/3.14.8/x64/lib/python3.14/asyncio/runners.py:110> took 0.114 seconds
2026-10-08T17:24:02.1712531Z ...............Executing <Task finished name='Task-8927' coro=<AsyncAggregationCursorTests.test_materialize_rejects_large_blocking_pipeline_without_spill_budget() done, defined at /home/runner/work/mongoeco/mongoeco/tests/unit/api/test_aggregation_cursor.py:1882> result=None created at /opt/hostedtoolcache/Python/3.14.8/x64/lib/python3.14/asyncio/runners.py:110> took 0.114 seconds
2026-10-08T17:24:02.3611360Z .....Executing <Task finished name='Task-8954' coro=<AsyncAggregationCursorTests.test_partitioned_group_preserves_accumulators_and_first_seen_order() done, defined at /home/runner/work/mongoeco/mongoeco/tests/unit/api/test_aggregation_cursor.py:2019> result=None created at /opt/hostedtoolcache/Python/3.14.8/x64/lib/python3.14/asyncio/runners.py:110> took 0.122 seconds
2026-10-08T17:24:02.4856296Z ..........Executing <Task finished name='Task-9000' coro=<AsyncAggregationCursorTests.test_sort_consumes_finite_source_pages_and_preserves_global_windows() done, defined at /home/runner/work/mongoeco/mongoeco/tests/unit/api/test_aggregation_cursor.py:2123> result=None created at /opt/hostedtoolcache/Python/3.14.8/x64/lib/python3.14/asyncio/runners.py:110> took 0.114 seconds
2026-10-08T17:24:02.6073445Z ..........Executing <Task finished name='Task-9050' coro=<AsyncAggregationCursorTests.test_streaming_batch_execution_falls_back_for_global_pipeline_stages() done, defined at /home/runner/work/mongoeco/mongoeco/tests/unit/api/test_aggregation_cursor.py:1633> result=None created at /opt/hostedtoolcache/Python/3.14.8/x64/lib/python3.14/asyncio/runners.py:110> took 0.112 seconds
2026-10-08T17:24:02.9797836Z ...........................................................................................................................................................................................................Executing <Task finished name='Task-9924' coro=<CursorUnitTests.test_async_cursor_clone_rewind_alive_and_explain() done, defined at /home/runner/work/mongoeco/mongoeco/tests/unit/api/test_cursors.py:840> result=None created at /opt/hostedtoolcache/Python/3.14.8/x64/lib/python3.14/asyncio/runners.py:110> took 0.111 seconds
2026-10-08T17:24:03.4396350Z ..............Executing <Task finished name='Task-10007' coro=<CursorUnitTests.test_async_cursor_private_helpers_cover_issue_messages_and_planning_mode_resolution() done, defined at /home/runner/work/mongoeco/mongoeco/tests/unit/api/test_cursors.py:310> result=None created at /opt/hostedtoolcache/Python/3.14.8/x64/lib/python3.14/asyncio/runners.py:110> took 0.445 seconds
2026-10-08T17:24:03.5589964Z ......Executing <Task finished name='Task-10041' coro=<CursorUnitTests.test_async_cursor_rewind_clears_active_iterator_and_explain_handles_planning_issues() done, defined at /home/runner/work/mongoeco/mongoeco/tests/unit/api/test_cursors.py:1024> result=None created at /opt/hostedtoolcache/Python/3.14.8/x64/lib/python3.14/asyncio/runners.py:110> took 0.112 seconds
2026-10-08T17:24:05.1719483Z ..........................................................................................................................................................................................................................................................................................................................................................................................................................................................................................................Benchmark contract failed: engine 'memory-sync' failed: boom
2026-10-08T17:24:14.6553982Z {
2026-10-08T17:24:14.6554364Z   "memory-sync": {
2026-10-08T17:24:14.6554731Z     "error": "boom"
2026-10-08T17:24:14.6555421Z   }
2026-10-08T17:24:14.6555721Z }
2026-10-08T17:24:14.6555995Z {
2026-10-08T17:24:14.6556360Z   "schema": "mongoeco-benchmark-report/v2",
2026-10-08T17:24:14.6556971Z   "environment": {
2026-10-08T17:24:14.6557321Z     "python": "3.14.8",
2026-10-08T17:24:14.6557736Z     "pythonImplementation": "CPython",
2026-10-08T17:24:14.6558164Z     "platform": "Linux-6.17.0-1022-azure-x86_64-with-glibc2.39",
2026-10-08T17:24:14.6558579Z     "machine": "x86_64",
2026-10-08T17:24:14.6558876Z     "sqlite": "3.45.1",
2026-10-08T17:24:14.6559148Z     "jsonBackend": "stdlib",
2026-10-08T17:24:14.6559474Z     "mongoeco": "4.9.0",
2026-10-08T17:24:14.6559738Z     "dependencies": {
2026-10-08T17:24:14.6560042Z       "mongomock": "4.3.0",
2026-10-08T17:24:14.6560331Z       "orjson": null,
2026-10-08T17:24:14.6560576Z       "psutil": "7.2.2",
2026-10-08T17:24:14.6560892Z       "pymongo": "4.18.2",
2026-10-08T17:24:14.6561157Z       "usearch": "2.26.0"
2026-10-08T17:24:14.6561449Z     },
2026-10-08T17:24:14.6561799Z     "executable": "/opt/hostedtoolcache/Python/3.14.8/x64/bin/python"
2026-10-08T17:24:14.6562208Z   },
2026-10-08T17:24:14.6562486Z   "source": {
2026-10-08T17:24:14.6562774Z     "gitRevision": "7612872b5052c25de223825cd881445cc6f106f1",
2026-10-08T17:24:14.6563156Z     "gitDirty": true,
2026-10-08T17:24:14.6563774Z     "mongoecoModule": "/opt/hostedtoolcache/Python/3.14.8/x64/lib/python3.14/site-packages/mongoeco/__init__.py",
2026-10-08T17:24:14.6564422Z     "harnessSha256": "sha256:a46f2e9c5ecbf5811289439caba8210f62a24928d1a5ad295da6a7337e8b3de3",
2026-10-08T17:24:14.6565064Z     "datasetSha256": "sha256:c2b95c2ef946b1eee07d3311fedac30f6712de6ff7668d0f095f4ba705f4df63"
2026-10-08T17:24:14.6565487Z   },
2026-10-08T17:24:14.6565759Z   "config": {
2026-10-08T17:24:14.6565986Z     "size": 1,
2026-10-08T17:24:14.6566290Z     "warmup": 0,
2026-10-08T17:24:14.6566738Z     "repetitions": 1,
2026-10-08T17:24:14.6567032Z     "workloads": [
2026-10-08T17:24:14.6567324Z       "secondary_lookup_indexed",
2026-10-08T17:24:14.6567634Z       "secondary_lookup_unindexed",
2026-10-08T17:24:14.6567950Z       "secondary_lookup_diagnostics",
2026-10-08T17:24:14.6568284Z       "simple_aggregation",
2026-10-08T17:24:14.6568591Z       "materializing_aggregation",
2026-10-08T17:24:14.6568923Z       "aggregation_spill_diagnostics",
2026-10-08T17:24:14.6569238Z       "sort_limit",
2026-10-08T17:24:14.6569498Z       "cursor_consumption",
2026-10-08T17:24:14.6569822Z       "filter_selectivity",
2026-10-08T17:24:14.6570108Z       "predicate_diagnostics",
2026-10-08T17:24:14.6570404Z       "sort_shape_diagnostics"
2026-10-08T17:24:14.6570689Z     ],
2026-10-08T17:24:14.6570959Z     "rssPeakSamplingIntervalMs": 5.0
2026-10-08T17:24:14.6571292Z   },
2026-10-08T17:24:14.6571517Z   "results": {
2026-10-08T17:24:14.6571746Z     "memory-sync": {
2026-10-08T17:24:14.6572058Z       "error": "boom"
2026-10-08T17:24:14.6572324Z     }
2026-10-08T17:24:14.6572590Z   }
2026-10-08T17:24:14.6572811Z }
2026-10-08T17:24:14.6573042Z # Benchmark Report
2026-10-08T17:24:14.6573221Z 
2026-10-08T17:24:14.6573362Z ## Environment
2026-10-08T17:24:14.6573484Z 
2026-10-08T17:24:14.6573629Z - Generated at: 2026-10-08T17:24:05.176984+00:00
2026-10-08T17:24:14.6573998Z - Python: 3.14.8
2026-10-08T17:24:14.6574304Z - Platform: Linux-6.17.0-1022-azure-x86_64-with-glibc2.39
2026-10-08T17:24:14.6574654Z - Dataset size: 1
2026-10-08T17:24:14.6574959Z - Warmup runs: 0
2026-10-08T17:24:14.6575213Z - Measured repetitions: 1
2026-10-08T17:24:14.6576106Z - Workloads: secondary_lookup_indexed, secondary_lookup_unindexed, secondary_lookup_diagnostics, simple_aggregation, materializing_aggregation, aggregation_spill_diagnostics, sort_limit, cursor_consumption, filter_selectivity, predicate_diagnostics, sort_shape_diagnostics
2026-10-08T17:24:14.6577235Z - JSON backend: stdlib
2026-10-08T17:24:14.6577601Z - MONGOECO_JSON_BACKEND: unset
2026-10-08T17:24:14.6577928Z - Git revision: `7612872b5052c25de223825cd881445cc6f106f1`
2026-10-08T17:24:14.6578316Z - Git worktree dirty: `True`
2026-10-08T17:24:14.6578731Z - Report schema: `mongoeco-benchmark-report/v2`
2026-10-08T17:24:14.6579197Z - Harness SHA-256: `sha256:a46f2e9c5ecbf5811289439caba8210f62a24928d1a5ad295da6a7337e8b3de3`
2026-10-08T17:24:14.6579819Z - Dataset SHA-256: `sha256:c2b95c2ef946b1eee07d3311fedac30f6712de6ff7668d0f095f4ba705f4df63`
2026-10-08T17:24:14.6580680Z - RSS peak sampling interval: `5.0 ms`
2026-10-08T17:24:14.6581062Z - psutil: `7.2.2`
2026-10-08T17:24:14.6581323Z - mongomock: `4.3.0`
2026-10-08T17:24:14.6581628Z - orjson: `not installed`
2026-10-08T17:24:14.6581803Z 
2026-10-08T17:24:14.6581941Z ## secondary_lookup_indexed
2026-10-08T17:24:14.6582104Z 
2026-10-08T17:24:14.6582223Z ## secondary_lookup_unindexed
2026-10-08T17:24:14.6582417Z 
2026-10-08T17:24:14.6582555Z ## secondary_lookup_diagnostics
2026-10-08T17:24:14.6582710Z 
2026-10-08T17:24:14.6582825Z ## simple_aggregation
2026-10-08T17:24:14.6583030Z 
2026-10-08T17:24:14.6583164Z ## materializing_aggregation
2026-10-08T17:24:14.6583316Z 
2026-10-08T17:24:14.6583456Z ## aggregation_spill_diagnostics
2026-10-08T17:24:14.6583646Z 
2026-10-08T17:24:14.6583751Z ## sort_limit
2026-10-08T17:24:14.6583900Z 
2026-10-08T17:24:14.6584027Z ## cursor_consumption
2026-10-08T17:24:14.6584175Z 
2026-10-08T17:24:14.6584297Z ## filter_selectivity
2026-10-08T17:24:14.6584470Z 
2026-10-08T17:24:14.6584601Z ## predicate_diagnostics
2026-10-08T17:24:14.6584745Z 
2026-10-08T17:24:14.6584957Z ## sort_shape_diagnostics
2026-10-08T17:24:14.6585167Z 
2026-10-08T17:24:15.0934372Z ...................................................................................s.......................................................................................................................................................................................................................................................................................................................................................................................................................................................................................................................................................................................................................................................................................................................................................................................................................................................................................................................................................................................................................................................................................................................................................................................................................................Executing <Task pending name='Task-12954' coro=<SQLiteOutboxTests.test_crashed_dispatch_is_replayed_after_lease_expiry() running at /home/runner/work/mongoeco/mongoeco/tests/unit/core/test_sqlite_outbox.py:1725> wait_for=<Future pending cb=[shield.<locals>._outer_done_callback() at /opt/hostedtoolcache/Python/3.14.8/x64/lib/python3.14/asyncio/tasks.py:1010, Task.task_wakeup()] created at /opt/hostedtoolcache/Python/3.14.8/x64/lib/python3.14/asyncio/base_events.py:460> cb=[_run_until_complete_cb() at /opt/hostedtoolcache/Python/3.14.8/x64/lib/python3.14/asyncio/base_events.py:181] created at /opt/hostedtoolcache/Python/3.14.8/x64/lib/python3.14/asyncio/runners.py:110> took 0.466 seconds
2026-10-08T17:24:16.4063224Z ................................Executing <Task finished name='Task-13114' coro=<SQLiteOutboxTests.test_shared_file_serializes_dispatch_across_processes() done, defined at /home/runner/work/mongoeco/mongoeco/tests/unit/core/test_sqlite_outbox.py:1584> result=None created at /opt/hostedtoolcache/Python/3.14.8/x64/lib/python3.14/asyncio/runners.py:110> took 1.020 seconds
2026-10-08T17:24:21.0195988Z ....................................................................................................................................................................................................................................................................................................................................................................................................................................................................................s....unittest.case.FunctionTestCase (fail_preflight)
2026-10-08T17:24:21.0199944Z real MongoDB preflight ... ERROR
2026-10-08T17:24:21.0200310Z 
2026-10-08T17:24:21.0200490Z ======================================================================
2026-10-08T17:24:21.0200906Z ERROR: unittest.case.FunctionTestCase (fail_preflight)
2026-10-08T17:24:21.0201401Z real MongoDB preflight
2026-10-08T17:24:21.0201751Z ----------------------------------------------------------------------
2026-10-08T17:24:21.0202159Z Traceback (most recent call last):
2026-10-08T17:24:21.0207710Z   File "/home/runner/work/mongoeco/mongoeco/scripts/run_mongodb_real_differential.py", line 116, in fail_preflight
2026-10-08T17:24:21.0208272Z     raise cause
2026-10-08T17:24:21.0208681Z   File "/home/runner/work/mongoeco/mongoeco/scripts/run_mongodb_real_differential.py", line 109, in main
2026-10-08T17:24:21.0209122Z     runtime = inspect_server_runtime(
2026-10-08T17:24:21.0209452Z         os.environ["MONGOECO_REAL_MONGODB_URI"], parsed.target
2026-10-08T17:24:21.0209756Z     )
2026-10-08T17:24:21.0210360Z   File "/opt/hostedtoolcache/Python/3.14.8/x64/lib/python3.14/unittest/mock.py", line 1176, in __call__
2026-10-08T17:24:21.0210769Z     return self._mock_call(*args, **kwargs)
2026-10-08T17:24:21.0211083Z            ~~~~~~~~~~~~~~~^^^^^^^^^^^^^^^^^
2026-10-08T17:24:21.0211500Z   File "/opt/hostedtoolcache/Python/3.14.8/x64/lib/python3.14/unittest/mock.py", line 1180, in _mock_call
2026-10-08T17:24:21.0211947Z     return self._execute_mock_call(*args, **kwargs)
2026-10-08T17:24:21.0212242Z            ~~~~~~~~~~~~~~~~~~~~~~~^^^^^^^^^^^^^^^^^
2026-10-08T17:24:21.0212721Z   File "/opt/hostedtoolcache/Python/3.14.8/x64/lib/python3.14/unittest/mock.py", line 1241, in _execute_mock_call
2026-10-08T17:24:21.0213165Z     raise effect
2026-10-08T17:24:21.0213410Z RuntimeError: cannot connect to real MongoDB
2026-10-08T17:24:21.0213592Z 
2026-10-08T17:24:21.0213781Z ----------------------------------------------------------------------
2026-10-08T17:24:21.0214084Z Ran 1 test in 0.001s
2026-10-08T17:24:21.0214230Z 
2026-10-08T17:24:21.0214352Z FAILED (errors=1)
2026-10-08T17:24:21.0216717Z .differential suite resolved to zero tests
2026-10-08T17:24:21.0226337Z .unittest.case.FunctionTestCase (<lambda>) ... ok
2026-10-08T17:24:21.0226681Z 
2026-10-08T17:24:21.0226890Z ----------------------------------------------------------------------
2026-10-08T17:24:21.0227300Z Ran 1 test in 0.000s
2026-10-08T17:24:21.0227428Z 
2026-10-08T17:24:21.0227610Z OK
2026-10-08T17:24:21.0242145Z .unittest.case.FunctionTestCase (skipped) ... skipped 'connection failed after preflight'
2026-10-08T17:24:21.0242533Z 
2026-10-08T17:24:21.0242731Z ----------------------------------------------------------------------
2026-10-08T17:24:21.0243112Z Ran 1 test in 0.000s
2026-10-08T17:24:21.0243285Z 
2026-10-08T17:24:21.0243406Z OK (skipped=1)
2026-10-08T17:24:21.0259416Z .case filter matched no differential cases
2026-10-08T17:24:48.3142606Z ...............................................................................................................................................................................................................................................................................................................
2026-10-08T17:24:48.3143870Z ----------------------------------------------------------------------
2026-10-08T17:24:48.3144601Z Ran 3596 tests in 90.842s
2026-10-08T17:24:48.3144965Z 
2026-10-08T17:24:48.3145283Z OK (skipped=2)
2026-10-08T17:24:48.5004776Z ##[group]Run BASE_REF="$(git describe --tags --abbrev=0 --match 'v[0-9]*' HEAD^)"
2026-10-08T17:24:48.5005287Z [36;1mBASE_REF="$(git describe --tags --abbrev=0 --match 'v[0-9]*' HEAD^)"[0m
2026-10-08T17:24:48.5005671Z [36;1mpython scripts/check_lint_ratchet.py --base-ref "$BASE_REF"[0m
2026-10-08T17:24:48.5038814Z shell: /usr/bin/bash -e {0}
2026-10-08T17:24:48.5039215Z env:
2026-10-08T17:24:48.5039491Z   MONGOECO_TEST_INSTALLED_ARTIFACT: 1
2026-10-08T17:24:48.5039820Z   pythonLocation: /opt/hostedtoolcache/Python/3.14.8/x64
2026-10-08T17:24:48.5040202Z   PKG_CONFIG_PATH: /opt/hostedtoolcache/Python/3.14.8/x64/lib/pkgconfig
2026-10-08T17:24:48.5040596Z   Python_ROOT_DIR: /opt/hostedtoolcache/Python/3.14.8/x64
2026-10-08T17:24:48.5040957Z   Python2_ROOT_DIR: /opt/hostedtoolcache/Python/3.14.8/x64
2026-10-08T17:24:48.5041300Z   Python3_ROOT_DIR: /opt/hostedtoolcache/Python/3.14.8/x64
2026-10-08T17:24:48.5041657Z   LD_LIBRARY_PATH: /opt/hostedtoolcache/Python/3.14.8/x64/lib
2026-10-08T17:24:48.5042032Z ##[endgroup]
2026-10-08T17:24:49.5066885Z lint ratchet passed for 81 changed Python files
2026-10-08T17:24:49.5209521Z ##[group]Run python -m pytest --cov=mongoeco --cov-report=term -q
2026-10-08T17:24:49.5210058Z [36;1mpython -m pytest --cov=mongoeco --cov-report=term -q[0m
2026-10-08T17:24:49.5244116Z shell: /usr/bin/bash -e {0}
2026-10-08T17:24:49.5244449Z env:
2026-10-08T17:24:49.5244753Z   MONGOECO_TEST_INSTALLED_ARTIFACT: 1
2026-10-08T17:24:49.5245088Z   pythonLocation: /opt/hostedtoolcache/Python/3.14.8/x64
2026-10-08T17:24:49.5245546Z   PKG_CONFIG_PATH: /opt/hostedtoolcache/Python/3.14.8/x64/lib/pkgconfig
2026-10-08T17:24:49.5245966Z   Python_ROOT_DIR: /opt/hostedtoolcache/Python/3.14.8/x64
2026-10-08T17:24:49.5246365Z   Python2_ROOT_DIR: /opt/hostedtoolcache/Python/3.14.8/x64
2026-10-08T17:24:49.5246959Z   Python3_ROOT_DIR: /opt/hostedtoolcache/Python/3.14.8/x64
2026-10-08T17:24:49.5247372Z   LD_LIBRARY_PATH: /opt/hostedtoolcache/Python/3.14.8/x64/lib
2026-10-08T17:24:49.5247790Z ##[endgroup]
2026-10-08T17:24:53.9954971Z ................................. [  0%]
2026-10-08T17:24:55.8811014Z ............................................ [  0%]
2026-10-08T17:25:03.6306042Z ........................ [  1%]
2026-10-08T17:25:08.4402185Z ...................................................................................................................................................... [  2%]
2026-10-08T17:25:11.2714663Z .................................................................................. [  3%]
2026-10-08T17:25:11.7115272Z ..................................................................................................................................... [  5%]
2026-10-08T17:25:12.0626229Z ........................................................................ [  6%]
2026-10-08T17:25:12.4139432Z ........................................................................ [  6%]
2026-10-08T17:25:14.6095726Z .............................................................. [  7%]
2026-10-08T17:25:19.1218029Z ................................................................ [  8%]
2026-10-08T17:25:20.0016128Z ........................................................ [  8%]
2026-10-08T17:25:22.2369336Z ........................................................................ [  9%]
2026-10-08T17:25:22.6382218Z ........................................................................ [ 10%]
2026-10-08T17:25:23.7414586Z ...................................................................................................................... [ 11%]
2026-10-08T17:25:23.9516998Z ........................................................................ [ 12%]
2026-10-08T17:25:24.1795822Z ........................................................................ [ 13%]
2026-10-08T17:25:24.4234908Z ........................................................................ [ 14%]
2026-10-08T17:25:24.8000173Z ........................................................................ [ 15%]
2026-10-08T17:25:25.0680768Z ........................................................................ [ 15%]
2026-10-08T17:25:25.3266716Z ........................................................................ [ 16%]
2026-10-08T17:25:25.5854396Z ........................................................................ [ 17%]
2026-10-08T17:25:25.7497874Z ........................................................................ [ 18%]
2026-10-08T17:25:26.1177188Z ........................................................................ [ 19%]
2026-10-08T17:25:26.5151439Z ........................ [ 19%]
2026-10-08T17:25:27.1408868Z .......................................................................................................................... [ 20%]
2026-10-08T17:25:27.4804281Z ........................................................................ [ 21%]
2026-10-08T17:25:27.8330829Z ........................................................................ [ 22%]
2026-10-08T17:25:28.1705366Z ........................................................................ [ 23%]
2026-10-08T17:25:28.3804838Z ........................................................................ [ 24%]
2026-10-08T17:25:32.9011997Z .................................. [ 24%]
2026-10-08T17:25:33.1923744Z ........................................................................ [ 25%]
2026-10-08T17:25:33.4467472Z ........................................................................ [ 26%]
2026-10-08T17:25:33.7026892Z ........................................................................ [ 26%]
2026-10-08T17:25:33.9641975Z ........................................................................ [ 27%]
2026-10-08T17:25:34.2059807Z ........................................................................ [ 28%]
2026-10-08T17:25:34.3781532Z ........................................................................ [ 29%]
2026-10-08T17:25:34.5679017Z ........................................................................ [ 30%]
2026-10-08T17:25:34.7883048Z ........................................................................ [ 30%]
2026-10-08T17:25:35.0025315Z ........................................................................ [ 31%]
2026-10-08T17:25:35.2431805Z ........................................................................ [ 32%]
2026-10-08T17:25:35.4749396Z ........................................................................ [ 33%]
2026-10-08T17:25:35.7042269Z ........................................................................ [ 34%]
2026-10-08T17:25:35.9347072Z ........................................................................ [ 35%]
2026-10-08T17:25:36.1503786Z ........................................................................ [ 35%]
2026-10-08T17:25:36.3129162Z ........................................................................ [ 36%]
2026-10-08T17:25:36.4739979Z ........................................................................ [ 37%]
2026-10-08T17:25:36.6352929Z ........................................................................ [ 38%]
2026-10-08T17:25:36.8048556Z ........................................................................ [ 39%]
2026-10-08T17:25:37.0059566Z ........................................................................ [ 39%]
2026-10-08T17:25:37.1765098Z ........................................................................ [ 40%]
2026-10-08T17:25:37.3405036Z ........................................................................ [ 41%]
2026-10-08T17:25:37.5230004Z ........................................................................ [ 42%]
2026-10-08T17:25:37.7985997Z ........................................................................ [ 43%]
2026-10-08T17:25:38.0575149Z ........................................................................ [ 43%]
2026-10-08T17:25:38.2985988Z ........................................................................ [ 44%]
2026-10-08T17:25:38.5258253Z ........................................................................ [ 45%]
2026-10-08T17:25:38.7543697Z ........................................................................ [ 46%]
2026-10-08T17:25:38.9816662Z ........................................................................ [ 47%]
2026-10-08T17:25:39.2083226Z ........................................................................ [ 48%]
2026-10-08T17:25:39.4395783Z ........................................................................ [ 48%]
2026-10-08T17:25:39.6857141Z ........................................................................ [ 49%]
2026-10-08T17:25:39.8759280Z ........................................................................ [ 50%]
2026-10-08T17:25:40.1234933Z ........................................................................ [ 51%]
2026-10-08T17:25:40.3770657Z ........................................................................ [ 52%]
2026-10-08T17:25:40.6241400Z ........................................................................ [ 52%]
2026-10-08T17:25:41.2826891Z ........................................................................ [ 53%]
2026-10-08T17:25:44.4180080Z ........................................................................ [ 54%]
2026-10-08T17:25:52.4286022Z .............................................................. [ 55%]
2026-10-08T17:25:52.6164152Z ........................ [ 55%]
2026-10-08T17:25:55.9468615Z .................................................................................. [ 56%]
2026-10-08T17:25:56.5694906Z .......................... [ 56%]
2026-10-08T17:25:58.2377704Z .......................................................................................... [ 57%]
2026-10-08T17:26:16.3041083Z ............................................ [ 58%]
2026-10-08T17:26:18.5915101Z ............................................................. [ 58%]
2026-10-08T17:26:19.0343467Z ........................................................................................................................................................................... [ 60%]
2026-10-08T17:26:19.8019968Z ........................................................................ [ 61%]
2026-10-08T17:26:20.0962089Z ............................................................. [ 62%]
2026-10-08T17:26:20.8641700Z ...................................................................... [ 63%]
2026-10-08T17:26:20.9141436Z ........................................................................ [ 63%]
2026-10-08T17:26:20.9550615Z .................................................................. [ 64%]
2026-10-08T17:26:20.9974200Z .................................................. [ 65%]
2026-10-08T17:26:21.2275999Z .................................................................................................................... [ 66%]
2026-10-08T17:26:21.2720944Z ............................................................. [ 67%]
2026-10-08T17:26:21.6088829Z .................................................................... [ 68%]
2026-10-08T17:26:28.9736054Z ........................................s................................................................................... [ 69%]
2026-10-08T17:26:29.1118952Z ........................................................................ [ 70%]
2026-10-08T17:26:29.1467823Z ........................................................................ [ 71%]
2026-10-08T17:26:30.0900756Z ........................................................................ [ 71%]
2026-10-08T17:26:30.2171244Z ........................................................................ [ 72%]
2026-10-08T17:26:30.3661503Z ........................................................................ [ 73%]
2026-10-08T17:26:30.4383723Z .................................................................................................................... [ 74%]
2026-10-08T17:26:30.4672255Z ................................................................. [ 75%]
2026-10-08T17:26:30.5051072Z ........................................................................ [ 76%]
2026-10-08T17:26:30.5939293Z .................................................................. [ 77%]
2026-10-08T17:26:30.6341980Z ...................................................... [ 77%]
2026-10-08T17:26:30.6852035Z ...................................................................................... [ 78%]
2026-10-08T17:26:30.8231852Z ................................................................................................... [ 79%]
2026-10-08T17:26:30.8521444Z .................................................................... [ 80%]
2026-10-08T17:26:31.2152762Z ........................................................................ [ 81%]
2026-10-08T17:26:31.6745963Z ........................................................................ [ 82%]
2026-10-08T17:26:32.2298748Z ........................................................................ [ 83%]
2026-10-08T17:26:32.5869905Z ........................................................................ [ 83%]
2026-10-08T17:26:34.5703736Z ........................................................................................................................... [ 85%]
2026-10-08T17:26:35.7699237Z ........................................................................ [ 86%]
2026-10-08T17:26:35.9617701Z ........................................................................ [ 86%]
2026-10-08T17:26:36.5857212Z ................................................................ [ 87%]
2026-10-08T17:26:36.6263611Z ..................................................... [ 88%]
2026-10-08T17:26:40.0020293Z ........................................................................ [ 88%]
2026-10-08T17:26:40.7040427Z ..................................................................... [ 89%]
2026-10-08T17:27:03.5722438Z ........................................................................ [ 90%]
2026-10-08T17:27:07.4398423Z .......................................................... [ 91%]
2026-10-08T17:27:11.9515440Z ........................................................................ [ 92%]
2026-10-08T17:27:12.9097112Z ........................................................................ [ 92%]
2026-10-08T17:27:17.3338191Z ........................................................................ [ 93%]
2026-10-08T17:27:18.5921386Z ........................................................................ [ 94%]
2026-10-08T17:27:18.8988715Z .................................................................... [ 95%]
2026-10-08T17:27:19.2418378Z ....sssssssssssssssssssssssssssss.................................................. [ 96%]
2026-10-08T17:27:19.4256659Z ........................................................................ [ 96%]
2026-10-08T17:27:42.5892380Z ............................................................................ [ 97%]
2026-10-08T17:27:45.4921735Z .................. [ 98%]
2026-10-08T17:27:47.4018156Z ........................................................................ [ 98%]
2026-10-08T17:27:47.4606195Z .................................................................... [ 99%]
2026-10-08T17:27:53.9848001Z ................................                                       [100%]
2026-10-08T17:27:53.9848497Z ================================ tests coverage ================================
2026-10-08T17:27:53.9848898Z _______________ coverage: platform linux, python 3.14.8-final-0 ________________
2026-10-08T17:27:53.9849125Z 
2026-10-08T17:27:53.9849340Z Name                                                                                                                          Stmts   Miss   Cover
2026-10-08T17:27:53.9849823Z --------------------------------------------------------------------------------------------------------------------------------------------------
2026-10-08T17:27:53.9850529Z /opt/hostedtoolcache/Python/3.14.8/x64/lib/python3.14/site-packages/mongoeco/__init__.py                                         17      1  94.12%
2026-10-08T17:27:53.9851222Z /opt/hostedtoolcache/Python/3.14.8/x64/lib/python3.14/site-packages/mongoeco/_change_streams/cursor.py                          134      0 100.00%
2026-10-08T17:27:53.9851829Z /opt/hostedtoolcache/Python/3.14.8/x64/lib/python3.14/site-packages/mongoeco/_change_streams/hub.py                             399      9  97.74%
2026-10-08T17:27:53.9852743Z /opt/hostedtoolcache/Python/3.14.8/x64/lib/python3.14/site-packages/mongoeco/_change_streams/journal.py                          61      1  98.36%
2026-10-08T17:27:53.9853348Z /opt/hostedtoolcache/Python/3.14.8/x64/lib/python3.14/site-packages/mongoeco/_change_streams/models.py                           55      0 100.00%
2026-10-08T17:27:53.9853940Z /opt/hostedtoolcache/Python/3.14.8/x64/lib/python3.14/site-packages/mongoeco/_change_streams/pipeline.py                         40      0 100.00%
2026-10-08T17:27:53.9854527Z /opt/hostedtoolcache/Python/3.14.8/x64/lib/python3.14/site-packages/mongoeco/_types/__init__.py                                  17      2  88.24%
2026-10-08T17:27:53.9855211Z /opt/hostedtoolcache/Python/3.14.8/x64/lib/python3.14/site-packages/mongoeco/_types/_bson_objectid.py                           115      0 100.00%
2026-10-08T17:27:53.9855887Z /opt/hostedtoolcache/Python/3.14.8/x64/lib/python3.14/site-packages/mongoeco/_types/_bson_values.py                              99      0 100.00%
2026-10-08T17:27:53.9858267Z /opt/hostedtoolcache/Python/3.14.8/x64/lib/python3.14/site-packages/mongoeco/_types/aliases.py                                   30      0 100.00%
2026-10-08T17:27:53.9858892Z /opt/hostedtoolcache/Python/3.14.8/x64/lib/python3.14/site-packages/mongoeco/_types/bson.py                                       3      0 100.00%
2026-10-08T17:27:53.9859464Z /opt/hostedtoolcache/Python/3.14.8/x64/lib/python3.14/site-packages/mongoeco/_types/concerns.py                                 215      0 100.00%
2026-10-08T17:27:53.9860038Z /opt/hostedtoolcache/Python/3.14.8/x64/lib/python3.14/site-packages/mongoeco/_types/documents.py                                689      0 100.00%
2026-10-08T17:27:53.9860626Z /opt/hostedtoolcache/Python/3.14.8/x64/lib/python3.14/site-packages/mongoeco/_types/indexes.py                                  458      0 100.00%
2026-10-08T17:27:53.9861197Z /opt/hostedtoolcache/Python/3.14.8/x64/lib/python3.14/site-packages/mongoeco/_types/writes.py                                    87      0 100.00%
2026-10-08T17:27:53.9861767Z /opt/hostedtoolcache/Python/3.14.8/x64/lib/python3.14/site-packages/mongoeco/_version.py                                          2      0 100.00%
2026-10-08T17:27:53.9862327Z /opt/hostedtoolcache/Python/3.14.8/x64/lib/python3.14/site-packages/mongoeco/api/__init__.py                                     13      2  84.62%
2026-10-08T17:27:53.9862890Z /opt/hostedtoolcache/Python/3.14.8/x64/lib/python3.14/site-packages/mongoeco/api/_async/__init__.py                              12      1  91.67%
2026-10-08T17:27:53.9863479Z /opt/hostedtoolcache/Python/3.14.8/x64/lib/python3.14/site-packages/mongoeco/api/_async/_active_operations.py                    18      0 100.00%
2026-10-08T17:27:53.9864072Z /opt/hostedtoolcache/Python/3.14.8/x64/lib/python3.14/site-packages/mongoeco/api/_async/_collection_bulk.py                     207      2  99.03%
2026-10-08T17:27:53.9864666Z /opt/hostedtoolcache/Python/3.14.8/x64/lib/python3.14/site-packages/mongoeco/api/_async/_collection_indexing.py                 164      2  98.78%
2026-10-08T17:27:53.9865258Z /opt/hostedtoolcache/Python/3.14.8/x64/lib/python3.14/site-packages/mongoeco/api/_async/_collection_modify.py                   194     14  92.78%
2026-10-08T17:27:53.9865848Z /opt/hostedtoolcache/Python/3.14.8/x64/lib/python3.14/site-packages/mongoeco/api/_async/_collection_reads.py                     79      0 100.00%
2026-10-08T17:27:53.9866549Z /opt/hostedtoolcache/Python/3.14.8/x64/lib/python3.14/site-packages/mongoeco/api/_async/_collection_runtime.py                  300      8  97.33%
2026-10-08T17:27:53.9867236Z /opt/hostedtoolcache/Python/3.14.8/x64/lib/python3.14/site-packages/mongoeco/api/_async/_collection_watch.py                     21      0 100.00%
2026-10-08T17:27:53.9867838Z /opt/hostedtoolcache/Python/3.14.8/x64/lib/python3.14/site-packages/mongoeco/api/_async/_database_admin_command_compiler.py      85      1  98.82%
2026-10-08T17:27:53.9868450Z /opt/hostedtoolcache/Python/3.14.8/x64/lib/python3.14/site-packages/mongoeco/api/_async/_database_admin_namespace.py             91      0 100.00%
2026-10-08T17:27:53.9869135Z /opt/hostedtoolcache/Python/3.14.8/x64/lib/python3.14/site-packages/mongoeco/api/_async/_database_admin_read_commands.py        202      4  98.02%
2026-10-08T17:27:53.9869726Z /opt/hostedtoolcache/Python/3.14.8/x64/lib/python3.14/site-packages/mongoeco/api/_async/_database_admin_routing.py               95      0 100.00%
2026-10-08T17:27:53.9870329Z /opt/hostedtoolcache/Python/3.14.8/x64/lib/python3.14/site-packages/mongoeco/api/_async/_database_admin_write_commands.py       218      4  98.17%
2026-10-08T17:27:53.9870927Z /opt/hostedtoolcache/Python/3.14.8/x64/lib/python3.14/site-packages/mongoeco/api/_async/_database_command_contract.py            52      1  98.08%
2026-10-08T17:27:53.9871596Z /opt/hostedtoolcache/Python/3.14.8/x64/lib/python3.14/site-packages/mongoeco/api/_async/_materialized_cursor.py                  49      0 100.00%
2026-10-08T17:27:53.9872193Z /opt/hostedtoolcache/Python/3.14.8/x64/lib/python3.14/site-packages/mongoeco/api/_async/aggregation_cursor.py                  1071      3  99.72%
2026-10-08T17:27:53.9872861Z /opt/hostedtoolcache/Python/3.14.8/x64/lib/python3.14/site-packages/mongoeco/api/_async/client.py                               395      3  99.24%
2026-10-08T17:27:53.9873457Z /opt/hostedtoolcache/Python/3.14.8/x64/lib/python3.14/site-packages/mongoeco/api/_async/collection.py                           601     27  95.51%
2026-10-08T17:27:53.9874078Z /opt/hostedtoolcache/Python/3.14.8/x64/lib/python3.14/site-packages/mongoeco/api/_async/cursor.py                               485     12  97.53%
2026-10-08T17:27:53.9874691Z /opt/hostedtoolcache/Python/3.14.8/x64/lib/python3.14/site-packages/mongoeco/api/_async/database_admin.py                       250      1  99.60%
2026-10-08T17:27:53.9875326Z /opt/hostedtoolcache/Python/3.14.8/x64/lib/python3.14/site-packages/mongoeco/api/_async/database_commands.py                    704      1  99.86%
2026-10-08T17:27:53.9875937Z /opt/hostedtoolcache/Python/3.14.8/x64/lib/python3.14/site-packages/mongoeco/api/_async/index_cursor.py                           8      0 100.00%
2026-10-08T17:27:53.9876665Z /opt/hostedtoolcache/Python/3.14.8/x64/lib/python3.14/site-packages/mongoeco/api/_async/listing_cursor.py                         8      0 100.00%
2026-10-08T17:27:53.9877288Z /opt/hostedtoolcache/Python/3.14.8/x64/lib/python3.14/site-packages/mongoeco/api/_async/raw_batch_cursor.py                      66      0 100.00%
2026-10-08T17:27:53.9877898Z /opt/hostedtoolcache/Python/3.14.8/x64/lib/python3.14/site-packages/mongoeco/api/_async/search_index_cursor.py                    8      0 100.00%
2026-10-08T17:27:53.9878525Z /opt/hostedtoolcache/Python/3.14.8/x64/lib/python3.14/site-packages/mongoeco/api/_sync/__init__.py                               12      2  83.33%
2026-10-08T17:27:53.9879136Z /opt/hostedtoolcache/Python/3.14.8/x64/lib/python3.14/site-packages/mongoeco/api/_sync/_finalization.py                           9      0 100.00%
2026-10-08T17:27:53.9879774Z /opt/hostedtoolcache/Python/3.14.8/x64/lib/python3.14/site-packages/mongoeco/api/_sync/_materialized_cursor.py                   38      0 100.00%
2026-10-08T17:27:53.9880398Z /opt/hostedtoolcache/Python/3.14.8/x64/lib/python3.14/site-packages/mongoeco/api/_sync/aggregation_cursor.py                    195      4  97.95%
2026-10-08T17:27:53.9881025Z /opt/hostedtoolcache/Python/3.14.8/x64/lib/python3.14/site-packages/mongoeco/api/_sync/client.py                                537      8  98.51%
2026-10-08T17:27:53.9881630Z /opt/hostedtoolcache/Python/3.14.8/x64/lib/python3.14/site-packages/mongoeco/api/_sync/collection.py                            198      0 100.00%
2026-10-08T17:27:53.9882254Z /opt/hostedtoolcache/Python/3.14.8/x64/lib/python3.14/site-packages/mongoeco/api/_sync/cursor.py                                284     12  95.77%
2026-10-08T17:27:53.9882866Z /opt/hostedtoolcache/Python/3.14.8/x64/lib/python3.14/site-packages/mongoeco/api/_sync/database_admin.py                         37      0 100.00%
2026-10-08T17:27:53.9883567Z /opt/hostedtoolcache/Python/3.14.8/x64/lib/python3.14/site-packages/mongoeco/api/_sync/database_commands.py                      15      0 100.00%
2026-10-08T17:27:53.9884182Z /opt/hostedtoolcache/Python/3.14.8/x64/lib/python3.14/site-packages/mongoeco/api/_sync/index_cursor.py                            7      0 100.00%
2026-10-08T17:27:53.9884804Z /opt/hostedtoolcache/Python/3.14.8/x64/lib/python3.14/site-packages/mongoeco/api/_sync/listing_cursor.py                          7      0 100.00%
2026-10-08T17:27:53.9885405Z /opt/hostedtoolcache/Python/3.14.8/x64/lib/python3.14/site-packages/mongoeco/api/_sync/raw_batch_cursor.py                       23      0 100.00%
2026-10-08T17:27:53.9886110Z /opt/hostedtoolcache/Python/3.14.8/x64/lib/python3.14/site-packages/mongoeco/api/_sync/search_index_cursor.py                     7      0 100.00%
2026-10-08T17:27:53.9886891Z /opt/hostedtoolcache/Python/3.14.8/x64/lib/python3.14/site-packages/mongoeco/api/admin_parsing.py                               175      0 100.00%
2026-10-08T17:27:53.9887518Z /opt/hostedtoolcache/Python/3.14.8/x64/lib/python3.14/site-packages/mongoeco/api/argument_validation.py                          54      0 100.00%
2026-10-08T17:27:53.9888139Z /opt/hostedtoolcache/Python/3.14.8/x64/lib/python3.14/site-packages/mongoeco/api/operations.py                                  442      1  99.77%
2026-10-08T17:27:53.9888739Z /opt/hostedtoolcache/Python/3.14.8/x64/lib/python3.14/site-packages/mongoeco/api/public_api.py                                   93      0 100.00%
2026-10-08T17:27:53.9889352Z /opt/hostedtoolcache/Python/3.14.8/x64/lib/python3.14/site-packages/mongoeco/change_streams.py                                    7      0 100.00%
2026-10-08T17:27:53.9889951Z /opt/hostedtoolcache/Python/3.14.8/x64/lib/python3.14/site-packages/mongoeco/compat/__init__.py                                  21      1  95.24%
2026-10-08T17:27:53.9890570Z /opt/hostedtoolcache/Python/3.14.8/x64/lib/python3.14/site-packages/mongoeco/compat/_catalog_constants.py                        10      0 100.00%
2026-10-08T17:27:53.9891186Z /opt/hostedtoolcache/Python/3.14.8/x64/lib/python3.14/site-packages/mongoeco/compat/_catalog_data.py                              6      0 100.00%
2026-10-08T17:27:53.9891812Z /opt/hostedtoolcache/Python/3.14.8/x64/lib/python3.14/site-packages/mongoeco/compat/_catalog_database_commands.py                 4      0 100.00%
2026-10-08T17:27:53.9892428Z /opt/hostedtoolcache/Python/3.14.8/x64/lib/python3.14/site-packages/mongoeco/compat/_catalog_dialects.py                         26      0 100.00%
2026-10-08T17:27:53.9893051Z /opt/hostedtoolcache/Python/3.14.8/x64/lib/python3.14/site-packages/mongoeco/compat/_catalog_export.py                          145      3  97.93%
2026-10-08T17:27:53.9893666Z /opt/hostedtoolcache/Python/3.14.8/x64/lib/python3.14/site-packages/mongoeco/compat/_catalog_models.py                           46      0 100.00%
2026-10-08T17:27:53.9894282Z /opt/hostedtoolcache/Python/3.14.8/x64/lib/python3.14/site-packages/mongoeco/compat/_catalog_operation_options.py                 7      0 100.00%
2026-10-08T17:27:53.9894910Z /opt/hostedtoolcache/Python/3.14.8/x64/lib/python3.14/site-packages/mongoeco/compat/_catalog_operators.py                         8      0 100.00%
2026-10-08T17:27:53.9895524Z /opt/hostedtoolcache/Python/3.14.8/x64/lib/python3.14/site-packages/mongoeco/compat/_catalog_profiles.py                          7      0 100.00%
2026-10-08T17:27:53.9896154Z /opt/hostedtoolcache/Python/3.14.8/x64/lib/python3.14/site-packages/mongoeco/compat/_catalog_runtime_subsets.py                   1      0 100.00%
2026-10-08T17:27:53.9896910Z /opt/hostedtoolcache/Python/3.14.8/x64/lib/python3.14/site-packages/mongoeco/compat/base.py                                     407      0 100.00%
2026-10-08T17:27:53.9897519Z /opt/hostedtoolcache/Python/3.14.8/x64/lib/python3.14/site-packages/mongoeco/compat/catalog.py                                    4      0 100.00%
2026-10-08T17:27:53.9898185Z /opt/hostedtoolcache/Python/3.14.8/x64/lib/python3.14/site-packages/mongoeco/compat/deprecations.py                              91      0 100.00%
2026-10-08T17:27:53.9898827Z /opt/hostedtoolcache/Python/3.14.8/x64/lib/python3.14/site-packages/mongoeco/compat/operation_support.py                         11      0 100.00%
2026-10-08T17:27:53.9899432Z /opt/hostedtoolcache/Python/3.14.8/x64/lib/python3.14/site-packages/mongoeco/compat/public_api.py                               164      2  98.78%
2026-10-08T17:27:53.9900059Z /opt/hostedtoolcache/Python/3.14.8/x64/lib/python3.14/site-packages/mongoeco/compat/registry.py                                  73      0 100.00%
2026-10-08T17:27:53.9900716Z /opt/hostedtoolcache/Python/3.14.8/x64/lib/python3.14/site-packages/mongoeco/conformance/__init__.py                              7      0 100.00%
2026-10-08T17:27:53.9901340Z /opt/hostedtoolcache/Python/3.14.8/x64/lib/python3.14/site-packages/mongoeco/conformance/__main__.py                              3      0 100.00%
2026-10-08T17:27:53.9901952Z /opt/hostedtoolcache/Python/3.14.8/x64/lib/python3.14/site-packages/mongoeco/conformance/cli.py                                 109      6  94.50%
2026-10-08T17:27:53.9902561Z /opt/hostedtoolcache/Python/3.14.8/x64/lib/python3.14/site-packages/mongoeco/conformance/factories.py                           141      4  97.16%
2026-10-08T17:27:53.9903193Z /opt/hostedtoolcache/Python/3.14.8/x64/lib/python3.14/site-packages/mongoeco/conformance/models.py                              157      0 100.00%
2026-10-08T17:27:53.9903800Z /opt/hostedtoolcache/Python/3.14.8/x64/lib/python3.14/site-packages/mongoeco/conformance/provider.py                             58      0 100.00%
2026-10-08T17:27:53.9904431Z /opt/hostedtoolcache/Python/3.14.8/x64/lib/python3.14/site-packages/mongoeco/conformance/pytest.py                                4      0 100.00%
2026-10-08T17:27:53.9905040Z /opt/hostedtoolcache/Python/3.14.8/x64/lib/python3.14/site-packages/mongoeco/conformance/runner.py                              326      0 100.00%
2026-10-08T17:27:53.9905658Z /opt/hostedtoolcache/Python/3.14.8/x64/lib/python3.14/site-packages/mongoeco/conformance/schema.py                               10      0 100.00%
2026-10-08T17:27:53.9906251Z /opt/hostedtoolcache/Python/3.14.8/x64/lib/python3.14/site-packages/mongoeco/core/__init__.py                                     0      0 100.00%
2026-10-08T17:27:53.9906996Z /opt/hostedtoolcache/Python/3.14.8/x64/lib/python3.14/site-packages/mongoeco/core/_filtering_matching.py                        178      0 100.00%
2026-10-08T17:27:53.9907609Z /opt/hostedtoolcache/Python/3.14.8/x64/lib/python3.14/site-packages/mongoeco/core/_filtering_specials.py                        242      0 100.00%
2026-10-08T17:27:53.9908244Z /opt/hostedtoolcache/Python/3.14.8/x64/lib/python3.14/site-packages/mongoeco/core/_filtering_support.py                         189      0 100.00%
2026-10-08T17:27:53.9908865Z /opt/hostedtoolcache/Python/3.14.8/x64/lib/python3.14/site-packages/mongoeco/core/_public_materialization.py                     38      0 100.00%
2026-10-08T17:27:53.9909496Z /opt/hostedtoolcache/Python/3.14.8/x64/lib/python3.14/site-packages/mongoeco/core/_search_contract.py                             4      0 100.00%
2026-10-08T17:27:53.9910114Z /opt/hostedtoolcache/Python/3.14.8/x64/lib/python3.14/site-packages/mongoeco/core/aggregation/__init__.py                        21      2  90.48%
2026-10-08T17:27:53.9910743Z /opt/hostedtoolcache/Python/3.14.8/x64/lib/python3.14/site-packages/mongoeco/core/aggregation/accumulators.py                   431      0 100.00%
2026-10-08T17:27:53.9911418Z /opt/hostedtoolcache/Python/3.14.8/x64/lib/python3.14/site-packages/mongoeco/core/aggregation/array_string_expressions.py       655      4  99.39%
2026-10-08T17:27:53.9912056Z /opt/hostedtoolcache/Python/3.14.8/x64/lib/python3.14/site-packages/mongoeco/core/aggregation/compiled_aggregation.py           230      0 100.00%
2026-10-08T17:27:53.9912757Z /opt/hostedtoolcache/Python/3.14.8/x64/lib/python3.14/site-packages/mongoeco/core/aggregation/compiled_pipeline.py              174      0 100.00%
2026-10-08T17:27:53.9913393Z /opt/hostedtoolcache/Python/3.14.8/x64/lib/python3.14/site-packages/mongoeco/core/aggregation/control_object_expressions.py     200      0 100.00%
2026-10-08T17:27:53.9914017Z /opt/hostedtoolcache/Python/3.14.8/x64/lib/python3.14/site-packages/mongoeco/core/aggregation/cost.py                            18      1  94.44%
2026-10-08T17:27:53.9914652Z /opt/hostedtoolcache/Python/3.14.8/x64/lib/python3.14/site-packages/mongoeco/core/aggregation/date_expressions.py               387      0 100.00%
2026-10-08T17:27:53.9915276Z /opt/hostedtoolcache/Python/3.14.8/x64/lib/python3.14/site-packages/mongoeco/core/aggregation/evaluation_environment.py          34      0 100.00%
2026-10-08T17:27:53.9915972Z /opt/hostedtoolcache/Python/3.14.8/x64/lib/python3.14/site-packages/mongoeco/core/aggregation/extensions.py                      80      0 100.00%
2026-10-08T17:27:53.9916665Z /opt/hostedtoolcache/Python/3.14.8/x64/lib/python3.14/site-packages/mongoeco/core/aggregation/grouping_stages.py                589      3  99.49%
2026-10-08T17:27:53.9917319Z /opt/hostedtoolcache/Python/3.14.8/x64/lib/python3.14/site-packages/mongoeco/core/aggregation/information_stages.py              37      0 100.00%
2026-10-08T17:27:53.9917947Z /opt/hostedtoolcache/Python/3.14.8/x64/lib/python3.14/site-packages/mongoeco/core/aggregation/join_stages.py                     66      2  96.97%
2026-10-08T17:27:53.9918587Z /opt/hostedtoolcache/Python/3.14.8/x64/lib/python3.14/site-packages/mongoeco/core/aggregation/lookup_physical.py                110      0 100.00%
2026-10-08T17:27:53.9919223Z /opt/hostedtoolcache/Python/3.14.8/x64/lib/python3.14/site-packages/mongoeco/core/aggregation/numeric_expressions.py            322      0 100.00%
2026-10-08T17:27:53.9919867Z /opt/hostedtoolcache/Python/3.14.8/x64/lib/python3.14/site-packages/mongoeco/core/aggregation/planning.py                       213      3  98.59%
2026-10-08T17:27:53.9920489Z /opt/hostedtoolcache/Python/3.14.8/x64/lib/python3.14/site-packages/mongoeco/core/aggregation/preparation.py                    279      1  99.64%
2026-10-08T17:27:53.9921133Z /opt/hostedtoolcache/Python/3.14.8/x64/lib/python3.14/site-packages/mongoeco/core/aggregation/resources.py                       26      0 100.00%
2026-10-08T17:27:53.9921754Z /opt/hostedtoolcache/Python/3.14.8/x64/lib/python3.14/site-packages/mongoeco/core/aggregation/runtime.py                        518      5  99.03%
2026-10-08T17:27:53.9922370Z /opt/hostedtoolcache/Python/3.14.8/x64/lib/python3.14/site-packages/mongoeco/core/aggregation/runtime_state.py                  278      0 100.00%
2026-10-08T17:27:53.9923022Z /opt/hostedtoolcache/Python/3.14.8/x64/lib/python3.14/site-packages/mongoeco/core/aggregation/scalar_expressions.py             410      2  99.51%
2026-10-08T17:27:53.9923649Z /opt/hostedtoolcache/Python/3.14.8/x64/lib/python3.14/site-packages/mongoeco/core/aggregation/spill.py                          348      0 100.00%
2026-10-08T17:27:53.9924288Z /opt/hostedtoolcache/Python/3.14.8/x64/lib/python3.14/site-packages/mongoeco/core/aggregation/stages.py                         512      5  99.02%
2026-10-08T17:27:53.9924936Z /opt/hostedtoolcache/Python/3.14.8/x64/lib/python3.14/site-packages/mongoeco/core/aggregation/transform_stages.py               123      0 100.00%
2026-10-08T17:27:53.9925524Z /opt/hostedtoolcache/Python/3.14.8/x64/lib/python3.14/site-packages/mongoeco/core/bson_ordering.py                               86      0 100.00%
2026-10-08T17:27:53.9926106Z /opt/hostedtoolcache/Python/3.14.8/x64/lib/python3.14/site-packages/mongoeco/core/bson_scalars.py                               352      0 100.00%
2026-10-08T17:27:53.9926834Z /opt/hostedtoolcache/Python/3.14.8/x64/lib/python3.14/site-packages/mongoeco/core/codec.py                                      442      2  99.55%
2026-10-08T17:27:53.9927410Z /opt/hostedtoolcache/Python/3.14.8/x64/lib/python3.14/site-packages/mongoeco/core/collation.py                                  259      0 100.00%
2026-10-08T17:27:53.9928046Z /opt/hostedtoolcache/Python/3.14.8/x64/lib/python3.14/site-packages/mongoeco/core/compiled_query.py                             105      0 100.00%
2026-10-08T17:27:53.9928634Z /opt/hostedtoolcache/Python/3.14.8/x64/lib/python3.14/site-packages/mongoeco/core/expression_context.py                         100      0 100.00%
2026-10-08T17:27:53.9929223Z /opt/hostedtoolcache/Python/3.14.8/x64/lib/python3.14/site-packages/mongoeco/core/filtering.py                                  188      0 100.00%
2026-10-08T17:27:53.9929788Z /opt/hostedtoolcache/Python/3.14.8/x64/lib/python3.14/site-packages/mongoeco/core/geo.py                                         95      0 100.00%
2026-10-08T17:27:53.9930439Z /opt/hostedtoolcache/Python/3.14.8/x64/lib/python3.14/site-packages/mongoeco/core/identity.py                                    99      0 100.00%
2026-10-08T17:27:53.9931021Z /opt/hostedtoolcache/Python/3.14.8/x64/lib/python3.14/site-packages/mongoeco/core/json_compat.py                                 30      0 100.00%
2026-10-08T17:27:53.9931611Z /opt/hostedtoolcache/Python/3.14.8/x64/lib/python3.14/site-packages/mongoeco/core/operation_context.py                           82      0 100.00%
2026-10-08T17:27:53.9932204Z /opt/hostedtoolcache/Python/3.14.8/x64/lib/python3.14/site-packages/mongoeco/core/operation_limits.py                             9      0 100.00%
2026-10-08T17:27:53.9932801Z /opt/hostedtoolcache/Python/3.14.8/x64/lib/python3.14/site-packages/mongoeco/core/operators.py                                  343      9  97.38%
2026-10-08T17:27:53.9933366Z /opt/hostedtoolcache/Python/3.14.8/x64/lib/python3.14/site-packages/mongoeco/core/paths.py                                      141      0 100.00%
2026-10-08T17:27:53.9933951Z /opt/hostedtoolcache/Python/3.14.8/x64/lib/python3.14/site-packages/mongoeco/core/projections.py                                286      1  99.65%
2026-10-08T17:27:53.9934545Z /opt/hostedtoolcache/Python/3.14.8/x64/lib/python3.14/site-packages/mongoeco/core/query_operators.py                             19      0 100.00%
2026-10-08T17:27:53.9935211Z /opt/hostedtoolcache/Python/3.14.8/x64/lib/python3.14/site-packages/mongoeco/core/query_plan.py                                 427      0 100.00%
2026-10-08T17:27:53.9935819Z /opt/hostedtoolcache/Python/3.14.8/x64/lib/python3.14/site-packages/mongoeco/core/runtime_metadata.py                           177      0 100.00%
2026-10-08T17:27:53.9936595Z /opt/hostedtoolcache/Python/3.14.8/x64/lib/python3.14/site-packages/mongoeco/core/schema_validation.py                          356      0 100.00%
2026-10-08T17:27:53.9937237Z /opt/hostedtoolcache/Python/3.14.8/x64/lib/python3.14/site-packages/mongoeco/core/search.py                                    2137      0 100.00%
2026-10-08T17:27:53.9937855Z /opt/hostedtoolcache/Python/3.14.8/x64/lib/python3.14/site-packages/mongoeco/core/search_execution.py                           108      0 100.00%
2026-10-08T17:27:53.9938471Z /opt/hostedtoolcache/Python/3.14.8/x64/lib/python3.14/site-packages/mongoeco/core/search_filter_prefilter.py                    261      0 100.00%
2026-10-08T17:27:53.9939090Z /opt/hostedtoolcache/Python/3.14.8/x64/lib/python3.14/site-packages/mongoeco/core/search_models.py                              568      0 100.00%
2026-10-08T17:27:53.9939716Z /opt/hostedtoolcache/Python/3.14.8/x64/lib/python3.14/site-packages/mongoeco/core/search_planning.py                            338      0 100.00%
2026-10-08T17:27:53.9940320Z /opt/hostedtoolcache/Python/3.14.8/x64/lib/python3.14/site-packages/mongoeco/core/sorting.py                                    155      0 100.00%
2026-10-08T17:27:53.9940938Z /opt/hostedtoolcache/Python/3.14.8/x64/lib/python3.14/site-packages/mongoeco/core/sql_translation.py                             29      0 100.00%
2026-10-08T17:27:53.9941556Z /opt/hostedtoolcache/Python/3.14.8/x64/lib/python3.14/site-packages/mongoeco/core/update_array_operators.py                     174      0 100.00%
2026-10-08T17:27:53.9942237Z /opt/hostedtoolcache/Python/3.14.8/x64/lib/python3.14/site-packages/mongoeco/core/update_paths.py                               118      0 100.00%
2026-10-08T17:27:53.9942852Z /opt/hostedtoolcache/Python/3.14.8/x64/lib/python3.14/site-packages/mongoeco/core/update_scalar_operators.py                    165      0 100.00%
2026-10-08T17:27:53.9943474Z /opt/hostedtoolcache/Python/3.14.8/x64/lib/python3.14/site-packages/mongoeco/core/upserts.py                                     51      0 100.00%
2026-10-08T17:27:53.9944074Z /opt/hostedtoolcache/Python/3.14.8/x64/lib/python3.14/site-packages/mongoeco/core/validation.py                                  10      0 100.00%
2026-10-08T17:27:53.9944743Z /opt/hostedtoolcache/Python/3.14.8/x64/lib/python3.14/site-packages/mongoeco/core/work_control.py                                24      0 100.00%
2026-10-08T17:27:53.9945347Z /opt/hostedtoolcache/Python/3.14.8/x64/lib/python3.14/site-packages/mongoeco/cxp/__init__.py                                      1      0 100.00%
2026-10-08T17:27:53.9945965Z /opt/hostedtoolcache/Python/3.14.8/x64/lib/python3.14/site-packages/mongoeco/cxp/exchange/__init__.py                             5      0 100.00%
2026-10-08T17:27:53.9946866Z /opt/hostedtoolcache/Python/3.14.8/x64/lib/python3.14/site-packages/mongoeco/cxp/exchange/documents.py                           24      0 100.00%
2026-10-08T17:27:53.9947479Z /opt/hostedtoolcache/Python/3.14.8/x64/lib/python3.14/site-packages/mongoeco/cxp/exchange/metadata.py                           244      4  98.36%
2026-10-08T17:27:53.9948114Z /opt/hostedtoolcache/Python/3.14.8/x64/lib/python3.14/site-packages/mongoeco/cxp/exchange/projection.py                          46      2  95.65%
2026-10-08T17:27:53.9948735Z /opt/hostedtoolcache/Python/3.14.8/x64/lib/python3.14/site-packages/mongoeco/cxp/exchange/snapshot.py                            83      2  97.59%
2026-10-08T17:27:53.9949356Z /opt/hostedtoolcache/Python/3.14.8/x64/lib/python3.14/site-packages/mongoeco/driver/__init__.py                                  25      1  96.00%
2026-10-08T17:27:53.9949958Z /opt/hostedtoolcache/Python/3.14.8/x64/lib/python3.14/site-packages/mongoeco/driver/_runtime_attempts.py                         44      0 100.00%
2026-10-08T17:27:53.9950594Z /opt/hostedtoolcache/Python/3.14.8/x64/lib/python3.14/site-packages/mongoeco/driver/_runtime_plan_resolution.py                  11      0 100.00%
2026-10-08T17:27:53.9951214Z /opt/hostedtoolcache/Python/3.14.8/x64/lib/python3.14/site-packages/mongoeco/driver/_runtime_planning.py                          5      0 100.00%
2026-10-08T17:27:53.9951846Z /opt/hostedtoolcache/Python/3.14.8/x64/lib/python3.14/site-packages/mongoeco/driver/_topology_reducer.py                        140      0 100.00%
2026-10-08T17:27:53.9952459Z /opt/hostedtoolcache/Python/3.14.8/x64/lib/python3.14/site-packages/mongoeco/driver/connections.py                              285      0 100.00%
2026-10-08T17:27:53.9953083Z /opt/hostedtoolcache/Python/3.14.8/x64/lib/python3.14/site-packages/mongoeco/driver/discovery.py                                105      0 100.00%
2026-10-08T17:27:53.9953685Z /opt/hostedtoolcache/Python/3.14.8/x64/lib/python3.14/site-packages/mongoeco/driver/execution.py                                115      0 100.00%
2026-10-08T17:27:53.9954307Z /opt/hostedtoolcache/Python/3.14.8/x64/lib/python3.14/site-packages/mongoeco/driver/failpoints.py                                85      0 100.00%
2026-10-08T17:27:53.9954913Z /opt/hostedtoolcache/Python/3.14.8/x64/lib/python3.14/site-packages/mongoeco/driver/monitoring.py                               119      0 100.00%
2026-10-08T17:27:53.9955518Z /opt/hostedtoolcache/Python/3.14.8/x64/lib/python3.14/site-packages/mongoeco/driver/policies.py                                 105      0 100.00%
2026-10-08T17:27:53.9956163Z /opt/hostedtoolcache/Python/3.14.8/x64/lib/python3.14/site-packages/mongoeco/driver/requests.py                                  49      0 100.00%
2026-10-08T17:27:53.9956862Z /opt/hostedtoolcache/Python/3.14.8/x64/lib/python3.14/site-packages/mongoeco/driver/runtime.py                                  156      4  97.44%
2026-10-08T17:27:53.9957453Z /opt/hostedtoolcache/Python/3.14.8/x64/lib/python3.14/site-packages/mongoeco/driver/security.py                                  46      0 100.00%
2026-10-08T17:27:53.9958045Z /opt/hostedtoolcache/Python/3.14.8/x64/lib/python3.14/site-packages/mongoeco/driver/telemetry_projector.py                      201      0 100.00%
2026-10-08T17:27:53.9958659Z /opt/hostedtoolcache/Python/3.14.8/x64/lib/python3.14/site-packages/mongoeco/driver/telemetry_validation.py                      69      3  95.65%
2026-10-08T17:27:53.9959337Z /opt/hostedtoolcache/Python/3.14.8/x64/lib/python3.14/site-packages/mongoeco/driver/topology.py                                 109      0 100.00%
2026-10-08T17:27:53.9959930Z /opt/hostedtoolcache/Python/3.14.8/x64/lib/python3.14/site-packages/mongoeco/driver/topology_monitor.py                          43      0 100.00%
2026-10-08T17:27:53.9960521Z /opt/hostedtoolcache/Python/3.14.8/x64/lib/python3.14/site-packages/mongoeco/driver/transports.py                               185      4  97.84%
2026-10-08T17:27:53.9961101Z /opt/hostedtoolcache/Python/3.14.8/x64/lib/python3.14/site-packages/mongoeco/driver/uri.py                                      250      2  99.20%
2026-10-08T17:27:53.9961667Z /opt/hostedtoolcache/Python/3.14.8/x64/lib/python3.14/site-packages/mongoeco/engines/__init__.py                                 13      2  84.62%
2026-10-08T17:27:53.9962248Z /opt/hostedtoolcache/Python/3.14.8/x64/lib/python3.14/site-packages/mongoeco/engines/_active_operations.py                       75      0 100.00%
2026-10-08T17:27:53.9962836Z /opt/hostedtoolcache/Python/3.14.8/x64/lib/python3.14/site-packages/mongoeco/engines/_change_dispatch.py                         47      0 100.00%
2026-10-08T17:27:53.9963423Z /opt/hostedtoolcache/Python/3.14.8/x64/lib/python3.14/site-packages/mongoeco/engines/_executor_admission.py                      85      0 100.00%
2026-10-08T17:27:53.9964020Z /opt/hostedtoolcache/Python/3.14.8/x64/lib/python3.14/site-packages/mongoeco/engines/_memory_collection.py                      476      0 100.00%
2026-10-08T17:27:53.9964608Z /opt/hostedtoolcache/Python/3.14.8/x64/lib/python3.14/site-packages/mongoeco/engines/_memory_search_runtime.py                  272      7  97.43%
2026-10-08T17:27:53.9965187Z /opt/hostedtoolcache/Python/3.14.8/x64/lib/python3.14/site-packages/mongoeco/engines/_memory_vector_runtime.py                  308      2  99.35%
2026-10-08T17:27:53.9965774Z /opt/hostedtoolcache/Python/3.14.8/x64/lib/python3.14/site-packages/mongoeco/engines/_runtime_metrics.py                         32      0 100.00%
2026-10-08T17:27:53.9966378Z /opt/hostedtoolcache/Python/3.14.8/x64/lib/python3.14/site-packages/mongoeco/engines/_shared_namespace_admin.py                  33      0 100.00%
2026-10-08T17:27:53.9967202Z /opt/hostedtoolcache/Python/3.14.8/x64/lib/python3.14/site-packages/mongoeco/engines/_shared_runtime.py                           3      3   0.00%
2026-10-08T17:27:53.9967839Z /opt/hostedtoolcache/Python/3.14.8/x64/lib/python3.14/site-packages/mongoeco/engines/_shared_search_admin.py                     24      0 100.00%
2026-10-08T17:27:53.9968450Z /opt/hostedtoolcache/Python/3.14.8/x64/lib/python3.14/site-packages/mongoeco/engines/_shared_ttl.py                              24      0 100.00%
2026-10-08T17:27:53.9969076Z /opt/hostedtoolcache/Python/3.14.8/x64/lib/python3.14/site-packages/mongoeco/engines/_sqlite_admin_runtime.py                    48      0 100.00%
2026-10-08T17:27:53.9969689Z /opt/hostedtoolcache/Python/3.14.8/x64/lib/python3.14/site-packages/mongoeco/engines/_sqlite_bulk.py                             55      0 100.00%
2026-10-08T17:27:53.9970314Z /opt/hostedtoolcache/Python/3.14.8/x64/lib/python3.14/site-packages/mongoeco/engines/_sqlite_catalog.py                          33      0 100.00%
2026-10-08T17:27:53.9970995Z /opt/hostedtoolcache/Python/3.14.8/x64/lib/python3.14/site-packages/mongoeco/engines/_sqlite_compound_prefilter.py              261      2  99.23%
2026-10-08T17:27:53.9971630Z /opt/hostedtoolcache/Python/3.14.8/x64/lib/python3.14/site-packages/mongoeco/engines/_sqlite_compound_ranking.py                310      0 100.00%
2026-10-08T17:27:53.9972265Z /opt/hostedtoolcache/Python/3.14.8/x64/lib/python3.14/site-packages/mongoeco/engines/_sqlite_connection.py                       39      0 100.00%
2026-10-08T17:27:53.9972888Z /opt/hostedtoolcache/Python/3.14.8/x64/lib/python3.14/site-packages/mongoeco/engines/_sqlite_explain_contract.py                 92      0 100.00%
2026-10-08T17:27:53.9973534Z /opt/hostedtoolcache/Python/3.14.8/x64/lib/python3.14/site-packages/mongoeco/engines/_sqlite_fast_paths.py                      141      0 100.00%
2026-10-08T17:27:53.9974205Z /opt/hostedtoolcache/Python/3.14.8/x64/lib/python3.14/site-packages/mongoeco/engines/_sqlite_index_admin.py                     177      2  98.87%
2026-10-08T17:27:53.9974856Z /opt/hostedtoolcache/Python/3.14.8/x64/lib/python3.14/site-packages/mongoeco/engines/_sqlite_index_catalog.py                    75      0 100.00%
2026-10-08T17:27:53.9975484Z /opt/hostedtoolcache/Python/3.14.8/x64/lib/python3.14/site-packages/mongoeco/engines/_sqlite_index_runtime.py                   107      0 100.00%
2026-10-08T17:27:53.9976123Z /opt/hostedtoolcache/Python/3.14.8/x64/lib/python3.14/site-packages/mongoeco/engines/_sqlite_modify_ops.py                      176     11  93.75%
2026-10-08T17:27:53.9976869Z /opt/hostedtoolcache/Python/3.14.8/x64/lib/python3.14/site-packages/mongoeco/engines/_sqlite_namespace_admin.py                  94      0 100.00%
2026-10-08T17:27:53.9977499Z /opt/hostedtoolcache/Python/3.14.8/x64/lib/python3.14/site-packages/mongoeco/engines/_sqlite_outbox.py                          247      0 100.00%
2026-10-08T17:27:53.9978117Z /opt/hostedtoolcache/Python/3.14.8/x64/lib/python3.14/site-packages/mongoeco/engines/_sqlite_plan_heuristics.py                  29      0 100.00%
2026-10-08T17:27:53.9978750Z /opt/hostedtoolcache/Python/3.14.8/x64/lib/python3.14/site-packages/mongoeco/engines/_sqlite_read_execution.py                   88      0 100.00%
2026-10-08T17:27:53.9979370Z /opt/hostedtoolcache/Python/3.14.8/x64/lib/python3.14/site-packages/mongoeco/engines/_sqlite_read_fast_path_runtime.py           64      0 100.00%
2026-10-08T17:27:53.9979980Z /opt/hostedtoolcache/Python/3.14.8/x64/lib/python3.14/site-packages/mongoeco/engines/_sqlite_read_ops.py                         39      0 100.00%
2026-10-08T17:27:53.9980615Z /opt/hostedtoolcache/Python/3.14.8/x64/lib/python3.14/site-packages/mongoeco/engines/_sqlite_read_runtime.py                     36      2  94.44%
2026-10-08T17:27:53.9981224Z /opt/hostedtoolcache/Python/3.14.8/x64/lib/python3.14/site-packages/mongoeco/engines/_sqlite_reader.py                          210      0 100.00%
2026-10-08T17:27:53.9981848Z /opt/hostedtoolcache/Python/3.14.8/x64/lib/python3.14/site-packages/mongoeco/engines/_sqlite_runtime.py                          36      0 100.00%
2026-10-08T17:27:53.9982462Z /opt/hostedtoolcache/Python/3.14.8/x64/lib/python3.14/site-packages/mongoeco/engines/_sqlite_search_admin.py                     46      0 100.00%
2026-10-08T17:27:53.9983096Z /opt/hostedtoolcache/Python/3.14.8/x64/lib/python3.14/site-packages/mongoeco/engines/_sqlite_search_backend.py                   22      0 100.00%
2026-10-08T17:27:53.9983707Z /opt/hostedtoolcache/Python/3.14.8/x64/lib/python3.14/site-packages/mongoeco/engines/_sqlite_search_runtime.py                  723     21  97.10%
2026-10-08T17:27:53.9984338Z /opt/hostedtoolcache/Python/3.14.8/x64/lib/python3.14/site-packages/mongoeco/engines/_sqlite_session_runtime.py                 167      2  98.80%
2026-10-08T17:27:53.9984955Z /opt/hostedtoolcache/Python/3.14.8/x64/lib/python3.14/site-packages/mongoeco/engines/_sqlite_vector_backend.py                  168      0 100.00%
2026-10-08T17:27:53.9985581Z /opt/hostedtoolcache/Python/3.14.8/x64/lib/python3.14/site-packages/mongoeco/engines/_sqlite_write_ops.py                       101      2  98.02%
2026-10-08T17:27:53.9986302Z /opt/hostedtoolcache/Python/3.14.8/x64/lib/python3.14/site-packages/mongoeco/engines/_sqlite_write_scope.py                      45      1  97.78%
2026-10-08T17:27:53.9987006Z /opt/hostedtoolcache/Python/3.14.8/x64/lib/python3.14/site-packages/mongoeco/engines/_vector_index_cache.py                     115      0 100.00%
2026-10-08T17:27:53.9987624Z /opt/hostedtoolcache/Python/3.14.8/x64/lib/python3.14/site-packages/mongoeco/engines/_vector_query_cache.py                     120      0 100.00%
2026-10-08T17:27:53.9988238Z /opt/hostedtoolcache/Python/3.14.8/x64/lib/python3.14/site-packages/mongoeco/engines/_vector_ranking.py                          29      0 100.00%
2026-10-08T17:27:53.9988914Z /opt/hostedtoolcache/Python/3.14.8/x64/lib/python3.14/site-packages/mongoeco/engines/adapter.py                                 313      0 100.00%
2026-10-08T17:27:53.9989504Z /opt/hostedtoolcache/Python/3.14.8/x64/lib/python3.14/site-packages/mongoeco/engines/base.py                                     46      0 100.00%
2026-10-08T17:27:53.9990133Z /opt/hostedtoolcache/Python/3.14.8/x64/lib/python3.14/site-packages/mongoeco/engines/capabilities.py                             94      0 100.00%
2026-10-08T17:27:53.9990740Z /opt/hostedtoolcache/Python/3.14.8/x64/lib/python3.14/site-packages/mongoeco/engines/memory.py                                 2148     76  96.46%
2026-10-08T17:27:53.9991348Z /opt/hostedtoolcache/Python/3.14.8/x64/lib/python3.14/site-packages/mongoeco/engines/mvcc.py                                     26      0 100.00%
2026-10-08T17:27:53.9991947Z /opt/hostedtoolcache/Python/3.14.8/x64/lib/python3.14/site-packages/mongoeco/engines/profiling.py                                60      0 100.00%
2026-10-08T17:27:53.9992574Z /opt/hostedtoolcache/Python/3.14.8/x64/lib/python3.14/site-packages/mongoeco/engines/results.py                                 161      0 100.00%
2026-10-08T17:27:53.9993181Z /opt/hostedtoolcache/Python/3.14.8/x64/lib/python3.14/site-packages/mongoeco/engines/semantic_core.py                           234      2  99.15%
2026-10-08T17:27:53.9993810Z /opt/hostedtoolcache/Python/3.14.8/x64/lib/python3.14/site-packages/mongoeco/engines/snapshots.py                               200      0 100.00%
2026-10-08T17:27:53.9994418Z /opt/hostedtoolcache/Python/3.14.8/x64/lib/python3.14/site-packages/mongoeco/engines/sqlite.py                                 2668     80  97.00%
2026-10-08T17:27:53.9995010Z /opt/hostedtoolcache/Python/3.14.8/x64/lib/python3.14/site-packages/mongoeco/engines/sqlite_planner.py                          206      0 100.00%
2026-10-08T17:27:53.9995617Z /opt/hostedtoolcache/Python/3.14.8/x64/lib/python3.14/site-packages/mongoeco/engines/sqlite_query.py                            592      0 100.00%
2026-10-08T17:27:53.9996225Z /opt/hostedtoolcache/Python/3.14.8/x64/lib/python3.14/site-packages/mongoeco/engines/virtual_indexes.py                         255      1  99.61%
2026-10-08T17:27:53.9996914Z /opt/hostedtoolcache/Python/3.14.8/x64/lib/python3.14/site-packages/mongoeco/error_catalog.py                                    40      0 100.00%
2026-10-08T17:27:53.9997497Z /opt/hostedtoolcache/Python/3.14.8/x64/lib/python3.14/site-packages/mongoeco/errors.py                                           97      0 100.00%
2026-10-08T17:27:53.9998134Z /opt/hostedtoolcache/Python/3.14.8/x64/lib/python3.14/site-packages/mongoeco/session.py                                         292      0 100.00%
2026-10-08T17:27:53.9998709Z /opt/hostedtoolcache/Python/3.14.8/x64/lib/python3.14/site-packages/mongoeco/session_guards.py                                   18      0 100.00%
2026-10-08T17:27:53.9999308Z /opt/hostedtoolcache/Python/3.14.8/x64/lib/python3.14/site-packages/mongoeco/telemetry_contract.py                              170      3  98.24%
2026-10-08T17:27:53.9999885Z /opt/hostedtoolcache/Python/3.14.8/x64/lib/python3.14/site-packages/mongoeco/types.py                                             2      0 100.00%
2026-10-08T17:27:54.0000512Z /opt/hostedtoolcache/Python/3.14.8/x64/lib/python3.14/site-packages/mongoeco/wire/__init__.py                                    12      1  91.67%
2026-10-08T17:27:54.0001090Z /opt/hostedtoolcache/Python/3.14.8/x64/lib/python3.14/site-packages/mongoeco/wire/_executor_handlers.py                          41      0 100.00%
2026-10-08T17:27:54.0001701Z /opt/hostedtoolcache/Python/3.14.8/x64/lib/python3.14/site-packages/mongoeco/wire/_executor_passthrough.py                       53      2  96.23%
2026-10-08T17:27:54.0002296Z /opt/hostedtoolcache/Python/3.14.8/x64/lib/python3.14/site-packages/mongoeco/wire/_executor_support.py                           84      0 100.00%
2026-10-08T17:27:54.0002934Z /opt/hostedtoolcache/Python/3.14.8/x64/lib/python3.14/site-packages/mongoeco/wire/_executor_validation.py                       274      0 100.00%
2026-10-08T17:27:54.0003533Z /opt/hostedtoolcache/Python/3.14.8/x64/lib/python3.14/site-packages/mongoeco/wire/_session_identity.py                           19      0 100.00%
2026-10-08T17:27:54.0004098Z /opt/hostedtoolcache/Python/3.14.8/x64/lib/python3.14/site-packages/mongoeco/wire/auth.py                                       121      0 100.00%
2026-10-08T17:27:54.0004675Z /opt/hostedtoolcache/Python/3.14.8/x64/lib/python3.14/site-packages/mongoeco/wire/bson_bridge.py                                 99      0 100.00%
2026-10-08T17:27:54.0005255Z /opt/hostedtoolcache/Python/3.14.8/x64/lib/python3.14/site-packages/mongoeco/wire/capabilities.py                                26      0 100.00%
2026-10-08T17:27:54.0005848Z /opt/hostedtoolcache/Python/3.14.8/x64/lib/python3.14/site-packages/mongoeco/wire/connections.py                                 54      0 100.00%
2026-10-08T17:27:54.0006479Z /opt/hostedtoolcache/Python/3.14.8/x64/lib/python3.14/site-packages/mongoeco/wire/cursors.py                                    115      0 100.00%
2026-10-08T17:27:54.0007142Z /opt/hostedtoolcache/Python/3.14.8/x64/lib/python3.14/site-packages/mongoeco/wire/executor.py                                    38      0 100.00%
2026-10-08T17:27:54.0007731Z /opt/hostedtoolcache/Python/3.14.8/x64/lib/python3.14/site-packages/mongoeco/wire/handshake.py                                   16      0 100.00%
2026-10-08T17:27:54.0008314Z /opt/hostedtoolcache/Python/3.14.8/x64/lib/python3.14/site-packages/mongoeco/wire/protocol.py                                   176      0 100.00%
2026-10-08T17:27:54.0008933Z /opt/hostedtoolcache/Python/3.14.8/x64/lib/python3.14/site-packages/mongoeco/wire/proxy.py                                      100      2  98.00%
2026-10-08T17:27:54.0009525Z /opt/hostedtoolcache/Python/3.14.8/x64/lib/python3.14/site-packages/mongoeco/wire/requests.py                                    17      0 100.00%
2026-10-08T17:27:54.0010108Z /opt/hostedtoolcache/Python/3.14.8/x64/lib/python3.14/site-packages/mongoeco/wire/scram.py                                      167      0 100.00%
2026-10-08T17:27:54.0010686Z /opt/hostedtoolcache/Python/3.14.8/x64/lib/python3.14/site-packages/mongoeco/wire/sessions.py                                    67      0 100.00%
2026-10-08T17:27:54.0011280Z /opt/hostedtoolcache/Python/3.14.8/x64/lib/python3.14/site-packages/mongoeco/wire/surface.py                                     23      0 100.00%
2026-10-08T17:27:54.0011798Z --------------------------------------------------------------------------------------------------------------------------------------------------
2026-10-08T17:27:54.0012215Z TOTAL                                                                                                                         43208    428  99.01%
2026-10-08T17:27:54.0012544Z Required test coverage of 99.0% reached. Total coverage: 99.01%
2026-10-08T17:27:54.0012856Z 8830 passed, 30 skipped, 3990 subtests passed in 183.37s (0:03:03)
2026-10-08T17:27:54.4520987Z ##[group]Run python -m pytest tests/property -q
2026-10-08T17:27:54.4521274Z [36;1mpython -m pytest tests/property -q[0m
2026-10-08T17:27:54.4554655Z shell: /usr/bin/bash -e {0}
2026-10-08T17:27:54.4554878Z env:
2026-10-08T17:27:54.4555051Z   MONGOECO_TEST_INSTALLED_ARTIFACT: 1
2026-10-08T17:27:54.4555314Z   pythonLocation: /opt/hostedtoolcache/Python/3.14.8/x64
2026-10-08T17:27:54.4555622Z   PKG_CONFIG_PATH: /opt/hostedtoolcache/Python/3.14.8/x64/lib/pkgconfig
2026-10-08T17:27:54.4555922Z   Python_ROOT_DIR: /opt/hostedtoolcache/Python/3.14.8/x64
2026-10-08T17:27:54.4556194Z   Python2_ROOT_DIR: /opt/hostedtoolcache/Python/3.14.8/x64
2026-10-08T17:27:54.4556615Z   Python3_ROOT_DIR: /opt/hostedtoolcache/Python/3.14.8/x64
2026-10-08T17:27:54.4556900Z   LD_LIBRARY_PATH: /opt/hostedtoolcache/Python/3.14.8/x64/lib
2026-10-08T17:27:54.4557152Z   MONGOECO_HYPOTHESIS_PROFILE: deep
2026-10-08T17:27:54.4557358Z ##[endgroup]
2026-10-08T17:28:27.1534575Z .........                                                                [100%]
2026-10-08T17:28:27.1534990Z 9 passed in 32.41s
2026-10-08T17:28:27.2651157Z ##[group]Run python scripts/update_compat_snapshots.py
2026-10-08T17:28:27.2651499Z [36;1mpython scripts/update_compat_snapshots.py[0m
2026-10-08T17:28:27.2683803Z shell: /usr/bin/bash -e {0}
2026-10-08T17:28:27.2684039Z env:
2026-10-08T17:28:27.2684213Z   MONGOECO_TEST_INSTALLED_ARTIFACT: 1
2026-10-08T17:28:27.2684465Z   pythonLocation: /opt/hostedtoolcache/Python/3.14.8/x64
2026-10-08T17:28:27.2684777Z   PKG_CONFIG_PATH: /opt/hostedtoolcache/Python/3.14.8/x64/lib/pkgconfig
2026-10-08T17:28:27.2685064Z   Python_ROOT_DIR: /opt/hostedtoolcache/Python/3.14.8/x64
2026-10-08T17:28:27.2685333Z   Python2_ROOT_DIR: /opt/hostedtoolcache/Python/3.14.8/x64
2026-10-08T17:28:27.2685596Z   Python3_ROOT_DIR: /opt/hostedtoolcache/Python/3.14.8/x64
2026-10-08T17:28:27.2685872Z   LD_LIBRARY_PATH: /opt/hostedtoolcache/Python/3.14.8/x64/lib
2026-10-08T17:28:27.2686095Z ##[endgroup]
2026-10-08T17:28:28.2323864Z ##[group]Run cmp dist/compat-catalog-current/compat_catalog_exchange_snapshot.json tests/snapshots/compat-current/compat_catalog_exchange_snapshot.json
2026-10-08T17:28:28.2324622Z [36;1mcmp dist/compat-catalog-current/compat_catalog_exchange_snapshot.json tests/snapshots/compat-current/compat_catalog_exchange_snapshot.json[0m
2026-10-08T17:28:28.2325279Z [36;1mcmp dist/compat-catalog-current/compat_catalog_exchange_snapshot.md tests/snapshots/compat-current/compat_catalog_exchange_snapshot.md[0m
2026-10-08T17:28:28.2325866Z [36;1mgit diff --exit-code -- tests/fixtures/compat_catalog_snapshot.json tests/fixtures/compat_catalog_snapshot.md[0m
2026-10-08T17:28:28.2359417Z shell: /usr/bin/bash -e {0}
2026-10-08T17:28:28.2359625Z env:
2026-10-08T17:28:28.2359789Z   MONGOECO_TEST_INSTALLED_ARTIFACT: 1
2026-10-08T17:28:28.2360041Z   pythonLocation: /opt/hostedtoolcache/Python/3.14.8/x64
2026-10-08T17:28:28.2360386Z   PKG_CONFIG_PATH: /opt/hostedtoolcache/Python/3.14.8/x64/lib/pkgconfig
2026-10-08T17:28:28.2360682Z   Python_ROOT_DIR: /opt/hostedtoolcache/Python/3.14.8/x64
2026-10-08T17:28:28.2360955Z   Python2_ROOT_DIR: /opt/hostedtoolcache/Python/3.14.8/x64
2026-10-08T17:28:28.2361243Z   Python3_ROOT_DIR: /opt/hostedtoolcache/Python/3.14.8/x64
2026-10-08T17:28:28.2361513Z   LD_LIBRARY_PATH: /opt/hostedtoolcache/Python/3.14.8/x64/lib
2026-10-08T17:28:28.2361756Z ##[endgroup]
2026-10-08T17:28:28.2463488Z ##[group]Run python -m benchmarks.run \
2026-10-08T17:28:28.2463750Z [36;1mpython -m benchmarks.run \[0m
2026-10-08T17:28:28.2463958Z [36;1m  --engine memory-sync \[0m
2026-10-08T17:28:28.2464159Z [36;1m  --size 250 \[0m
2026-10-08T17:28:28.2464334Z [36;1m  --warmup 0 \[0m
2026-10-08T17:28:28.2464499Z [36;1m  --repetitions 1 \[0m
2026-10-08T17:28:28.2464701Z [36;1m  --workload search_diagnostics \[0m
2026-10-08T17:28:28.2464928Z [36;1m  --workload vector_search_diagnostics \[0m
2026-10-08T17:28:28.2465194Z [36;1m  --format json >/tmp/mongoeco-bench-memory.json[0m
2026-10-08T17:28:28.2489693Z shell: /usr/bin/bash -e {0}
2026-10-08T17:28:28.2489901Z env:
2026-10-08T17:28:28.2490064Z   MONGOECO_TEST_INSTALLED_ARTIFACT: 1
2026-10-08T17:28:28.2490310Z   pythonLocation: /opt/hostedtoolcache/Python/3.14.8/x64
2026-10-08T17:28:28.2490761Z   PKG_CONFIG_PATH: /opt/hostedtoolcache/Python/3.14.8/x64/lib/pkgconfig
2026-10-08T17:28:28.2491090Z   Python_ROOT_DIR: /opt/hostedtoolcache/Python/3.14.8/x64
2026-10-08T17:28:28.2491360Z   Python2_ROOT_DIR: /opt/hostedtoolcache/Python/3.14.8/x64
2026-10-08T17:28:28.2491633Z   Python3_ROOT_DIR: /opt/hostedtoolcache/Python/3.14.8/x64
2026-10-08T17:28:28.2491898Z   LD_LIBRARY_PATH: /opt/hostedtoolcache/Python/3.14.8/x64/lib
2026-10-08T17:28:28.2492125Z ##[endgroup]
2026-10-08T17:28:28.6552591Z Running memory-sync...
2026-10-08T17:28:36.5193720Z ##[group]Run python -m benchmarks.run \
2026-10-08T17:28:36.5193995Z [36;1mpython -m benchmarks.run \[0m
2026-10-08T17:28:36.5194195Z [36;1m  --engine sqlite-sync \[0m
2026-10-08T17:28:36.5194394Z [36;1m  --size 250 \[0m
2026-10-08T17:28:36.5194557Z [36;1m  --warmup 0 \[0m
2026-10-08T17:28:36.5194725Z [36;1m  --repetitions 1 \[0m
2026-10-08T17:28:36.5194929Z [36;1m  --workload search_diagnostics \[0m
2026-10-08T17:28:36.5195166Z [36;1m  --workload vector_search_diagnostics \[0m
2026-10-08T17:28:36.5195426Z [36;1m  --format json >/tmp/mongoeco-bench-sqlite.json[0m
2026-10-08T17:28:36.5227819Z shell: /usr/bin/bash -e {0}
2026-10-08T17:28:36.5228039Z env:
2026-10-08T17:28:36.5228215Z   MONGOECO_TEST_INSTALLED_ARTIFACT: 1
2026-10-08T17:28:36.5228470Z   pythonLocation: /opt/hostedtoolcache/Python/3.14.8/x64
2026-10-08T17:28:36.5228775Z   PKG_CONFIG_PATH: /opt/hostedtoolcache/Python/3.14.8/x64/lib/pkgconfig
2026-10-08T17:28:36.5229216Z   Python_ROOT_DIR: /opt/hostedtoolcache/Python/3.14.8/x64
2026-10-08T17:28:36.5229502Z   Python2_ROOT_DIR: /opt/hostedtoolcache/Python/3.14.8/x64
2026-10-08T17:28:36.5229780Z   Python3_ROOT_DIR: /opt/hostedtoolcache/Python/3.14.8/x64
2026-10-08T17:28:36.5230053Z   LD_LIBRARY_PATH: /opt/hostedtoolcache/Python/3.14.8/x64/lib
2026-10-08T17:28:36.5230287Z ##[endgroup]
2026-10-08T17:28:36.9282925Z Running sqlite-sync...
2026-10-08T17:28:48.5369896Z ##[group]Run python scripts/smoke_installed_wheel.py
2026-10-08T17:28:48.5370239Z [36;1mpython scripts/smoke_installed_wheel.py[0m
2026-10-08T17:28:48.5404826Z shell: /usr/bin/bash -e {0}
2026-10-08T17:28:48.5405056Z env:
2026-10-08T17:28:48.5405230Z   MONGOECO_TEST_INSTALLED_ARTIFACT: 1
2026-10-08T17:28:48.5405488Z   pythonLocation: /opt/hostedtoolcache/Python/3.14.8/x64
2026-10-08T17:28:48.5405798Z   PKG_CONFIG_PATH: /opt/hostedtoolcache/Python/3.14.8/x64/lib/pkgconfig
2026-10-08T17:28:48.5406086Z   Python_ROOT_DIR: /opt/hostedtoolcache/Python/3.14.8/x64
2026-10-08T17:28:48.5406358Z   Python2_ROOT_DIR: /opt/hostedtoolcache/Python/3.14.8/x64
2026-10-08T17:28:48.5406744Z   Python3_ROOT_DIR: /opt/hostedtoolcache/Python/3.14.8/x64
2026-10-08T17:28:48.5407018Z   LD_LIBRARY_PATH: /opt/hostedtoolcache/Python/3.14.8/x64/lib
2026-10-08T17:28:48.5407265Z ##[endgroup]
2026-10-08T17:28:50.9951785Z Requirement already satisfied: pip in /tmp/mongoeco-wheel-smoke-xm7zg02f/lib/python3.14/site-packages (26.2.1)
2026-10-08T17:28:51.2770193Z Processing ./dist/mongoeco-4.9.0-py3-none-any.whl (from mongoeco==4.9.0)
2026-10-08T17:28:51.2856373Z Collecting cxp<6,>=5.0.0 (from cxp[exchange]<6,>=5.0.0->mongoeco==4.9.0->mongoeco==4.9.0)
2026-10-08T17:28:51.2864903Z   Using cached cxp-5.0.0-py3-none-any.whl.metadata (4.2 kB)
2026-10-08T17:28:51.3152151Z Collecting msgspec<1,>=0.20 (from mongoeco==4.9.0->mongoeco==4.9.0)
2026-10-08T17:28:51.3900685Z   Downloading msgspec-0.22.0-cp314-cp314-manylinux2014_x86_64.manylinux_2_17_x86_64.manylinux_2_28_x86_64.whl.metadata (6.0 kB)
2026-10-08T17:28:51.3951376Z Collecting pyuca<2,>=1.2 (from mongoeco==4.9.0->mongoeco==4.9.0)
2026-10-08T17:28:51.3958602Z   Using cached pyuca-1.2-py2.py3-none-any.whl.metadata (649 bytes)
2026-10-08T17:28:51.5214812Z Collecting rpds-py<2027,>=0.27 (from mongoeco==4.9.0->mongoeco==4.9.0)
2026-10-08T17:28:51.5339160Z   Downloading rpds_py-2026.9.1-cp314-cp314-manylinux_2_17_x86_64.manylinux2014_x86_64.whl.metadata (4.1 kB)
2026-10-08T17:28:51.5724888Z Collecting shapely<3,>=2.1 (from mongoeco==4.9.0->mongoeco==4.9.0)
2026-10-08T17:28:51.5856019Z   Downloading shapely-2.2.0-cp314-cp314-manylinux_2_24_x86_64.manylinux_2_28_x86_64.whl.metadata (6.7 kB)
2026-10-08T17:28:51.7343658Z Collecting usearch<3,>=2.23 (from mongoeco==4.9.0->mongoeco==4.9.0)
2026-10-08T17:28:51.7470835Z   Downloading usearch-2.26.4-cp314-cp314-manylinux_2_26_x86_64.manylinux_2_28_x86_64.whl.metadata (35 kB)
2026-10-08T17:28:51.7674304Z Collecting jsonschema<5,>=4.26 (from mongoeco==4.9.0->mongoeco==4.9.0)
2026-10-08T17:28:51.7682258Z   Using cached jsonschema-4.26.0-py3-none-any.whl.metadata (7.6 kB)
2026-10-08T17:28:51.7793548Z Collecting pytest<10,>=8 (from mongoeco==4.9.0->mongoeco==4.9.0)
2026-10-08T17:28:51.7801509Z   Using cached pytest-9.1.1-py3-none-any.whl.metadata (7.6 kB)
2026-10-08T17:28:51.7886384Z Collecting referencing<1,>=0.35 (from cxp[exchange]<6,>=5.0.0->mongoeco==4.9.0->mongoeco==4.9.0)
2026-10-08T17:28:51.7893939Z   Using cached referencing-0.37.0-py3-none-any.whl.metadata (2.8 kB)
2026-10-08T17:28:51.7920029Z Collecting rfc8785<1,>=0.1.4 (from cxp[exchange]<6,>=5.0.0->mongoeco==4.9.0->mongoeco==4.9.0)
2026-10-08T17:28:51.7927551Z   Using cached rfc8785-0.1.4-py3-none-any.whl.metadata (3.4 kB)
2026-10-08T17:28:51.7972493Z Collecting attrs>=22.2.0 (from jsonschema<5,>=4.26->mongoeco==4.9.0->mongoeco==4.9.0)
2026-10-08T17:28:51.7980241Z   Using cached attrs-26.1.0-py3-none-any.whl.metadata (8.8 kB)
2026-10-08T17:28:51.8014954Z Collecting jsonschema-specifications>=2023.03.6 (from jsonschema<5,>=4.26->mongoeco==4.9.0->mongoeco==4.9.0)
2026-10-08T17:28:51.8022704Z   Using cached jsonschema_specifications-2025.9.1-py3-none-any.whl.metadata (2.9 kB)
2026-10-08T17:28:51.8064898Z Collecting iniconfig>=1.0.1 (from pytest<10,>=8->mongoeco==4.9.0->mongoeco==4.9.0)
2026-10-08T17:28:51.8191314Z   Downloading iniconfig-2.3.1-py3-none-any.whl.metadata (2.8 kB)
2026-10-08T17:28:51.8255695Z Collecting packaging>=22 (from pytest<10,>=8->mongoeco==4.9.0->mongoeco==4.9.0)
2026-10-08T17:28:51.8263571Z   Using cached packaging-26.3-py3-none-any.whl.metadata (3.5 kB)
2026-10-08T17:28:51.8294698Z Collecting pluggy<2,>=1.5 (from pytest<10,>=8->mongoeco==4.9.0->mongoeco==4.9.0)
2026-10-08T17:28:51.8302302Z   Using cached pluggy-1.6.0-py3-none-any.whl.metadata (4.8 kB)
2026-10-08T17:28:51.8362563Z Collecting pygments>=2.7.2 (from pytest<10,>=8->mongoeco==4.9.0->mongoeco==4.9.0)
2026-10-08T17:28:51.8489754Z   Downloading pygments-2.21.0-py3-none-any.whl.metadata (2.5 kB)
2026-10-08T17:28:51.9449091Z Collecting numpy>=1.26 (from shapely<3,>=2.1->mongoeco==4.9.0->mongoeco==4.9.0)
2026-10-08T17:28:51.9574280Z   Downloading numpy-2.5.3-cp314-cp314-manylinux_2_27_x86_64.manylinux_2_28_x86_64.whl.metadata (6.6 kB)
2026-10-08T17:28:51.9710715Z Collecting tqdm (from usearch<3,>=2.23->mongoeco==4.9.0->mongoeco==4.9.0)
2026-10-08T17:28:51.9835207Z   Downloading tqdm-4.70.1-py3-none-any.whl.metadata (57 kB)
2026-10-08T17:28:52.0368715Z Collecting numkong (from usearch<3,>=2.23->mongoeco==4.9.0->mongoeco==4.9.0)
2026-10-08T17:28:52.0506612Z   Downloading numkong-7.8.5-cp314-cp314-manylinux_2_28_x86_64.whl.metadata (87 kB)
2026-10-08T17:28:52.0624702Z Using cached cxp-5.0.0-py3-none-any.whl (58 kB)
2026-10-08T17:28:52.0632233Z Using cached jsonschema-4.26.0-py3-none-any.whl (90 kB)
2026-10-08T17:28:52.0761770Z Downloading msgspec-0.22.0-cp314-cp314-manylinux2014_x86_64.manylinux_2_17_x86_64.manylinux_2_28_x86_64.whl (230 kB)
2026-10-08T17:28:52.0915157Z Using cached pytest-9.1.1-py3-none-any.whl (386 kB)
2026-10-08T17:28:52.0924284Z Using cached pluggy-1.6.0-py3-none-any.whl (20 kB)
2026-10-08T17:28:52.0931563Z Using cached pyuca-1.2-py2.py3-none-any.whl (1.5 MB)
2026-10-08T17:28:52.0943717Z Using cached referencing-0.37.0-py3-none-any.whl (26 kB)
2026-10-08T17:28:52.0950784Z Using cached rfc8785-0.1.4-py3-none-any.whl (9.2 kB)
2026-10-08T17:28:52.1075321Z Downloading rpds_py-2026.9.1-cp314-cp314-manylinux_2_17_x86_64.manylinux2014_x86_64.whl (371 kB)
2026-10-08T17:28:52.1369085Z Downloading shapely-2.2.0-cp314-cp314-manylinux_2_24_x86_64.manylinux_2_28_x86_64.whl (2.3 MB)
2026-10-08T17:28:52.1830471Z    ━━━━━━━━━━━━━━━━━━━━━━━━━━━━━━━━━━━━━━━━ 2.3/2.3 MB 47.9 MB/s  0:00:00
2026-10-08T17:28:52.1968162Z Downloading usearch-2.26.4-cp314-cp314-manylinux_2_26_x86_64.manylinux_2_28_x86_64.whl (2.4 MB)
2026-10-08T17:28:52.2228960Z    ━━━━━━━━━━━━━━━━━━━━━━━━━━━━━━━━━━━━━━━━ 2.4/2.4 MB 89.1 MB/s  0:00:00
2026-10-08T17:28:52.2236254Z Using cached attrs-26.1.0-py3-none-any.whl (67 kB)
2026-10-08T17:28:52.2360805Z Downloading iniconfig-2.3.1-py3-none-any.whl (7.6 kB)
2026-10-08T17:28:52.2384460Z Using cached jsonschema_specifications-2025.9.1-py3-none-any.whl (18 kB)
2026-10-08T17:28:52.2510298Z Downloading numpy-2.5.3-cp314-cp314-manylinux_2_27_x86_64.manylinux_2_28_x86_64.whl (16.7 MB)
2026-10-08T17:28:52.3783408Z    ━━━━━━━━━━━━━━━━━━━━━━━━━━━━━━━━━━━━━━━━ 16.7/16.7 MB 130.9 MB/s  0:00:00
2026-10-08T17:28:52.3791410Z Using cached packaging-26.3-py3-none-any.whl (129 kB)
2026-10-08T17:28:52.3919374Z Downloading pygments-2.21.0-py3-none-any.whl (1.3 MB)
2026-10-08T17:28:52.3969851Z    ━━━━━━━━━━━━━━━━━━━━━━━━━━━━━━━━━━━━━━━━ 1.3/1.3 MB 277.3 MB/s  0:00:00
2026-10-08T17:28:52.4101422Z Downloading numkong-7.8.5-cp314-cp314-manylinux_2_28_x86_64.whl (10.6 MB)
2026-10-08T17:28:52.5040611Z    ━━━━━━━━━━━━━━━━━━━━━━━━━━━━━━━━━━━━━━━━ 10.6/10.6 MB 111.9 MB/s  0:00:00
2026-10-08T17:28:52.5166308Z Downloading tqdm-4.70.1-py3-none-any.whl (80 kB)
2026-10-08T17:28:52.6084994Z Installing collected packages: pyuca, tqdm, rpds-py, rfc8785, pygments, pluggy, packaging, numpy, numkong, msgspec, iniconfig, attrs, usearch, shapely, referencing, pytest, cxp, jsonschema-specifications, jsonschema, mongoeco
2026-10-08T17:28:56.4353913Z 
2026-10-08T17:28:56.4371721Z Successfully installed attrs-26.1.0 cxp-5.0.0 iniconfig-2.3.1 jsonschema-4.26.0 jsonschema-specifications-2025.9.1 mongoeco-4.9.0 msgspec-0.22.0 numkong-7.8.5 numpy-2.5.3 packaging-26.3 pluggy-1.6.0 pygments-2.21.0 pytest-9.1.1 pyuca-1.2 referencing-0.37.0 rfc8785-0.1.4 rpds-py-2026.9.1 shapely-2.2.0 tqdm-4.70.1 usearch-2.26.4
2026-10-08T17:28:57.0722006Z version 4.9.0
2026-10-08T17:28:57.0722956Z module /tmp/mongoeco-wheel-smoke-xm7zg02f/lib/python3.14/site-packages/mongoeco/__init__.py
2026-10-08T17:28:57.0723863Z unicode_collation True
2026-10-08T17:28:57.0724348Z find_one {'_id': '1', 'kind': 'view', 'count': 1}
2026-10-08T17:28:57.0724942Z docs [{'_id': '1', 'kind': 'view', 'count': 1}]
2026-10-08T17:28:57.5130404Z PASS mongoeco.engines:MemoryEngine [spi-v2] passed=4, failed=0, error=0, not-applicable=0
2026-10-08T17:28:57.6398196Z ##[group]Run python scripts/smoke_installed_wheel.py --sdist
2026-10-08T17:28:57.6398545Z [36;1mpython scripts/smoke_installed_wheel.py --sdist[0m
2026-10-08T17:28:57.6431717Z shell: /usr/bin/bash -e {0}
2026-10-08T17:28:57.6431955Z env:
2026-10-08T17:28:57.6432124Z   MONGOECO_TEST_INSTALLED_ARTIFACT: 1
2026-10-08T17:28:57.6432386Z   pythonLocation: /opt/hostedtoolcache/Python/3.14.8/x64
2026-10-08T17:28:57.6432695Z   PKG_CONFIG_PATH: /opt/hostedtoolcache/Python/3.14.8/x64/lib/pkgconfig
2026-10-08T17:28:57.6433143Z   Python_ROOT_DIR: /opt/hostedtoolcache/Python/3.14.8/x64
2026-10-08T17:28:57.6433428Z   Python2_ROOT_DIR: /opt/hostedtoolcache/Python/3.14.8/x64
2026-10-08T17:28:57.6433695Z   Python3_ROOT_DIR: /opt/hostedtoolcache/Python/3.14.8/x64
2026-10-08T17:28:57.6433974Z   LD_LIBRARY_PATH: /opt/hostedtoolcache/Python/3.14.8/x64/lib
2026-10-08T17:28:57.6434204Z ##[endgroup]
2026-10-08T17:28:59.8035313Z Requirement already satisfied: pip in /tmp/mongoeco-sdist-smoke-jf1onmhg/lib/python3.14/site-packages (26.2.1)
2026-10-08T17:29:00.0906743Z Processing ./dist/mongoeco-4.9.0.tar.gz
2026-10-08T17:29:00.1307384Z   Installing build dependencies: started
2026-10-08T17:29:00.7455010Z   Installing build dependencies: finished with status 'done'
2026-10-08T17:29:00.7459559Z   Getting requirements to build wheel: started
2026-10-08T17:29:01.1533799Z   Getting requirements to build wheel: finished with status 'done'
2026-10-08T17:29:01.1540987Z   Preparing metadata (pyproject.toml): started
2026-10-08T17:29:01.2988924Z   Preparing metadata (pyproject.toml): finished with status 'done'
2026-10-08T17:29:01.3070444Z Collecting cxp<6,>=5.0.0 (from cxp[exchange]<6,>=5.0.0->mongoeco==4.9.0)
2026-10-08T17:29:01.3079832Z   Using cached cxp-5.0.0-py3-none-any.whl.metadata (4.2 kB)
2026-10-08T17:29:01.3377301Z Collecting msgspec<1,>=0.20 (from mongoeco==4.9.0)
2026-10-08T17:29:01.3387098Z   Using cached msgspec-0.22.0-cp314-cp314-manylinux2014_x86_64.manylinux_2_17_x86_64.manylinux_2_28_x86_64.whl.metadata (6.0 kB)
2026-10-08T17:29:01.3412605Z Collecting pyuca<2,>=1.2 (from mongoeco==4.9.0)
2026-10-08T17:29:01.3420638Z   Using cached pyuca-1.2-py2.py3-none-any.whl.metadata (649 bytes)
2026-10-08T17:29:01.4673400Z Collecting rpds-py<2027,>=0.27 (from mongoeco==4.9.0)
2026-10-08T17:29:01.4682384Z   Using cached rpds_py-2026.9.1-cp314-cp314-manylinux_2_17_x86_64.manylinux2014_x86_64.whl.metadata (4.1 kB)
2026-10-08T17:29:01.5047160Z Collecting shapely<3,>=2.1 (from mongoeco==4.9.0)
2026-10-08T17:29:01.5053942Z   Using cached shapely-2.2.0-cp314-cp314-manylinux_2_24_x86_64.manylinux_2_28_x86_64.whl.metadata (6.7 kB)
2026-10-08T17:29:01.6516130Z Collecting usearch<3,>=2.23 (from mongoeco==4.9.0)
2026-10-08T17:29:01.6525593Z   Using cached usearch-2.26.4-cp314-cp314-manylinux_2_26_x86_64.manylinux_2_28_x86_64.whl.metadata (35 kB)
2026-10-08T17:29:01.6612514Z Collecting jsonschema<5,>=4.26 (from mongoeco==4.9.0)
2026-10-08T17:29:01.6620912Z   Using cached jsonschema-4.26.0-py3-none-any.whl.metadata (7.6 kB)
2026-10-08T17:29:01.6731085Z Collecting pytest<10,>=8 (from mongoeco==4.9.0)
2026-10-08T17:29:01.6738042Z   Using cached pytest-9.1.1-py3-none-any.whl.metadata (7.6 kB)
2026-10-08T17:29:01.6821843Z Collecting referencing<1,>=0.35 (from cxp[exchange]<6,>=5.0.0->mongoeco==4.9.0)
2026-10-08T17:29:01.6829188Z   Using cached referencing-0.37.0-py3-none-any.whl.metadata (2.8 kB)
2026-10-08T17:29:01.6855023Z Collecting rfc8785<1,>=0.1.4 (from cxp[exchange]<6,>=5.0.0->mongoeco==4.9.0)
2026-10-08T17:29:01.6862540Z   Using cached rfc8785-0.1.4-py3-none-any.whl.metadata (3.4 kB)
2026-10-08T17:29:01.6907167Z Collecting attrs>=22.2.0 (from jsonschema<5,>=4.26->mongoeco==4.9.0)
2026-10-08T17:29:01.6914971Z   Using cached attrs-26.1.0-py3-none-any.whl.metadata (8.8 kB)
2026-10-08T17:29:01.6953728Z Collecting jsonschema-specifications>=2023.03.6 (from jsonschema<5,>=4.26->mongoeco==4.9.0)
2026-10-08T17:29:01.6959854Z   Using cached jsonschema_specifications-2025.9.1-py3-none-any.whl.metadata (2.9 kB)
2026-10-08T17:29:01.7001643Z Collecting iniconfig>=1.0.1 (from pytest<10,>=8->mongoeco==4.9.0)
2026-10-08T17:29:01.7009000Z   Using cached iniconfig-2.3.1-py3-none-any.whl.metadata (2.8 kB)
2026-10-08T17:29:01.7053953Z Collecting packaging>=22 (from pytest<10,>=8->mongoeco==4.9.0)
2026-10-08T17:29:01.7061671Z   Using cached packaging-26.3-py3-none-any.whl.metadata (3.5 kB)
2026-10-08T17:29:01.7092472Z Collecting pluggy<2,>=1.5 (from pytest<10,>=8->mongoeco==4.9.0)
2026-10-08T17:29:01.7100063Z   Using cached pluggy-1.6.0-py3-none-any.whl.metadata (4.8 kB)
2026-10-08T17:29:01.7159668Z Collecting pygments>=2.7.2 (from pytest<10,>=8->mongoeco==4.9.0)
2026-10-08T17:29:01.7167199Z   Using cached pygments-2.21.0-py3-none-any.whl.metadata (2.5 kB)
2026-10-08T17:29:01.8101332Z Collecting numpy>=1.26 (from shapely<3,>=2.1->mongoeco==4.9.0)
2026-10-08T17:29:01.8110114Z   Using cached numpy-2.5.3-cp314-cp314-manylinux_2_27_x86_64.manylinux_2_28_x86_64.whl.metadata (6.6 kB)
2026-10-08T17:29:01.8229021Z Collecting tqdm (from usearch<3,>=2.23->mongoeco==4.9.0)
2026-10-08T17:29:01.8236745Z   Using cached tqdm-4.70.1-py3-none-any.whl.metadata (57 kB)
2026-10-08T17:29:01.8713318Z Collecting numkong (from usearch<3,>=2.23->mongoeco==4.9.0)
2026-10-08T17:29:01.8721373Z   Using cached numkong-7.8.5-cp314-cp314-manylinux_2_28_x86_64.whl.metadata (87 kB)
2026-10-08T17:29:01.8783760Z Using cached cxp-5.0.0-py3-none-any.whl (58 kB)
2026-10-08T17:29:01.8791554Z Using cached jsonschema-4.26.0-py3-none-any.whl (90 kB)
2026-10-08T17:29:01.8799696Z Using cached msgspec-0.22.0-cp314-cp314-manylinux2014_x86_64.manylinux_2_17_x86_64.manylinux_2_28_x86_64.whl (230 kB)
2026-10-08T17:29:01.8807917Z Using cached pytest-9.1.1-py3-none-any.whl (386 kB)
2026-10-08T17:29:01.8816311Z Using cached pluggy-1.6.0-py3-none-any.whl (20 kB)
2026-10-08T17:29:01.8823685Z Using cached pyuca-1.2-py2.py3-none-any.whl (1.5 MB)
2026-10-08T17:29:01.8835280Z Using cached referencing-0.37.0-py3-none-any.whl (26 kB)
2026-10-08T17:29:01.8842169Z Using cached rfc8785-0.1.4-py3-none-any.whl (9.2 kB)
2026-10-08T17:29:01.8849313Z Using cached rpds_py-2026.9.1-cp314-cp314-manylinux_2_17_x86_64.manylinux2014_x86_64.whl (371 kB)
2026-10-08T17:29:01.8858182Z Using cached shapely-2.2.0-cp314-cp314-manylinux_2_24_x86_64.manylinux_2_28_x86_64.whl (2.3 MB)
2026-10-08T17:29:01.8872922Z Using cached usearch-2.26.4-cp314-cp314-manylinux_2_26_x86_64.manylinux_2_28_x86_64.whl (2.4 MB)
2026-10-08T17:29:01.8888065Z Using cached attrs-26.1.0-py3-none-any.whl (67 kB)
2026-10-08T17:29:01.8895210Z Using cached iniconfig-2.3.1-py3-none-any.whl (7.6 kB)
2026-10-08T17:29:01.8902298Z Using cached jsonschema_specifications-2025.9.1-py3-none-any.whl (18 kB)
2026-10-08T17:29:01.8909602Z Using cached numpy-2.5.3-cp314-cp314-manylinux_2_27_x86_64.manylinux_2_28_x86_64.whl (16.7 MB)
2026-10-08T17:29:01.8970740Z Using cached packaging-26.3-py3-none-any.whl (129 kB)
2026-10-08T17:29:01.8978468Z Using cached pygments-2.21.0-py3-none-any.whl (1.3 MB)
2026-10-08T17:29:01.8990161Z Using cached numkong-7.8.5-cp314-cp314-manylinux_2_28_x86_64.whl (10.6 MB)
2026-10-08T17:29:01.9031456Z Using cached tqdm-4.70.1-py3-none-any.whl (80 kB)
2026-10-08T17:29:01.9585404Z Building wheels for collected packages: mongoeco
2026-10-08T17:29:01.9590299Z   Building wheel for mongoeco (pyproject.toml): started
2026-10-08T17:29:02.2366027Z   Building wheel for mongoeco (pyproject.toml): finished with status 'done'
2026-10-08T17:29:02.2375289Z   Created wheel for mongoeco: filename=mongoeco-4.9.0-py3-none-any.whl size=758515 sha256=9f416723890beb157c1220f86498082ae0998a37c39781ffb8f419b54bd905f1
2026-10-08T17:29:02.2376184Z   Stored in directory: /home/runner/.cache/pip/wheels/bd/1e/32/43e19f18905032023e628c38ca0806761b6035dcc38ed59fe6
2026-10-08T17:29:02.2402601Z Successfully built mongoeco
2026-10-08T17:29:02.2737688Z Installing collected packages: pyuca, tqdm, rpds-py, rfc8785, pygments, pluggy, packaging, numpy, numkong, msgspec, iniconfig, attrs, usearch, shapely, referencing, pytest, cxp, jsonschema-specifications, jsonschema, mongoeco
2026-10-08T17:29:05.9179628Z 
2026-10-08T17:29:05.9197745Z Successfully installed attrs-26.1.0 cxp-5.0.0 iniconfig-2.3.1 jsonschema-4.26.0 jsonschema-specifications-2025.9.1 mongoeco-4.9.0 msgspec-0.22.0 numkong-7.8.5 numpy-2.5.3 packaging-26.3 pluggy-1.6.0 pygments-2.21.0 pytest-9.1.1 pyuca-1.2 referencing-0.37.0 rfc8785-0.1.4 rpds-py-2026.9.1 shapely-2.2.0 tqdm-4.70.1 usearch-2.26.4
2026-10-08T17:29:06.5875280Z version 4.9.0
2026-10-08T17:29:06.5876193Z module /tmp/mongoeco-sdist-smoke-jf1onmhg/lib/python3.14/site-packages/mongoeco/__init__.py
2026-10-08T17:29:06.5878030Z unicode_collation True
2026-10-08T17:29:06.5878515Z find_one {'_id': '1', 'kind': 'view', 'count': 1}
2026-10-08T17:29:06.5879115Z docs [{'_id': '1', 'kind': 'view', 'count': 1}]
2026-10-08T17:29:07.0337068Z PASS mongoeco.engines:MemoryEngine [spi-v2] passed=4, failed=0, error=0, not-applicable=0
2026-10-08T17:29:07.1658990Z Post job cleanup.
2026-10-08T17:29:07.2793103Z Post job cleanup.
2026-10-08T17:29:07.3470694Z [command]/usr/bin/git version
2026-10-08T17:29:07.3502588Z git version 2.55.0
2026-10-08T17:29:07.3534062Z Temporarily overriding HOME='/home/runner/work/_temp/a5b03544-8028-4610-b20f-1895cf64b58d' before making global git config changes
2026-10-08T17:29:07.3535164Z Adding repository directory to the temporary git global config as a safe directory
2026-10-08T17:29:07.3538712Z [command]/usr/bin/git config --global --add safe.directory /home/runner/work/mongoeco/mongoeco
2026-10-08T17:29:07.3568664Z [command]/usr/bin/git config --local --name-only --get-regexp core\.sshCommand
2026-10-08T17:29:07.3594806Z [command]/usr/bin/git submodule foreach --recursive sh -c "git config --local --name-only --get-regexp 'core\.sshCommand' && git config --local --unset-all 'core.sshCommand' || :"
2026-10-08T17:29:07.3764759Z [command]/usr/bin/git config --local --name-only --get-regexp http\.https\:\/\/github\.com\/\.extraheader
2026-10-08T17:29:07.3785010Z http.https://github.com/.extraheader
2026-10-08T17:29:07.3792481Z [command]/usr/bin/git config --local --unset-all http.https://github.com/.extraheader
2026-10-08T17:29:07.3825970Z [command]/usr/bin/git submodule foreach --recursive sh -c "git config --local --name-only --get-regexp 'http\.https\:\/\/github\.com\/\.extraheader' && git config --local --unset-all 'http.https://github.com/.extraheader' || :"
2026-10-08T17:29:07.3998090Z [command]/usr/bin/git config --local --name-only --get-regexp ^includeIf\.gitdir:
2026-10-08T17:29:07.4032730Z [command]/usr/bin/git submodule foreach --recursive git config --local --show-origin --name-only --get-regexp remote.origin.url
2026-10-08T17:29:07.4344814Z Cleaning up orphan processes
2026-10-08T17:29:07.4535704Z ##[warning]Node.js 20 is deprecated. The following actions target Node.js 20 but are being forced to run on Node.js 24: actions/download-artifact@634f93cb2916e3fdff6788551b99b062d0335ce0. For more information see: https://github.blog/changelog/2025-09-19-deprecation-of-node-20-on-github-actions-runners/
